{"type":"FeatureCollection","features":[{"type":"Feature","properties":{"name":"NH707A","ref":"NH707A","highway":"trunk"},"geometry":{"type":"LineString","coordinates":[[78.64176,30.34237],[78.64067,30.34144],[78.64016,30.34141],[78.63966,30.34062],[78.64079,30.33881],[78.64286,30.33831],[78.64237,30.33703],[78.64319,30.33664],[78.64338,30.33562],[78.64318,30.33559],[78.64297,30.33654],[78.6417,30.3364],[78.64155,30.33657],[78.64187,30.33733],[78.64177,30.33771],[78.64044,30.338],[78.63938,30.33922],[78.6394,30.33899],[78.6402,30.33786],[78.64128,30.33728],[78.6407,30.33612],[78.64106,30.33576],[78.64194,30.33556],[78.64197,30.33475],[78.64229,30.33439],[78.64242,30.33368],[78.64497,30.33296],[78.64564,30.33312],[78.64608,30.3323],[78.6477,30.33169],[78.64802,30.33106],[78.64924,30.33192],[78.64898,30.33105],[78.64918,30.33005],[78.64974,30.32947],[78.65145,30.3285],[78.65225,30.32766],[78.65292,30.32757],[78.65292,30.32692],[78.65372,30.32624],[78.65368,30.32549],[78.65478,30.32506],[78.65505,30.3238],[78.65562,30.32397],[78.65568,30.32305],[78.65656,30.32133],[78.65656,30.32058],[78.65782,30.31938],[78.65854,30.31918],[78.6599,30.31809],[78.66032,30.31728],[78.66208,30.31609],[78.6623,30.31567],[78.66299,30.31542],[78.66332,30.31488],[78.66395,30.31459],[78.66428,30.31392],[78.66533,30.31319],[78.66551,30.31267],[78.66596,30.3123],[78.66597,30.31183],[78.66642,30.31139],[78.66673,30.31023],[78.66891,30.30863],[78.66932,30.30868],[78.66959,30.30836],[78.67057,30.30813],[78.67071,30.30765],[78.6711,30.30755],[78.67213,30.30788],[78.67209,30.30719],[78.67268,30.30676],[78.67345,30.30686],[78.67344,30.30631],[78.67378,30.30589],[78.67591,30.30507],[78.67707,30.30507],[78.67671,30.30448],[78.67723,30.30329],[78.67858,30.30295],[78.67883,30.30202],[78.67986,30.30213],[78.68012,30.30152],[78.6814,30.301]]}},{"type":"Feature","properties":{"name":"NH707A","ref":"NH707A","highway":"trunk"},"geometry":{"type":"LineString","coordinates":[[78.58698,30.37128],[78.58824,30.37004],[78.58844,30.36913],[78.58876,30.36874],[78.59,30.36887],[78.5901,30.3687],[78.5892,30.36834],[78.58811,30.36834],[78.58748,30.36982],[78.58711,30.37001],[78.58619,30.36905],[78.58552,30.36883],[78.58378,30.36934],[78.58278,30.36886],[78.58395,30.36917],[78.58425,30.36881],[78.58597,30.36843],[78.58688,30.36886],[78.58751,30.36796],[78.58831,30.36735],[78.59278,30.36536],[78.5958,30.36464],[78.59783,30.36287],[78.59921,30.36313],[78.6008,30.36265],[78.60268,30.36274],[78.60453,30.36076],[78.60539,30.36049],[78.60634,30.36124],[78.60685,30.36133],[78.6076,30.36121],[78.60937,30.36148],[78.61048,30.36194],[78.61167,30.3617],[78.61236,30.36191],[78.613,30.36157],[78.61378,30.36198],[78.61403,30.36173],[78.61404,30.36127],[78.61482,30.36113],[78.61488,30.36045],[78.61717,30.35905],[78.61832,30.35772],[78.61937,30.35803],[78.62,30.35757]]}},{"type":"Feature","properties":{"name":"NH707A","ref":"NH707A","highway":"trunk"},"geometry":{"type":"LineString","coordinates":[[78.55383,30.35893],[78.55312,30.35982],[78.55316,30.36074],[78.55581,30.36403],[78.55619,30.36513],[78.556,30.36582],[78.55519,30.36691],[78.55591,30.36775],[78.55595,30.36884],[78.55741,30.36945],[78.55808,30.37056],[78.55847,30.37073],[78.55946,30.37031],[78.5603,30.37052],[78.56396,30.36997],[78.56654,30.37078],[78.5674,30.37218],[78.56848,30.37204],[78.56877,30.37106],[78.57433,30.36692],[78.57475,30.36607],[78.57514,30.36619],[78.5745,30.36745],[78.57409,30.37026],[78.5747,30.3702],[78.5781,30.37114],[78.57871,30.37076],[78.58004,30.37091],[78.58087,30.37152],[78.58178,30.37078],[78.58231,30.37073],[78.58308,30.37161],[78.58361,30.37172],[78.58481,30.37034],[78.58564,30.37037],[78.58596,30.37098],[78.58674,30.3714],[78.58698,30.37128]]}},{"type":"Feature","properties":{"name":"NH707A","ref":"NH707A","highway":"trunk"},"geometry":{"type":"LineString","coordinates":[[78.52103,30.37823],[78.52258,30.37805],[78.52311,30.37775],[78.52333,30.37527],[78.52369,30.37462],[78.52441,30.37394],[78.52605,30.37337],[78.52663,30.37248],[78.52743,30.37182],[78.52966,30.37174],[78.5305,30.37193],[78.5309,30.37178],[78.53132,30.37092],[78.53168,30.37069],[78.53246,30.37075],[78.53301,30.37038],[78.53542,30.37075],[78.53546,30.37031],[78.53506,30.36971],[78.53549,30.36941],[78.53568,30.36881],[78.53507,30.36792],[78.53532,30.36696],[78.53573,30.36642],[78.53539,30.36512],[78.53667,30.36617],[78.53738,30.3671],[78.5384,30.36755],[78.53868,30.36686],[78.53836,30.36601],[78.53903,30.36584],[78.53967,30.36615],[78.54056,30.36578],[78.5419,30.36459],[78.54272,30.36337],[78.54297,30.36212],[78.54507,30.36217],[78.54574,30.36287],[78.55001,30.36325],[78.55076,30.36361],[78.55092,30.36255],[78.55146,30.36213],[78.55118,30.36139],[78.55183,30.36051],[78.55174,30.35961],[78.55209,30.35926],[78.55288,30.35919],[78.55328,30.35876],[78.55383,30.35893]]}},{"type":"Feature","properties":{"name":"NH707A","ref":"NH707A","highway":"trunk"},"geometry":{"type":"LineString","coordinates":[[78.48421,30.38039],[78.48685,30.38],[78.48983,30.37881],[78.4906,30.37897],[78.48948,30.37868],[78.4866,30.37939],[78.48742,30.37894],[78.4897,30.37832],[78.49436,30.37932],[78.49548,30.37926],[78.4957,30.37915],[78.49567,30.37809],[78.49711,30.37806],[78.49711,30.37883],[78.4977,30.37918],[78.49909,30.37903],[78.50334,30.37977],[78.50383,30.3796],[78.50425,30.37907],[78.50459,30.37759],[78.5054,30.37772],[78.5064,30.37748],[78.50648,30.37662],[78.50612,30.37568],[78.50648,30.37501],[78.50665,30.37329],[78.50685,30.3732],[78.50774,30.37376],[78.50809,30.37472],[78.50898,30.37521],[78.51009,30.37514],[78.51026,30.37451],[78.51147,30.37419],[78.51268,30.37525],[78.51373,30.37574],[78.51475,30.37589],[78.51479,30.37633],[78.51584,30.37641],[78.51575,30.37723],[78.51623,30.37772],[78.51847,30.37841],[78.52103,30.37823]]}},{"type":"Feature","properties":{"name":"NH707A","ref":"NH707A","highway":"trunk"},"geometry":{"type":"LineString","coordinates":[[78.48484,30.35285],[78.48533,30.35257]]}},{"type":"Feature","properties":{"name":"NH707A","ref":"NH707A","highway":"trunk"},"geometry":{"type":"LineString","coordinates":[[78.46839,30.3749],[78.47107,30.37534],[78.47203,30.37492],[78.4718,30.37398],[78.47208,30.37324],[78.47277,30.37282],[78.47413,30.37292],[78.47501,30.37226],[78.47433,30.37175],[78.47432,30.37148],[78.47496,30.37046],[78.47435,30.36997],[78.47464,30.36905],[78.47508,30.36874],[78.47488,30.36789],[78.47541,30.36801],[78.47645,30.36775],[78.47762,30.36706],[78.48008,30.36639],[78.48085,30.36589],[78.48006,30.36434],[78.48064,30.36347],[78.48059,30.36308],[78.48224,30.36189],[78.483,30.36101],[78.48184,30.36025],[78.48166,30.35909],[78.48044,30.35791],[78.48158,30.35642],[78.4838,30.35628],[78.48582,30.35543],[78.48589,30.35506],[78.48556,30.35487],[78.48578,30.35443],[78.48526,30.35338],[78.48466,30.35298],[78.48484,30.35285]]}},{"type":"Feature","properties":{"name":"NH707A","ref":"NH707A","highway":"trunk"},"geometry":{"type":"LineString","coordinates":[[78.38708,30.36418],[78.38617,30.3623],[78.38641,30.36147],[78.38718,30.361],[78.38779,30.35993],[78.38773,30.35965],[78.38722,30.35947],[78.38737,30.35817],[78.3869,30.35793],[78.38697,30.35708],[78.38645,30.35577],[78.38664,30.35474],[78.38722,30.35397],[78.38818,30.35367],[78.38999,30.35124],[78.39053,30.35088],[78.39114,30.3495],[78.39146,30.34787],[78.39346,30.34619],[78.39502,30.34572]]}},{"type":"Feature","properties":{"name":"NH707A","ref":"NH707A","highway":"trunk"},"geometry":{"type":"LineString","coordinates":[[78.36478,30.37978],[78.36659,30.37948],[78.36834,30.37851],[78.36925,30.37852],[78.37107,30.37694],[78.37165,30.37536],[78.3716,30.37434],[78.37269,30.37407],[78.3734,30.3735],[78.37344,30.37181],[78.37327,30.37097],[78.37282,30.37038],[78.37071,30.36914],[78.36862,30.36857],[78.36809,30.36817],[78.36819,30.36755],[78.36905,30.36743],[78.37088,30.36659],[78.37184,30.36646],[78.37487,30.36793],[78.3752,30.36727],[78.37578,30.36703],[78.37629,30.36717],[78.37668,30.36656],[78.37848,30.36608],[78.37879,30.36552],[78.37979,30.36512],[78.38091,30.36383],[78.38149,30.36361],[78.38363,30.3638],[78.38426,30.36312],[78.38542,30.36363],[78.38599,30.36421],[78.38671,30.3644],[78.38708,30.36418]]}},{"type":"Feature","properties":{"name":"NH707A","ref":"NH707A","highway":"trunk"},"geometry":{"type":"LineString","coordinates":[[78.34169,30.41794],[78.34241,30.41619],[78.34216,30.41568],[78.34201,30.41368],[78.34347,30.41156],[78.34526,30.41001],[78.34553,30.40952],[78.34543,30.40918],[78.34654,30.40799],[78.34688,30.40784],[78.34804,30.40812],[78.34844,30.40709],[78.3492,30.40628],[78.35127,30.40517],[78.35135,30.40437],[78.35223,30.40339],[78.3526,30.40111],[78.35404,30.39889],[78.35471,30.39876],[78.35503,30.39923],[78.35502,30.39979],[78.35539,30.39991],[78.35614,30.39946],[78.35747,30.40034],[78.35772,30.39932],[78.3582,30.39934],[78.35914,30.40036],[78.36003,30.40063],[78.36186,30.40046],[78.36225,30.39924],[78.36283,30.39898],[78.36367,30.39907],[78.36412,30.39873],[78.36419,30.39713],[78.36458,30.39621],[78.36551,30.39563],[78.36711,30.39345],[78.36708,30.3917],[78.36781,30.38943],[78.36764,30.38892],[78.36698,30.38844],[78.36691,30.38695],[78.36577,30.38544],[78.36568,30.38477],[78.36644,30.38295],[78.36632,30.38217],[78.36459,30.38007],[78.36478,30.37978]]}},{"type":"Feature","properties":{"name":"NH707A","ref":"NH707A","highway":"trunk"},"geometry":{"type":"LineString","coordinates":[[78.29793,30.40713],[78.29804,30.40734],[78.29743,30.40756],[78.29639,30.40927],[78.29673,30.40982],[78.29674,30.41041],[78.29557,30.4114],[78.2965,30.41224],[78.29753,30.41231],[78.29827,30.41285],[78.29752,30.41358],[78.2979,30.41511],[78.2968,30.41523],[78.29731,30.4164],[78.29711,30.41691],[78.29793,30.41853],[78.29853,30.41876],[78.29897,30.41944],[78.30065,30.42027],[78.30143,30.42034],[78.30285,30.41996],[78.30352,30.4202],[78.30438,30.41999],[78.30485,30.42011],[78.30564,30.41978],[78.30692,30.42023],[78.30743,30.42009],[78.30794,30.42027],[78.30843,30.42015],[78.3093,30.4192],[78.30961,30.4198],[78.31096,30.42027],[78.31171,30.42028],[78.31429,30.41916],[78.31506,30.41846],[78.31622,30.41888],[78.3186,30.41891],[78.32043,30.41797],[78.32116,30.41731],[78.32122,30.41694],[78.32084,30.41661],[78.32057,30.41576],[78.32059,30.41528],[78.32091,30.41499],[78.32234,30.41515],[78.32223,30.41566],[78.32295,30.41602],[78.32321,30.41646],[78.32419,30.41653],[78.32416,30.41733],[78.32443,30.41786],[78.32511,30.41832],[78.32517,30.41879],[78.32597,30.41959],[78.32691,30.41953],[78.32825,30.41894],[78.33021,30.41948],[78.33168,30.41913],[78.33342,30.41928],[78.33421,30.41867],[78.33513,30.41848],[78.33607,30.41793],[78.33739,30.41835],[78.33791,30.41879],[78.33851,30.4186],[78.33961,30.41891],[78.34022,30.41786],[78.34139,30.41821],[78.34169,30.41794]]}},{"type":"Feature","properties":{"name":"NH707A","ref":"NH707A","highway":"trunk"},"geometry":{"type":"LineString","coordinates":[[78.25796,30.42008],[78.25817,30.41984],[78.25795,30.41923],[78.25849,30.41841],[78.25854,30.41718],[78.25907,30.41658],[78.25955,30.41534],[78.26062,30.41557],[78.26094,30.41615],[78.26153,30.41629],[78.26246,30.4154],[78.26373,30.41493],[78.26595,30.41494],[78.26713,30.41436],[78.26777,30.41437],[78.27035,30.41356],[78.27242,30.41429],[78.27291,30.41507],[78.27291,30.4161],[78.27338,30.41637],[78.27421,30.41568],[78.276,30.41541],[78.27665,30.41482],[78.27778,30.41444],[78.27815,30.41411],[78.27799,30.4131],[78.27833,30.41281],[78.27946,30.41357],[78.28088,30.41341],[78.28254,30.41426],[78.28346,30.41392],[78.2845,30.41026],[78.28526,30.40936],[78.28534,30.40865],[78.28752,30.40768],[78.28797,30.40579],[78.29,30.40589],[78.29068,30.40622],[78.29196,30.40602],[78.29221,30.40649],[78.29426,30.40653],[78.29497,30.4073],[78.29541,30.40737],[78.2961,30.40702],[78.29793,30.40713]]}},{"type":"Feature","properties":{"name":"NH707A","ref":"NH707A","highway":"trunk"},"geometry":{"type":"LineString","coordinates":[[78.48533,30.35257],[78.48571,30.35269],[78.48743,30.35464],[78.48733,30.35609],[78.48583,30.35733],[78.48309,30.35795],[78.4838,30.35895],[78.4849,30.36145],[78.48359,30.36354],[78.48384,30.3651],[78.48373,30.36645],[78.48331,30.36705],[78.48155,30.36843],[78.48243,30.36817],[78.48375,30.3673],[78.48232,30.36882],[78.48247,30.36891],[78.48358,30.36801],[78.48378,30.36813],[78.48134,30.36988],[78.47967,30.37182],[78.48013,30.37255],[78.48024,30.37353],[78.48142,30.37415],[78.48154,30.37506],[78.48254,30.37513],[78.48379,30.37573],[78.48334,30.37677],[78.48373,30.3771],[78.48396,30.37801],[78.48385,30.37982],[78.48421,30.38039]]}},{"type":"Feature","properties":{"name":"","ref":"","highway":"primary"},"geometry":{"type":"LineString","coordinates":[[78.30723,30.1204],[78.30624,30.1211],[78.30541,30.12117],[78.30369,30.12192],[78.30205,30.12149],[78.30144,30.12164],[78.30072,30.1226],[78.29733,30.12525],[78.29679,30.12534],[78.29654,30.12613],[78.2944,30.12823]]}},{"type":"Feature","properties":{"name":"Rishikesh Bypass","ref":"","highway":"secondary"},"geometry":{"type":"LineString","coordinates":[[78.2542,30.0738],[78.25563,30.07292],[78.26042,30.07192]]}},{"type":"Feature","properties":{"name":"Haridwar Main Road","ref":"","highway":"secondary"},"geometry":{"type":"LineString","coordinates":[[78.10093,29.91737],[78.1027,29.91815],[78.10354,29.91889]]}},{"type":"Feature","properties":{"name":"Haridwar Bypass Road","ref":"","highway":"secondary"},"geometry":{"type":"LineString","coordinates":[[78.16631,29.96039],[78.16673,29.96012],[78.16694,29.96022],[78.16704,29.9608],[78.16801,29.96053],[78.16837,29.9599],[78.169,29.96024],[78.1698,29.96022],[78.17022,29.96154],[78.1697,29.96265],[78.17,29.96295],[78.17076,29.96259],[78.17094,29.96401],[78.16963,29.96568],[78.16845,29.96652],[78.16719,29.96898],[78.16583,29.96943],[78.16503,29.96917],[78.16404,29.96947],[78.16506,29.96939],[78.16554,29.96983],[78.16638,29.96955],[78.16744,29.96974],[78.16862,29.97088],[78.16883,29.97192],[78.16933,29.97211],[78.16954,29.97162],[78.16945,29.97054],[78.16861,29.96984],[78.16872,29.96964],[78.16969,29.97035],[78.17007,29.97192]]}},{"type":"Feature","properties":{"name":"NH34","ref":"NH34","highway":"trunk"},"geometry":{"type":"LineString","coordinates":[[78.30031,30.17925],[78.30247,30.17952],[78.30336,30.17888],[78.30437,30.17896],[78.30467,30.17926],[78.30603,30.17951],[78.30635,30.18047],[78.30799,30.18041],[78.30902,30.18122],[78.3099,30.18122],[78.3108,30.18212],[78.31096,30.18302],[78.3116,30.18351],[78.3129,30.18366],[78.31263,30.18433],[78.31308,30.18512],[78.31362,30.18546],[78.31411,30.18534],[78.31476,30.18558],[78.31496,30.18623],[78.31568,30.1871],[78.31636,30.18635],[78.31731,30.18654],[78.31762,30.18583],[78.31853,30.18594],[78.31948,30.18661],[78.31932,30.18759],[78.31969,30.18793],[78.31965,30.18831],[78.32061,30.18882],[78.32028,30.18944],[78.31973,30.18982],[78.31932,30.19172]]}},{"type":"Feature","properties":{"name":"NH34","ref":"NH34","highway":"trunk"},"geometry":{"type":"LineString","coordinates":[[78.31729,30.19975],[78.31819,30.20019],[78.31881,30.1995],[78.31968,30.19914],[78.32019,30.19919],[78.32067,30.19941],[78.32071,30.20006],[78.32133,30.1999],[78.32259,30.20054],[78.32309,30.20042],[78.3238,30.20134],[78.32387,30.20215],[78.32532,30.20289],[78.32524,30.20335],[78.32584,30.20399],[78.32541,30.20461],[78.32552,30.2048],[78.32649,30.2047],[78.32646,30.20574],[78.3269,30.20639],[78.32662,30.2076],[78.3255,30.20886],[78.32535,30.20968],[78.32587,30.21051],[78.32698,30.2113],[78.32699,30.21281],[78.32752,30.21309],[78.32868,30.21481],[78.32945,30.21517],[78.33203,30.21562],[78.33251,30.21622],[78.33233,30.21659],[78.33165,30.21677],[78.33147,30.21707],[78.33266,30.21742],[78.33296,30.21799],[78.33343,30.21816],[78.33376,30.21864],[78.33357,30.21917],[78.33278,30.21979],[78.33168,30.22131],[78.33131,30.2225],[78.33151,30.22277],[78.33153,30.22382]]}},{"type":"Feature","properties":{"name":"NH34","ref":"NH34","highway":"trunk"},"geometry":{"type":"LineString","coordinates":[[78.36277,30.26589],[78.36459,30.26543],[78.36524,30.26495],[78.36559,30.26428],[78.36547,30.26322],[78.36582,30.26303],[78.36656,30.2629],[78.36796,30.26316],[78.36911,30.26383],[78.36854,30.26611],[78.3677,30.26711],[78.36689,30.26929],[78.36704,30.27202],[78.36678,30.27245],[78.36635,30.27485],[78.36583,30.27517],[78.36606,30.27627],[78.36735,30.2776],[78.36842,30.27954],[78.36811,30.28131]]}},{"type":"Feature","properties":{"name":"NH34","ref":"NH34","highway":"trunk"},"geometry":{"type":"LineString","coordinates":[[78.36356,30.33067],[78.36464,30.32982],[78.36651,30.3303],[78.3669,30.33062],[78.36791,30.3305],[78.36891,30.32994],[78.36912,30.32916],[78.36989,30.33016],[78.37063,30.32976],[78.37167,30.32994],[78.37286,30.32937],[78.37313,30.33002],[78.37426,30.33042],[78.3757,30.32996],[78.37615,30.32955],[78.37646,30.32972],[78.37777,30.32951],[78.37856,30.32892],[78.38107,30.32796],[78.38135,30.3271],[78.38293,30.32764],[78.38488,30.3272],[78.38561,30.32686],[78.38554,30.32559],[78.38678,30.32615],[78.38729,30.32522],[78.38755,30.32514],[78.38801,30.32546],[78.39074,30.32446],[78.39248,30.32318],[78.39273,30.32243],[78.39312,30.32206],[78.39456,30.3211]]}},{"type":"Feature","properties":{"name":"NH34","ref":"NH34","highway":"trunk"},"geometry":{"type":"LineString","coordinates":[[78.39456,30.3211],[78.39516,30.32115],[78.39493,30.32185],[78.39539,30.32259],[78.39487,30.32298],[78.39495,30.32382],[78.39399,30.32398],[78.3936,30.3247],[78.39386,30.32522],[78.39301,30.3256],[78.39221,30.32691],[78.3914,30.32678],[78.39132,30.32768],[78.39207,30.32829],[78.39277,30.32838],[78.39348,30.32933],[78.39338,30.32979],[78.39211,30.33133],[78.3928,30.33209],[78.39273,30.33262],[78.39304,30.33363],[78.39325,30.33364],[78.39408,30.33205],[78.39471,30.33157],[78.39568,30.33371],[78.3968,30.33367],[78.39712,30.33338],[78.39772,30.33368],[78.39827,30.33353],[78.39902,30.33381],[78.399,30.33426],[78.39844,30.33478],[78.39845,30.33552],[78.3991,30.33571],[78.39948,30.3363],[78.39907,30.33734],[78.40008,30.33839],[78.40036,30.33901],[78.39991,30.33991],[78.39947,30.34011],[78.39907,30.33996],[78.39836,30.34048],[78.39624,30.34118],[78.39599,30.34183],[78.39507,30.34236],[78.39506,30.3432],[78.39535,30.34387],[78.39475,30.34453],[78.39469,30.34542]]}},{"type":"Feature","properties":{"name":"NH7","ref":"NH7","highway":"trunk"},"geometry":{"type":"LineString","coordinates":[[78.57804,30.11167],[78.57876,30.11196],[78.57964,30.11162],[78.5811,30.11182],[78.58202,30.11226],[78.58452,30.11225],[78.58515,30.11192],[78.58649,30.11191],[78.58682,30.11149],[78.58585,30.10936],[78.58634,30.10868],[78.58575,30.10858],[78.58483,30.10906],[78.58416,30.1084],[78.58277,30.10807],[78.58205,30.10755],[78.57969,30.10768],[78.57881,30.10744],[78.57836,30.10763],[78.57683,30.10696],[78.5753,30.10523],[78.57521,30.10472],[78.57401,30.10399],[78.57443,30.10295],[78.57496,30.10261],[78.57542,30.10124],[78.57329,30.10007],[78.57292,30.09951],[78.57316,30.09926],[78.57589,30.0984],[78.57673,30.09839],[78.57683,30.09816],[78.57542,30.09725],[78.5749,30.09652],[78.57428,30.09632],[78.57464,30.09487],[78.575,30.09472],[78.57577,30.0952],[78.57672,30.09525],[78.57852,30.09454],[78.57934,30.09342],[78.58011,30.09171],[78.57978,30.09044],[78.582,30.08888],[78.58238,30.08826],[78.58344,30.08787],[78.58386,30.08675],[78.58289,30.08639],[78.58096,30.08639],[78.5797,30.08612],[78.57878,30.08641],[78.57788,30.08639],[78.57694,30.08724],[78.57463,30.0869],[78.57396,30.08613],[78.575,30.08578],[78.57534,30.08543],[78.57573,30.08455],[78.57529,30.08425],[78.57529,30.08395],[78.57615,30.08295],[78.5767,30.08269],[78.57669,30.08175],[78.57484,30.08058],[78.57413,30.08115],[78.57266,30.0814],[78.57148,30.08027],[78.57054,30.0806],[78.56984,30.08118],[78.56778,30.08099],[78.56812,30.08017],[78.56802,30.07972],[78.56845,30.07916],[78.56819,30.07844],[78.56844,30.07777],[78.56834,30.07731],[78.56667,30.07757],[78.56631,30.07801],[78.56569,30.07804],[78.5645,30.07874],[78.56369,30.07879],[78.56421,30.07966],[78.56283,30.08066],[78.56048,30.08005]]}},{"type":"Feature","properties":{"name":"NH7","ref":"NH7","highway":"trunk"},"geometry":{"type":"LineString","coordinates":[[78.33914,30.13794],[78.33866,30.13816],[78.3381,30.13712],[78.33704,30.13669],[78.33646,30.13669],[78.33602,30.13632],[78.33496,30.13639],[78.33369,30.13584],[78.33227,30.13563],[78.33122,30.13627],[78.33092,30.13572],[78.33105,30.13506]]}},{"type":"Feature","properties":{"name":"NH7","ref":"NH7","highway":"trunk"},"geometry":{"type":"LineString","coordinates":[[78.38883,30.13758],[78.38787,30.13681]]}},{"type":"Feature","properties":{"name":"NH7","ref":"NH7","highway":"trunk"},"geometry":{"type":"LineString","coordinates":[[78.43624,30.11408],[78.4387,30.11314],[78.44019,30.11104],[78.4406,30.10874],[78.44052,30.10845],[78.43932,30.1078],[78.43743,30.10599],[78.43724,30.1051],[78.43581,30.10325],[78.43573,30.10285],[78.43629,30.10214],[78.43437,30.0986],[78.43458,30.09646],[78.43522,30.09506]]}},{"type":"Feature","properties":{"name":"NH7","ref":"NH7","highway":"trunk"},"geometry":{"type":"LineString","coordinates":[[78.68096,30.22053],[78.679,30.21839],[78.67792,30.21517],[78.67798,30.21426],[78.67942,30.21112],[78.67911,30.21035],[78.6742,30.2134],[78.67047,30.21341],[78.66671,30.21216],[78.66633,30.21238],[78.66451,30.21016],[78.66445,30.20911],[78.66342,30.20724],[78.66156,30.20625],[78.6604,30.2061],[78.65992,30.20634],[78.658,30.20607],[78.65605,30.20669],[78.65402,30.20832],[78.65247,30.20786],[78.6498,30.20889],[78.64829,30.20877],[78.64747,30.20897]]}},{"type":"Feature","properties":{"name":"","ref":"","highway":"secondary"},"geometry":{"type":"LineString","coordinates":[[78.57575,30.37045],[78.57838,30.37172],[78.57921,30.37151],[78.58014,30.37215],[78.58151,30.37232]]}},{"type":"Feature","properties":{"name":"","ref":"","highway":"secondary"},"geometry":{"type":"LineString","coordinates":[[78.14091,30.1826],[78.13795,30.1809],[78.13214,30.17865]]}},{"type":"Feature","properties":{"name":"NH7","ref":"NH7","highway":"primary"},"geometry":{"type":"LineString","coordinates":[[78.1622,30.18715],[78.16328,30.18703],[78.165,30.18586],[78.16793,30.18516],[78.17814,30.18686],[78.18315,30.18735],[78.18951,30.18853],[78.19242,30.18867],[78.1942,30.18934],[78.19769,30.18952]]}},{"type":"Feature","properties":{"name":"NH34","ref":"NH34","highway":"trunk"},"geometry":{"type":"LineString","coordinates":[[78.2944,30.12823],[78.29442,30.12501],[78.29409,30.12317],[78.29477,30.12132],[78.29561,30.12035],[78.29469,30.12055],[78.29421,30.12137],[78.29391,30.12133],[78.29398,30.12094],[78.29369,30.12083],[78.29112,30.12252],[78.28725,30.11813]]}},{"type":"Feature","properties":{"name":"","ref":"","highway":"secondary"},"geometry":{"type":"LineString","coordinates":[[78.32026,30.12794],[78.32011,30.12808],[78.31887,30.1275],[78.31872,30.12716],[78.31798,30.12687],[78.3132,30.12616],[78.31228,30.12553],[78.31101,30.12579],[78.31011,30.1254],[78.30925,30.12565],[78.30912,30.12511],[78.30828,30.12446],[78.30586,30.1239],[78.30493,30.12389],[78.30425,30.12436],[78.30362,30.12437],[78.30309,30.12477],[78.30157,30.12511],[78.30036,30.12591]]}},{"type":"Feature","properties":{"name":"Virbhadra Rd","ref":"","highway":"secondary"},"geometry":{"type":"LineString","coordinates":[[78.28626,30.09637],[78.28786,30.09514],[78.28823,30.09439],[78.28884,30.08732],[78.28882,30.0842],[78.28867,30.08073],[78.2859,30.07525]]}},{"type":"Feature","properties":{"name":"Rishikesh Bypass","ref":"NH34","highway":"trunk"},"geometry":{"type":"LineString","coordinates":[[78.25706,30.08082],[78.24894,30.07615],[78.24784,30.07504],[78.24701,30.07401],[78.24264,30.06475]]}},{"type":"Feature","properties":{"name":"","ref":"","highway":"secondary"},"geometry":{"type":"LineString","coordinates":[[78.29186,30.11491],[78.29566,30.11236],[78.29703,30.11191]]}},{"type":"Feature","properties":{"name":"Nagal Road","ref":"","highway":"secondary"},"geometry":{"type":"LineString","coordinates":[[78.1003,30.37394],[78.09935,30.37487],[78.09771,30.37422],[78.09695,30.37533]]}},{"type":"Feature","properties":{"name":"NH34","ref":"NH34","highway":"trunk"},"geometry":{"type":"LineString","coordinates":[[78.28692,30.11775],[78.28655,30.11732]]}},{"type":"Feature","properties":{"name":"NH7","ref":"NH7","highway":"trunk"},"geometry":{"type":"LineString","coordinates":[[78.30206,30.10915],[78.30275,30.10986],[78.30294,30.11164],[78.30283,30.11359],[78.30328,30.11608],[78.3051,30.11838],[78.30723,30.1204]]}},{"type":"Feature","properties":{"name":"NH7","ref":"NH7","highway":"trunk"},"geometry":{"type":"LineString","coordinates":[[78.30106,30.1082],[78.30206,30.10915]]}},{"type":"Feature","properties":{"name":"NH34","ref":"NH34","highway":"trunk"},"geometry":{"type":"LineString","coordinates":[[78.28597,30.11666],[78.28522,30.11572]]}},{"type":"Feature","properties":{"name":"","ref":"","highway":"secondary"},"geometry":{"type":"LineString","coordinates":[[78.16024,29.94966],[78.16132,29.94802]]}},{"type":"Feature","properties":{"name":"","ref":"","highway":"secondary"},"geometry":{"type":"LineString","coordinates":[[78.16173,29.94762],[78.16264,29.94689]]}},{"type":"Feature","properties":{"name":"","ref":"","highway":"secondary"},"geometry":{"type":"LineString","coordinates":[[78.16264,29.94689],[78.16335,29.94634]]}},{"type":"Feature","properties":{"name":"NH34","ref":"NH34","highway":"trunk"},"geometry":{"type":"LineString","coordinates":[[78.16397,29.94584],[78.16434,29.94586],[78.16444,29.94558],[78.16409,29.94543],[78.16397,29.94584]]}},{"type":"Feature","properties":{"name":"NH34","ref":"NH34","highway":"trunk"},"geometry":{"type":"LineString","coordinates":[[78.16455,29.94516],[78.16425,29.94543]]}},{"type":"Feature","properties":{"name":"NH34","ref":"NH34","highway":"trunk"},"geometry":{"type":"LineString","coordinates":[[78.16444,29.94558],[78.16464,29.9453]]}},{"type":"Feature","properties":{"name":"NH34","ref":"NH34","highway":"trunk"},"geometry":{"type":"LineString","coordinates":[[78.17432,29.9376],[78.17451,29.93716],[78.17438,29.93506],[78.17506,29.92916],[78.1748,29.92746]]}},{"type":"Feature","properties":{"name":"NH34","ref":"NH34","highway":"trunk"},"geometry":{"type":"LineString","coordinates":[[78.16476,29.94519],[78.16842,29.94226]]}},{"type":"Feature","properties":{"name":"NH7","ref":"NH7","highway":"trunk"},"geometry":{"type":"LineString","coordinates":[[78.30773,30.12085],[78.3094,30.12187],[78.31115,30.12337],[78.31417,30.12481],[78.31543,30.12593],[78.31828,30.12658],[78.32026,30.12794]]}},{"type":"Feature","properties":{"name":"NH7","ref":"NH7","highway":"trunk"},"geometry":{"type":"LineString","coordinates":[[78.30752,30.12072],[78.30773,30.12085]]}},{"type":"Feature","properties":{"name":"NH34","ref":"NH34","highway":"trunk"},"geometry":{"type":"LineString","coordinates":[[78.1748,29.92746],[78.17457,29.92601],[78.17486,29.92369],[78.17387,29.9209],[78.1737,29.91925],[78.17389,29.91464],[78.17416,29.9143],[78.17381,29.91318]]}},{"type":"Feature","properties":{"name":"NH34","ref":"NH34","highway":"trunk"},"geometry":{"type":"LineString","coordinates":[[78.17345,29.91261],[78.17326,29.91134],[78.17475,29.90538]]}},{"type":"Feature","properties":{"name":"NH34","ref":"NH34","highway":"trunk"},"geometry":{"type":"LineString","coordinates":[[78.17381,29.91318],[78.17345,29.91261]]}},{"type":"Feature","properties":{"name":"","ref":"","highway":"secondary"},"geometry":{"type":"LineString","coordinates":[[78.12938,29.9293],[78.13105,29.92713]]}},{"type":"Feature","properties":{"name":"Haridwar Main Road","ref":"","highway":"secondary"},"geometry":{"type":"LineString","coordinates":[[78.10359,29.92042],[78.10363,29.91999]]}},{"type":"Feature","properties":{"name":"","ref":"","highway":"secondary"},"geometry":{"type":"LineString","coordinates":[[78.13077,29.92754],[78.13137,29.9273]]}},{"type":"Feature","properties":{"name":"Haridwar Main Road","ref":"","highway":"secondary"},"geometry":{"type":"LineString","coordinates":[[78.10345,29.91999],[78.10359,29.92042]]}},{"type":"Feature","properties":{"name":"","ref":"","highway":"secondary"},"geometry":{"type":"LineString","coordinates":[[78.13137,29.9273],[78.13179,29.92678]]}},{"type":"Feature","properties":{"name":"","ref":"","highway":"secondary"},"geometry":{"type":"LineString","coordinates":[[78.13149,29.92661],[78.13164,29.92643]]}},{"type":"Feature","properties":{"name":"Haridwar Main Road","ref":"","highway":"secondary"},"geometry":{"type":"LineString","coordinates":[[78.10363,29.91999],[78.10363,29.91923]]}},{"type":"Feature","properties":{"name":"","ref":"","highway":"secondary"},"geometry":{"type":"LineString","coordinates":[[78.13105,29.92713],[78.13149,29.92661]]}},{"type":"Feature","properties":{"name":"Haridwar Main Road","ref":"","highway":"secondary"},"geometry":{"type":"LineString","coordinates":[[78.10345,29.91928],[78.10345,29.91999]]}},{"type":"Feature","properties":{"name":"Haridwar Main Road","ref":"","highway":"secondary"},"geometry":{"type":"LineString","coordinates":[[78.10363,29.91923],[78.10354,29.91889]]}},{"type":"Feature","properties":{"name":"Haridwar Main Road","ref":"","highway":"secondary"},"geometry":{"type":"LineString","coordinates":[[78.10354,29.91889],[78.10345,29.91928]]}},{"type":"Feature","properties":{"name":"Haridwar Main Road","ref":"Old NH 58","highway":"secondary"},"geometry":{"type":"LineString","coordinates":[[78.13492,29.93391],[78.13864,29.93603]]}},{"type":"Feature","properties":{"name":"","ref":"","highway":"secondary"},"geometry":{"type":"LineString","coordinates":[[78.13006,30.17786],[78.12455,30.17602],[78.12422,30.17613],[78.12536,30.19437]]}},{"type":"Feature","properties":{"name":"","ref":"","highway":"secondary"},"geometry":{"type":"LineString","coordinates":[[78.13214,30.17865],[78.13006,30.17786]]}},{"type":"Feature","properties":{"name":"NH34","ref":"NH34","highway":"trunk"},"geometry":{"type":"LineString","coordinates":[[78.36819,30.2816],[78.36781,30.2832],[78.36854,30.28439],[78.36838,30.28571],[78.36755,30.28594],[78.36667,30.28665],[78.36497,30.2896],[78.36374,30.29044],[78.36322,30.29109],[78.36159,30.2921],[78.36031,30.29211],[78.35919,30.29166],[78.35854,30.29207],[78.35819,30.29264],[78.35747,30.29302],[78.35665,30.29321],[78.35544,30.29302],[78.35379,30.29366],[78.35336,30.29389],[78.35231,30.29565],[78.35126,30.29684],[78.34919,30.29766]]}},{"type":"Feature","properties":{"name":"","ref":"","highway":"secondary"},"geometry":{"type":"LineString","coordinates":[[78.46905,30.2527],[78.46765,30.2515],[78.46733,30.25077],[78.46583,30.24961],[78.46417,30.24889],[78.46394,30.24859],[78.46219,30.24815],[78.46168,30.2468],[78.46095,30.24646],[78.46098,30.24625],[78.46197,30.24605],[78.4629,30.24529],[78.46334,30.24463],[78.46331,30.24419]]}},{"type":"Feature","properties":{"name":"","ref":"","highway":"secondary"},"geometry":{"type":"LineString","coordinates":[[78.30036,30.12591],[78.29982,30.12578]]}},{"type":"Feature","properties":{"name":"","ref":"","highway":"secondary"},"geometry":{"type":"LineString","coordinates":[[78.29982,30.12578],[78.2999,30.12501],[78.30095,30.12337],[78.30351,30.12194]]}},{"type":"Feature","properties":{"name":"","ref":"","highway":"secondary"},"geometry":{"type":"LineString","coordinates":[[78.13184,29.92617],[78.13243,29.92577],[78.1368,29.92492]]}},{"type":"Feature","properties":{"name":"NH34","ref":"NH34","highway":"trunk"},"geometry":{"type":"LineString","coordinates":[[78.1734,29.93832],[78.17432,29.9376]]}},{"type":"Feature","properties":{"name":"NH34","ref":"NH34","highway":"trunk"},"geometry":{"type":"LineString","coordinates":[[78.16842,29.94226],[78.1734,29.93832]]}},{"type":"Feature","properties":{"name":"NH707A","ref":"NH707A","highway":"trunk"},"geometry":{"type":"LineString","coordinates":[[78.39477,30.34548],[78.39489,30.34459],[78.3957,30.34407],[78.39555,30.34331],[78.39593,30.34255],[78.39679,30.34204],[78.39696,30.34202],[78.39689,30.34229],[78.39618,30.3428],[78.39612,30.34331],[78.39645,30.34283],[78.39762,30.34219],[78.3987,30.34174],[78.40019,30.34156],[78.40089,30.34184],[78.40211,30.3438],[78.40243,30.34366],[78.40169,30.34244],[78.40128,30.34116],[78.40161,30.34072],[78.40232,30.3404],[78.40321,30.3388],[78.40296,30.33672],[78.40358,30.33835],[78.40352,30.33913],[78.40311,30.33992],[78.40326,30.34007],[78.40412,30.33947],[78.40534,30.33976],[78.40621,30.33967],[78.40603,30.34146],[78.40798,30.34156],[78.40897,30.34185],[78.4097,30.34242],[78.41197,30.34323],[78.41165,30.34363],[78.41165,30.34416],[78.41128,30.3444],[78.41044,30.34414],[78.40984,30.34457],[78.40986,30.34579],[78.41209,30.34466],[78.41334,30.34545],[78.41364,30.34652],[78.41462,30.34756],[78.4146,30.34843],[78.41486,30.34873],[78.41469,30.34929],[78.41523,30.34927],[78.41629,30.35074],[78.41645,30.35198],[78.41727,30.35256],[78.41806,30.35396],[78.4188,30.35427],[78.41882,30.35477],[78.42009,30.3556],[78.42021,30.356],[78.42113,30.35608],[78.42157,30.35676],[78.42198,30.35624],[78.42372,30.35614],[78.42394,30.35641],[78.42474,30.35631],[78.42512,30.35677],[78.42727,30.35652],[78.42791,30.35624],[78.42874,30.35636],[78.42908,30.35666],[78.42977,30.35649],[78.43028,30.35669],[78.42984,30.35798],[78.42718,30.35863],[78.42687,30.35914],[78.42616,30.3593],[78.42569,30.35971],[78.42553,30.36035],[78.42691,30.36121],[78.42723,30.36165],[78.42795,30.36188],[78.42824,30.36327],[78.42888,30.36423],[78.42953,30.36449],[78.4305,30.36444],[78.43164,30.366],[78.43116,30.36633],[78.42715,30.36714],[78.42665,30.36811],[78.42579,30.3685],[78.42582,30.36933],[78.42655,30.36995],[78.42929,30.37139],[78.43002,30.37223],[78.43084,30.37259],[78.43123,30.37318],[78.43241,30.37348],[78.43444,30.37608],[78.43469,30.37777],[78.43347,30.37944],[78.43272,30.37879],[78.43153,30.37904],[78.43073,30.37887],[78.42954,30.37985],[78.42834,30.38002],[78.42953,30.38012],[78.43072,30.37926],[78.43177,30.37935],[78.43233,30.37947],[78.43248,30.38009],[78.43372,30.38069],[78.43415,30.38058],[78.43449,30.3801],[78.43611,30.37986],[78.43676,30.38127],[78.43784,30.38143],[78.43914,30.38206],[78.43896,30.38306],[78.4403,30.38264],[78.441,30.38276],[78.44185,30.38252]]}},{"type":"Feature","properties":{"name":"NH707A","ref":"NH707A","highway":"trunk"},"geometry":{"type":"LineString","coordinates":[[78.47157,30.37752],[78.47276,30.37756],[78.4735,30.37687],[78.47386,30.37618],[78.47551,30.37586],[78.4737,30.37572],[78.47288,30.37653],[78.47172,30.37661],[78.46995,30.37619],[78.46854,30.37557],[78.46806,30.37509],[78.46766,30.37507]]}},{"type":"Feature","properties":{"name":"NH707A","ref":"NH707A","highway":"trunk"},"geometry":{"type":"LineString","coordinates":[[78.47067,30.38083],[78.47009,30.38072],[78.46794,30.37934],[78.46733,30.37937],[78.4666,30.37905],[78.46481,30.37913],[78.46415,30.37953],[78.4648,30.3786],[78.46618,30.37805],[78.4672,30.37815],[78.46616,30.37776],[78.46434,30.37816],[78.4642,30.37786],[78.46466,30.3772],[78.46541,30.37724],[78.46762,30.37667],[78.46878,30.37733],[78.46948,30.37708],[78.46997,30.3774],[78.47157,30.37752]]}},{"type":"Feature","properties":{"name":"","ref":"","highway":"secondary"},"geometry":{"type":"LineString","coordinates":[[78.40644,30.32283],[78.40491,30.32588],[78.40369,30.32618],[78.40349,30.32833],[78.40209,30.329],[78.40132,30.32967],[78.40144,30.33022],[78.40208,30.33033],[78.4031,30.33137],[78.40488,30.33082],[78.40539,30.33107],[78.40463,30.33334],[78.40458,30.33436],[78.40479,30.33473],[78.40516,30.33484],[78.40537,30.33721],[78.40568,30.33748],[78.40587,30.33825],[78.40649,30.33889],[78.40645,30.33956],[78.40621,30.33967]]}},{"type":"Feature","properties":{"name":"NH7;NH34","ref":"NH7;NH34","highway":"trunk"},"geometry":{"type":"LineString","coordinates":[[78.22307,30.05631],[78.22976,30.05917]]}},{"type":"Feature","properties":{"name":"","ref":"","highway":"secondary"},"geometry":{"type":"LineString","coordinates":[[78.35326,30.12604],[78.35387,30.12771]]}},{"type":"Feature","properties":{"name":"","ref":"","highway":"secondary"},"geometry":{"type":"LineString","coordinates":[[78.35317,30.12569],[78.35326,30.12604]]}},{"type":"Feature","properties":{"name":"","ref":"","highway":"secondary"},"geometry":{"type":"LineString","coordinates":[[78.35387,30.12771],[78.35398,30.12833],[78.35026,30.12969],[78.34999,30.13019],[78.35015,30.13043],[78.35104,30.13022]]}},{"type":"Feature","properties":{"name":"NH7","ref":"NH7","highway":"trunk"},"geometry":{"type":"LineString","coordinates":[[78.2427,30.06488],[78.24602,30.06628],[78.25854,30.07777]]}},{"type":"Feature","properties":{"name":"NH334","ref":"NH334","highway":"trunk"},"geometry":{"type":"LineString","coordinates":[[78.1566,29.93986],[78.15788,29.9405]]}},{"type":"Feature","properties":{"name":"NH334","ref":"NH334","highway":"trunk"},"geometry":{"type":"LineString","coordinates":[[78.16021,29.94255],[78.16828,29.94927]]}},{"type":"Feature","properties":{"name":"NH7","ref":"NH7","highway":"primary"},"geometry":{"type":"LineString","coordinates":[[78.23466,30.17626],[78.2355,30.17574],[78.23624,30.17471],[78.2368,30.17331],[78.23687,30.1725],[78.23841,30.17007],[78.23886,30.16853],[78.23848,30.16744],[78.23978,30.16433],[78.23948,30.16357],[78.23951,30.16283],[78.24043,30.16238],[78.24047,30.16163],[78.24115,30.16174],[78.24079,30.16122],[78.24175,30.16053],[78.24273,30.15702],[78.24602,30.14278],[78.24672,30.13888],[78.24913,30.13651],[78.24984,30.13454],[78.24981,30.13408],[78.25107,30.13413],[78.25165,30.13304],[78.25263,30.13279],[78.25431,30.13126],[78.25993,30.12843],[78.26483,30.12548],[78.26702,30.12366],[78.26986,30.12223],[78.27351,30.12084],[78.27711,30.11887]]}},{"type":"Feature","properties":{"name":"NH7","ref":"NH7","highway":"trunk"},"geometry":{"type":"LineString","coordinates":[[78.16075,30.13448],[78.15755,30.13504],[78.15627,30.13571],[78.15562,30.13638],[78.14988,30.14848],[78.14461,30.15598],[78.14437,30.1575],[78.14538,30.16488],[78.14667,30.16896],[78.14646,30.17062]]}},{"type":"Feature","properties":{"name":"NH7","ref":"NH7","highway":"trunk"},"geometry":{"type":"LineString","coordinates":[[78.16189,30.13428],[78.16075,30.13448]]}},{"type":"Feature","properties":{"name":"","ref":"","highway":"secondary"},"geometry":{"type":"LineString","coordinates":[[78.40644,30.32283],[78.40646,30.32357],[78.40706,30.32402],[78.40711,30.32492],[78.40746,30.32548],[78.40722,30.32442],[78.40762,30.32352],[78.40718,30.32285],[78.40759,30.32219],[78.40743,30.32167],[78.40758,30.32137],[78.40872,30.32117],[78.4099,30.32038],[78.41078,30.32017],[78.41186,30.3191],[78.41213,30.31828],[78.41281,30.31871],[78.41444,30.31795],[78.41471,30.31757],[78.41462,30.31685],[78.41347,30.31652],[78.416,30.31519],[78.41611,30.31397],[78.41527,30.31328],[78.41553,30.31269],[78.41532,30.31236],[78.41563,30.31194],[78.41586,30.30992],[78.41605,30.30991],[78.41734,30.31181],[78.41829,30.3124]]}},{"type":"Feature","properties":{"name":"","ref":"","highway":"secondary"},"geometry":{"type":"LineString","coordinates":[[78.48538,30.37821],[78.48549,30.37913],[78.48957,30.37819],[78.4897,30.37832]]}},{"type":"Feature","properties":{"name":"","ref":"","highway":"secondary"},"geometry":{"type":"LineString","coordinates":[[78.42374,30.31165],[78.42364,30.3123],[78.42451,30.31298],[78.42396,30.3135],[78.42392,30.31426],[78.42435,30.31455],[78.42397,30.31514],[78.42414,30.31569],[78.42491,30.31595],[78.42494,30.3165],[78.42566,30.3176],[78.42799,30.31866],[78.42861,30.3195],[78.42971,30.32007],[78.43046,30.31995],[78.43162,30.3207],[78.43416,30.32101],[78.43435,30.31946],[78.43458,30.31919],[78.43452,30.31856],[78.43557,30.31809],[78.43717,30.31943],[78.43743,30.32009],[78.43853,30.32045],[78.43918,30.31979],[78.43949,30.32025],[78.44011,30.32006],[78.44052,30.32103],[78.44187,30.32094],[78.44307,30.31948],[78.44335,30.31987],[78.44451,30.31944],[78.4462,30.32071],[78.44579,30.32118],[78.44675,30.32177],[78.44672,30.32211],[78.44788,30.32285],[78.44851,30.32285],[78.44883,30.32251],[78.44866,30.32127],[78.44933,30.32022],[78.44946,30.31957],[78.45081,30.31808],[78.45077,30.31776],[78.45031,30.31752],[78.45026,30.31709],[78.45049,30.31709]]}},{"type":"Feature","properties":{"name":"","ref":"","highway":"secondary"},"geometry":{"type":"LineString","coordinates":[[78.51111,30.33538],[78.51119,30.33673],[78.51049,30.33858],[78.50989,30.33907],[78.50975,30.34124],[78.50882,30.34201],[78.50826,30.34298],[78.50888,30.34386],[78.50859,30.34527],[78.50976,30.34625],[78.51173,30.34619],[78.51141,30.3468],[78.51133,30.34771],[78.5102,30.34822],[78.51017,30.3486],[78.51071,30.34863],[78.51201,30.34786],[78.51284,30.34769],[78.51385,30.34785],[78.51479,30.34844],[78.51541,30.34919],[78.51538,30.35039],[78.51436,30.35045],[78.51392,30.35075],[78.51367,30.35152],[78.51396,30.35194],[78.51392,30.35258],[78.51294,30.35282],[78.51266,30.35392],[78.51219,30.35413],[78.51174,30.35506],[78.51255,30.35552],[78.51421,30.3551],[78.5146,30.35525],[78.51428,30.3563],[78.51482,30.3568],[78.51477,30.35731],[78.51449,30.35762],[78.51268,30.35796],[78.51233,30.3582],[78.51213,30.35899],[78.51072,30.35954],[78.50903,30.35921],[78.50851,30.35865],[78.50761,30.35837],[78.50562,30.35949],[78.504,30.35882],[78.50374,30.35918],[78.50378,30.35981],[78.5026,30.35927],[78.5016,30.35959],[78.5018,30.35808],[78.50084,30.35823],[78.49959,30.35754],[78.49924,30.35785],[78.49965,30.35872],[78.49912,30.35905],[78.49812,30.35902],[78.49791,30.36049],[78.49806,30.36106],[78.49788,30.36125],[78.49766,30.36118],[78.49626,30.35868],[78.49611,30.35758],[78.49662,30.35571],[78.49651,30.35537],[78.49548,30.355],[78.49303,30.35476],[78.49294,30.35519],[78.49429,30.35553],[78.49487,30.35608],[78.49465,30.35722],[78.49506,30.35799],[78.49463,30.35843],[78.49485,30.35908],[78.4942,30.36057],[78.49361,30.3609],[78.49226,30.36298],[78.49168,30.36346],[78.4905,30.36389],[78.48969,30.36504],[78.48949,30.36588],[78.48854,30.36661],[78.48834,30.3685],[78.48774,30.36885],[78.4878,30.37005],[78.48757,30.37036],[78.48703,30.37057],[78.48486,30.37288],[78.48329,30.37335],[78.48381,30.3742],[78.48441,30.37421],[78.48482,30.37466],[78.48581,30.37486],[78.48632,30.37553],[78.48572,30.37618],[78.48568,30.37701],[78.48505,30.37738],[78.48493,30.37773],[78.48538,30.37821]]}},{"type":"Feature","properties":{"name":"","ref":"","highway":"secondary"},"geometry":{"type":"LineString","coordinates":[[78.51082,30.33516],[78.51196,30.33591],[78.51254,30.33664],[78.51434,30.33746],[78.51652,30.33732],[78.51698,30.33775],[78.5176,30.33768],[78.52116,30.33843],[78.52274,30.33898]]}},{"type":"Feature","properties":{"name":"","ref":"","highway":"secondary"},"geometry":{"type":"LineString","coordinates":[[78.44997,29.95105],[78.4498,29.95081]]}},{"type":"Feature","properties":{"name":"","ref":"","highway":"secondary"},"geometry":{"type":"LineString","coordinates":[[78.4632,30.32017],[78.46392,30.31938],[78.46457,30.31961],[78.46502,30.31855],[78.46569,30.31882],[78.46628,30.31822],[78.46699,30.31805],[78.46726,30.31691],[78.46754,30.31688],[78.46832,30.31748],[78.46851,30.31725],[78.46773,30.31619],[78.46786,30.31513],[78.46742,30.31447],[78.46857,30.31422],[78.46902,30.3145],[78.46923,30.31504],[78.47079,30.3156],[78.47169,30.31455],[78.47277,30.31432],[78.47359,30.31345],[78.47397,30.31211],[78.47455,30.31122],[78.47425,30.31038],[78.47387,30.31001],[78.47389,30.30837],[78.47435,30.30778],[78.4743,30.30734],[78.47481,30.3064],[78.47565,30.30363],[78.47612,30.30337],[78.47676,30.30168],[78.47515,30.29912],[78.47263,30.29754],[78.47208,30.29696],[78.47126,30.29689],[78.4705,30.29529],[78.46933,30.29456],[78.46876,30.29452],[78.46843,30.29475],[78.46797,30.29565],[78.4666,30.29666],[78.46572,30.29642],[78.46459,30.29736],[78.46386,30.29727],[78.46289,30.29782],[78.46234,30.29779],[78.46141,30.29819],[78.46063,30.29793],[78.45956,30.29923],[78.45869,30.29808],[78.45784,30.29802],[78.45697,30.29836],[78.45593,30.2981],[78.45675,30.29779],[78.45733,30.29713],[78.4592,30.29631],[78.45996,30.29539],[78.46113,30.2947],[78.4616,30.29389]]}},{"type":"Feature","properties":{"name":"","ref":"","highway":"secondary"},"geometry":{"type":"LineString","coordinates":[[78.4211,30.26806],[78.42149,30.26799],[78.4227,30.26871],[78.42275,30.26983],[78.42311,30.27088],[78.42445,30.27225],[78.42617,30.27278],[78.42721,30.27338],[78.42832,30.27348],[78.42884,30.27375],[78.42912,30.27317],[78.4312,30.27289],[78.43197,30.27306],[78.43397,30.27234],[78.43516,30.27301],[78.43582,30.27233],[78.43536,30.27211],[78.43498,30.27148],[78.4357,30.27044],[78.4375,30.26965],[78.43801,30.26911],[78.43917,30.26882],[78.44029,30.26906],[78.44119,30.27167],[78.44354,30.27337],[78.44493,30.27211],[78.44619,30.27256],[78.44649,30.27229],[78.44729,30.27236],[78.44753,30.27183],[78.44823,30.27195],[78.44888,30.27173],[78.44972,30.27203],[78.45156,30.27167]]}},{"type":"Feature","properties":{"name":"NH7","ref":"NH7","highway":"trunk"},"geometry":{"type":"LineString","coordinates":[[78.38787,30.13681],[78.38751,30.13641],[78.3877,30.13578],[78.38692,30.13455],[78.38726,30.13449],[78.38781,30.13506],[78.38794,30.13475],[78.38629,30.13351],[78.38581,30.13281],[78.38557,30.13115],[78.38589,30.1303],[78.38633,30.1299],[78.38745,30.12941],[78.38918,30.12812],[78.39043,30.12851],[78.39079,30.12827],[78.38995,30.12634],[78.39054,30.12545],[78.38992,30.12324],[78.38933,30.1228]]}},{"type":"Feature","properties":{"name":"","ref":"","highway":"secondary"},"geometry":{"type":"LineString","coordinates":[[78.44721,30.28927],[78.447,30.28898],[78.44742,30.2889],[78.44782,30.28835],[78.4489,30.28823],[78.44888,30.28711],[78.44934,30.28617],[78.44981,30.287],[78.45022,30.28722],[78.45046,30.28724],[78.45065,30.28675],[78.45095,30.2867],[78.45156,30.28722],[78.45217,30.287],[78.45351,30.28735],[78.45462,30.28692],[78.4551,30.28627],[78.45511,30.28566],[78.45584,30.28545],[78.45614,30.28497],[78.45941,30.28496],[78.46037,30.28437],[78.4609,30.2848],[78.46279,30.28446],[78.4634,30.28379],[78.46423,30.28357],[78.46464,30.28304],[78.46496,30.28223],[78.46497,30.28089],[78.46584,30.27998],[78.46574,30.27877]]}},{"type":"Feature","properties":{"name":"","ref":"","highway":"secondary"},"geometry":{"type":"LineString","coordinates":[[78.46574,30.27877],[78.46484,30.27827],[78.4647,30.27682],[78.4659,30.27473]]}},{"type":"Feature","properties":{"name":"","ref":"","highway":"secondary"},"geometry":{"type":"LineString","coordinates":[[78.45283,30.3202],[78.4532,30.3205],[78.4551,30.32102],[78.45475,30.32168],[78.45576,30.32243],[78.45746,30.32286],[78.45801,30.32259],[78.45833,30.32195],[78.45892,30.32155],[78.45919,30.32206],[78.46136,30.3219],[78.46184,30.32104],[78.46184,30.32002],[78.46239,30.32004],[78.46272,30.32033],[78.4632,30.32017]]}},{"type":"Feature","properties":{"name":"","ref":"","highway":"secondary"},"geometry":{"type":"LineString","coordinates":[[78.1368,29.92492],[78.13647,29.92315],[78.13657,29.92186],[78.13704,29.92134],[78.13874,29.92047],[78.13917,29.91981],[78.13914,29.91941],[78.13879,29.9184],[78.13701,29.91592],[78.13507,29.91433],[78.13369,29.91279],[78.13442,29.91163],[78.1335,29.90912],[78.13427,29.90757],[78.13438,29.90571],[78.13389,29.90386],[78.13257,29.90201],[78.13205,29.90033],[78.1326,29.89957],[78.13171,29.89752],[78.13173,29.89406],[78.13198,29.89243],[78.1328,29.89077],[78.1337,29.88978],[78.13484,29.88784],[78.1347,29.88544],[78.13322,29.88384],[78.1322,29.88336],[78.13116,29.88197],[78.12987,29.88083],[78.1292,29.87922],[78.12783,29.87769],[78.12676,29.87552],[78.12496,29.87314],[78.12353,29.86999],[78.12006,29.86592],[78.11917,29.86421],[78.11795,29.86018],[78.11688,29.85784],[78.11464,29.85476],[78.11363,29.85374],[78.11286,29.8483],[78.11193,29.84521],[78.11201,29.84364],[78.11686,29.83418],[78.11935,29.83232]]}},{"type":"Feature","properties":{"name":"Haridwar Main Road","ref":"Old NH 58","highway":"secondary"},"geometry":{"type":"LineString","coordinates":[[78.11715,29.92361],[78.11557,29.92288],[78.11375,29.92308]]}},{"type":"Feature","properties":{"name":"Haridwar Main Road","ref":"Old NH 58","highway":"secondary"},"geometry":{"type":"LineString","coordinates":[[78.1348,29.93378],[78.12104,29.92592]]}},{"type":"Feature","properties":{"name":"Haridwar Main Road","ref":"Old NH 58","highway":"secondary"},"geometry":{"type":"LineString","coordinates":[[78.12104,29.92592],[78.13475,29.93384]]}},{"type":"Feature","properties":{"name":"Haridwar Main Road","ref":"Old NH 58","highway":"secondary"},"geometry":{"type":"LineString","coordinates":[[78.1387,29.93594],[78.13494,29.93385]]}},{"type":"Feature","properties":{"name":"","ref":"","highway":"secondary"},"geometry":{"type":"LineString","coordinates":[[78.11987,29.93656],[78.11979,29.93669],[78.11987,29.93656]]}},{"type":"Feature","properties":{"name":"","ref":"","highway":"secondary"},"geometry":{"type":"LineString","coordinates":[[78.12386,29.93633],[78.12384,29.93656],[78.12386,29.93633]]}},{"type":"Feature","properties":{"name":"","ref":"","highway":"secondary"},"geometry":{"type":"LineString","coordinates":[[78.11681,29.93687],[78.11663,29.93671],[78.11681,29.93687]]}},{"type":"Feature","properties":{"name":"","ref":"","highway":"secondary"},"geometry":{"type":"LineString","coordinates":[[78.11683,29.93684],[78.11978,29.93667]]}},{"type":"Feature","properties":{"name":"","ref":"","highway":"secondary"},"geometry":{"type":"LineString","coordinates":[[78.12375,29.93639],[78.11995,29.93661]]}},{"type":"Feature","properties":{"name":"","ref":"","highway":"secondary"},"geometry":{"type":"LineString","coordinates":[[78.10237,29.93755],[78.1166,29.93686]]}},{"type":"Feature","properties":{"name":"","ref":"","highway":"secondary"},"geometry":{"type":"LineString","coordinates":[[78.11979,29.93659],[78.11682,29.93673]]}},{"type":"Feature","properties":{"name":"","ref":"","highway":"secondary"},"geometry":{"type":"LineString","coordinates":[[78.09411,29.93796],[78.10213,29.93755]]}},{"type":"Feature","properties":{"name":"","ref":"","highway":"secondary"},"geometry":{"type":"LineString","coordinates":[[78.11994,29.93668],[78.12376,29.93652]]}},{"type":"Feature","properties":{"name":"","ref":"","highway":"secondary"},"geometry":{"type":"LineString","coordinates":[[78.11659,29.93677],[78.10236,29.93747]]}},{"type":"Feature","properties":{"name":"","ref":"","highway":"secondary"},"geometry":{"type":"LineString","coordinates":[[78.10212,29.93749],[78.09411,29.93789]]}},{"type":"Feature","properties":{"name":"","ref":"","highway":"secondary"},"geometry":{"type":"LineString","coordinates":[[78.10235,29.93758],[78.10215,29.93744],[78.10235,29.93758]]}},{"type":"Feature","properties":{"name":"","ref":"","highway":"secondary"},"geometry":{"type":"LineString","coordinates":[[78.13301,29.93579],[78.124,29.93639]]}},{"type":"Feature","properties":{"name":"","ref":"","highway":"secondary"},"geometry":{"type":"LineString","coordinates":[[78.12401,29.93649],[78.1324,29.93604],[78.13314,29.93583]]}},{"type":"Feature","properties":{"name":"NH7","ref":"NH7","highway":"trunk"},"geometry":{"type":"LineString","coordinates":[[78.39599,30.13861],[78.40055,30.13903],[78.40503,30.13844],[78.40916,30.13766],[78.41378,30.1354],[78.41417,30.13487],[78.41562,30.13399],[78.41647,30.13312],[78.41694,30.13302],[78.4171,30.13262],[78.41873,30.13176],[78.41957,30.13074],[78.4221,30.12972],[78.42086,30.1291],[78.42128,30.12833],[78.42181,30.12616],[78.4217,30.12503],[78.42213,30.12458],[78.42241,30.1236],[78.42356,30.12274],[78.42387,30.12209],[78.42372,30.11981],[78.42336,30.119],[78.42391,30.11788],[78.42661,30.11606],[78.42734,30.11523],[78.42861,30.11471],[78.43122,30.11461],[78.43322,30.11499],[78.43382,30.11603]]}},{"type":"Feature","properties":{"name":"NH334","ref":"NH334","highway":"trunk"},"geometry":{"type":"LineString","coordinates":[[78.15424,29.93991],[78.15437,29.9402]]}},{"type":"Feature","properties":{"name":"NH334","ref":"NH334","highway":"trunk"},"geometry":{"type":"LineString","coordinates":[[78.15468,29.94011],[78.1566,29.93986]]}},{"type":"Feature","properties":{"name":"Haridwar Main Road","ref":"Old NH 58","highway":"secondary"},"geometry":{"type":"LineString","coordinates":[[78.11341,29.9231],[78.11259,29.92253],[78.11193,29.92144],[78.11095,29.92095],[78.1096,29.9207]]}},{"type":"Feature","properties":{"name":"Haridwar Main Road","ref":"Old NH 58","highway":"secondary"},"geometry":{"type":"LineString","coordinates":[[78.11375,29.92308],[78.11341,29.9231]]}},{"type":"Feature","properties":{"name":"","ref":"","highway":"primary"},"geometry":{"type":"LineString","coordinates":[[78.47941,30.28484],[78.4804,30.28497],[78.48091,30.28597],[78.48094,30.28717],[78.48125,30.28798],[78.48215,30.28888],[78.48299,30.29029],[78.48396,30.29077],[78.48484,30.2906],[78.48535,30.29025],[78.48796,30.29063],[78.48875,30.29162],[78.48927,30.29145],[78.49027,30.29217],[78.49146,30.29237],[78.49195,30.29296],[78.49389,30.29429],[78.49308,30.29507],[78.48925,30.29653],[78.4886,30.29733],[78.48844,30.29795],[78.48797,30.29803],[78.48706,30.29763],[78.48661,30.29777],[78.48652,30.29804]]}},{"type":"Feature","properties":{"name":"NH334","ref":"NH334","highway":"trunk"},"geometry":{"type":"LineString","coordinates":[[78.11544,29.91945],[78.1137,29.9189]]}},{"type":"Feature","properties":{"name":"NH334","ref":"NH334","highway":"trunk"},"geometry":{"type":"LineString","coordinates":[[78.1117,29.91886],[78.11095,29.91891]]}},{"type":"Feature","properties":{"name":"NH7","ref":"NH7","highway":"trunk"},"geometry":{"type":"LineString","coordinates":[[78.43382,30.11603],[78.4348,30.11594]]}},{"type":"Feature","properties":{"name":"","ref":"","highway":"secondary"},"geometry":{"type":"LineString","coordinates":[[78.36822,30.28167],[78.36908,30.28091],[78.3694,30.2798],[78.36942,30.2785],[78.36854,30.27542],[78.3691,30.27423],[78.36914,30.27358],[78.3697,30.27324],[78.36977,30.27257],[78.3706,30.27226],[78.37086,30.27188],[78.3709,30.2711],[78.37163,30.27122],[78.37159,30.27048],[78.37197,30.27014],[78.3726,30.26971],[78.37313,30.26965],[78.37345,30.2692],[78.37403,30.26935],[78.37473,30.26858],[78.3755,30.26852],[78.37553,30.26835],[78.37468,30.26811],[78.37388,30.26819],[78.37323,30.26639],[78.3734,30.26594],[78.37562,30.26422],[78.37754,30.26365],[78.37907,30.26376],[78.38093,30.26443],[78.38126,30.26394],[78.38229,30.26418],[78.38291,30.26366],[78.3843,30.26397],[78.38443,30.26532],[78.38478,30.26598],[78.38544,30.26615],[78.38528,30.26657],[78.38703,30.26759],[78.38754,30.26951],[78.38746,30.27073],[78.38762,30.27098],[78.38827,30.27111],[78.38849,30.27107],[78.38916,30.26951],[78.3891,30.26823],[78.38925,30.26804],[78.39012,30.2681],[78.39034,30.26785],[78.39006,30.26716],[78.38959,30.26675],[78.38954,30.26585],[78.38971,30.26567],[78.39083,30.26589],[78.3924,30.26542],[78.39254,30.26494],[78.39595,30.26473],[78.39672,30.26492],[78.39765,30.26586],[78.39787,30.26582],[78.39816,30.26497],[78.39798,30.26449],[78.40029,30.26365],[78.40147,30.26416],[78.4022,30.26405],[78.40335,30.26461],[78.40382,30.26452],[78.40334,30.26407],[78.40314,30.26322],[78.40231,30.26296],[78.40212,30.26263],[78.40202,30.26083],[78.40233,30.26026],[78.40181,30.25985],[78.40122,30.25965],[78.40104,30.25987],[78.40022,30.26193],[78.39925,30.26139],[78.39895,30.26076],[78.39813,30.26061],[78.39778,30.26001],[78.39716,30.25957],[78.3963,30.26034],[78.39507,30.25968],[78.39468,30.25978],[78.394,30.25913],[78.39237,30.25971],[78.39164,30.25935],[78.39077,30.26005],[78.38975,30.2591],[78.38893,30.25937],[78.38871,30.25847],[78.38698,30.25733],[78.38701,30.25706],[78.38794,30.25684],[78.39,30.25456],[78.39137,30.25445],[78.3913,30.25383],[78.39234,30.25335]]}},{"type":"Feature","properties":{"name":"","ref":"","highway":"secondary"},"geometry":{"type":"LineString","coordinates":[[78.39234,30.25335],[78.39271,30.25315],[78.39465,30.25376],[78.39497,30.25325],[78.39641,30.25317],[78.39701,30.25227],[78.39642,30.25205],[78.39534,30.25242],[78.39393,30.25182],[78.395,30.25096],[78.39482,30.25021],[78.3954,30.24903],[78.39516,30.24881],[78.39566,30.24822],[78.39516,30.24749],[78.39511,30.2462],[78.39529,30.24618],[78.39559,30.24788],[78.39607,30.24833],[78.39596,30.24859],[78.39668,30.24886],[78.3962,30.24924],[78.39631,30.25017],[78.3969,30.25052],[78.39649,30.25115],[78.39854,30.25086],[78.3985,30.25138],[78.39866,30.25141],[78.39883,30.2508],[78.3973,30.25077],[78.39756,30.24993],[78.39793,30.24976],[78.39803,30.2494],[78.39774,30.24883],[78.39769,30.24755],[78.3979,30.24751],[78.39807,30.24866],[78.39849,30.24914],[78.39849,30.25016],[78.39948,30.25043],[78.39984,30.25106],[78.40069,30.25119],[78.40109,30.25141],[78.40093,30.25171],[78.40148,30.25193],[78.4001,30.25271],[78.39867,30.25446],[78.39834,30.25545],[78.39875,30.25568],[78.40013,30.25537],[78.40126,30.25548],[78.40264,30.25511],[78.40303,30.25558],[78.4034,30.25559],[78.40454,30.25469],[78.40634,30.25443],[78.40665,30.25483],[78.40768,30.25396],[78.4087,30.2542],[78.40957,30.25525],[78.41044,30.25543],[78.41091,30.25603],[78.41062,30.25685],[78.41141,30.25707],[78.41137,30.25771],[78.41253,30.25811],[78.41287,30.25922],[78.41363,30.25946],[78.4128,30.26044],[78.41356,30.26102],[78.41373,30.2615],[78.41342,30.2624],[78.41375,30.26317],[78.41303,30.26372],[78.41297,30.26423],[78.41344,30.26461],[78.41438,30.2647],[78.41558,30.26415],[78.41554,30.26451],[78.41617,30.26473],[78.41615,30.26508],[78.41678,30.26529],[78.41722,30.26589],[78.41899,30.26655],[78.41959,30.26732],[78.42045,30.26774],[78.42169,30.26914],[78.42105,30.26766],[78.42109,30.26611],[78.42167,30.26451],[78.42137,30.26393],[78.42101,30.26378],[78.42089,30.26329],[78.41946,30.26196],[78.41956,30.26133],[78.41915,30.261],[78.4194,30.26049],[78.41916,30.26023],[78.41993,30.25966],[78.42094,30.25934],[78.42108,30.25903],[78.4206,30.25845],[78.41896,30.25803],[78.417,30.25625],[78.41624,30.25587],[78.41683,30.2553],[78.41704,30.25452]]}},{"type":"Feature","properties":{"name":"NH34","ref":"NH34","highway":"trunk"},"geometry":{"type":"LineString","coordinates":[[78.2944,30.12823],[78.29401,30.1284],[78.29283,30.12824],[78.29179,30.12889],[78.29188,30.12937],[78.29249,30.12985],[78.29245,30.13024],[78.29178,30.13074],[78.2925,30.13179],[78.29263,30.13248],[78.28989,30.13245],[78.28946,30.13295],[78.29033,30.13446],[78.28856,30.13594],[78.2885,30.13613],[78.28928,30.13671],[78.28936,30.13706],[78.28888,30.13738],[78.28802,30.13731],[78.28754,30.13773],[78.28686,30.13747],[78.28662,30.13661],[78.28573,30.13687],[78.28486,30.13679],[78.28469,30.13734],[78.28408,30.13736],[78.28402,30.13792],[78.28339,30.13785],[78.28253,30.13842],[78.28267,30.13903],[78.28243,30.13975],[78.28317,30.14032],[78.28335,30.14091],[78.28317,30.1412],[78.28273,30.14147],[78.28138,30.14142],[78.27973,30.14059],[78.27961,30.14088],[78.28018,30.14239],[78.27946,30.14277],[78.27969,30.14392],[78.27893,30.1438],[78.27785,30.14472],[78.27551,30.14468],[78.27529,30.14504],[78.27538,30.14553],[78.27587,30.14593],[78.27679,30.14755],[78.27657,30.14827],[78.27594,30.14832],[78.2762,30.1487],[78.2769,30.14853],[78.27687,30.14805],[78.27737,30.14769],[78.27738,30.14738],[78.27687,30.14692],[78.27687,30.14642],[78.27648,30.14605],[78.2766,30.14556],[78.2789,30.14698],[78.28,30.14728],[78.28035,30.14765],[78.28199,30.14813],[78.28338,30.14886],[78.28362,30.14878],[78.28359,30.14846],[78.2832,30.1474],[78.28278,30.14696],[78.28234,30.14537],[78.28262,30.14525],[78.28423,30.14572],[78.28495,30.14505],[78.28658,30.14488],[78.28671,30.14436],[78.28762,30.144],[78.28758,30.14322],[78.28828,30.14269],[78.28859,30.1427],[78.28927,30.14358],[78.2898,30.14371],[78.29165,30.14373],[78.29222,30.14406],[78.29303,30.14369],[78.29424,30.14495],[78.29341,30.14581],[78.29232,30.14599],[78.29058,30.14551],[78.29039,30.1463],[78.29061,30.14684],[78.28934,30.14789],[78.28629,30.14822],[78.28647,30.14927],[78.28802,30.14998],[78.2891,30.15086],[78.29052,30.15071],[78.29133,30.15185]]}},{"type":"Feature","properties":{"name":"","ref":"","highway":"secondary"},"geometry":{"type":"LineString","coordinates":[[78.55378,29.87393],[78.55275,29.87432],[78.55184,29.87575],[78.55119,29.87596],[78.54842,29.87536],[78.54673,29.87402],[78.54174,29.87411],[78.54121,29.87456],[78.53956,29.87487],[78.53868,29.87562],[78.5362,29.87625],[78.53539,29.8767],[78.53409,29.87756],[78.53318,29.87891],[78.53204,29.87904],[78.53124,29.88025],[78.52915,29.88149],[78.52861,29.88125],[78.52851,29.88088],[78.52778,29.88029],[78.5283,29.87969],[78.52815,29.87839],[78.52879,29.87818],[78.52821,29.87749],[78.52818,29.87695],[78.52802,29.87743],[78.52833,29.87819],[78.52789,29.87832],[78.52782,29.87916],[78.52719,29.87939],[78.52729,29.87993],[78.52679,29.88021],[78.52739,29.88113],[78.52641,29.88107],[78.5253,29.88132],[78.52491,29.88103],[78.52452,29.87985],[78.5241,29.87961],[78.5244,29.88087],[78.52349,29.88116],[78.52318,29.88175],[78.52262,29.88188],[78.52199,29.88274],[78.52117,29.88277],[78.52108,29.88311],[78.52041,29.88357],[78.51929,29.88295],[78.51839,29.88304],[78.51776,29.88224],[78.51798,29.88177],[78.51785,29.88119],[78.51721,29.8812],[78.51673,29.88044],[78.51664,29.87852],[78.51736,29.87772],[78.51713,29.87726],[78.51563,29.87627],[78.51579,29.87516],[78.51564,29.87397],[78.51527,29.87389],[78.51459,29.87446],[78.51331,29.87433],[78.51218,29.87472],[78.51205,29.875],[78.51234,29.87583],[78.51173,29.87654],[78.51212,29.8771],[78.51189,29.87723],[78.51155,29.87643],[78.51162,29.87595],[78.51141,29.87622],[78.51181,29.87756],[78.51136,29.87777],[78.51125,29.87845],[78.51015,29.87843],[78.50962,29.87876],[78.50918,29.87873],[78.50872,29.87772],[78.50842,29.87768],[78.50725,29.87847],[78.50692,29.87821],[78.50717,29.87772],[78.50696,29.87684],[78.50679,29.877],[78.50695,29.87768],[78.50613,29.87823],[78.50625,29.87876],[78.50571,29.87982],[78.50569,29.88003],[78.50631,29.8803],[78.50598,29.88187],[78.50631,29.88252],[78.50616,29.88272],[78.50502,29.88294],[78.50467,29.88411],[78.50436,29.88435],[78.50115,29.88413],[78.50139,29.88502],[78.50258,29.88544],[78.50278,29.88583],[78.50339,29.8861],[78.50217,29.88687],[78.50187,29.88636],[78.50061,29.8865],[78.50011,29.88615],[78.49893,29.88686],[78.49755,29.88658],[78.49664,29.88602],[78.49664,29.8865],[78.49609,29.88688],[78.49676,29.88783],[78.49686,29.88849],[78.49525,29.88883],[78.49371,29.88822],[78.4937,29.8903],[78.49261,29.89007],[78.49224,29.89061],[78.49153,29.89103],[78.4904,29.89095],[78.49017,29.89038],[78.48937,29.89103],[78.48898,29.89106],[78.48882,29.89165],[78.48828,29.89212],[78.48864,29.89362],[78.48841,29.89415],[78.48798,29.89432],[78.48794,29.89381],[78.4877,29.89377],[78.48582,29.89486],[78.4851,29.89463],[78.4848,29.89547],[78.48406,29.89564],[78.48359,29.89672],[78.48361,29.89734],[78.48403,29.89784],[78.48392,29.89818],[78.48288,29.89829],[78.48206,29.89923],[78.48208,29.89967],[78.48092,29.89995],[78.48041,29.90053],[78.48076,29.90106],[78.48045,29.90121],[78.4803,29.90185],[78.47931,29.90212],[78.47803,29.90317],[78.47797,29.90456],[78.47735,29.90512],[78.47744,29.90535],[78.4786,29.90568],[78.4806,29.90755],[78.48228,29.90749],[78.48268,29.90805],[78.48263,29.90857],[78.48328,29.90843],[78.48369,29.90972],[78.48441,29.91051],[78.48486,29.91076],[78.48554,29.91047],[78.48611,29.91127],[78.48738,29.91172],[78.48691,29.91268],[78.48581,29.91315],[78.48612,29.91342],[78.48643,29.91446],[78.48736,29.91516],[78.48726,29.91566],[78.48486,29.91594],[78.48461,29.91615],[78.48302,29.91534],[78.48134,29.91612],[78.48087,29.91587],[78.48072,29.91538],[78.47987,29.91524],[78.47935,29.91466],[78.4788,29.91443],[78.47748,29.91472],[78.47707,29.91535],[78.47616,29.91526],[78.47508,29.91565],[78.47498,29.9159],[78.47564,29.91696],[78.47578,29.91767],[78.47562,29.91786],[78.47474,29.9177],[78.47439,29.91801],[78.47379,29.91784],[78.47287,29.91806],[78.4723,29.91927],[78.4731,29.91962],[78.47378,29.92048],[78.4734,29.92166],[78.47267,29.92286],[78.47122,29.92402],[78.47246,29.92597],[78.47206,29.92628],[78.47074,29.92551],[78.46967,29.92529],[78.46939,29.92566],[78.46875,29.92576],[78.46863,29.92609],[78.46804,29.92629],[78.468,29.92674],[78.46771,29.92676],[78.46601,29.92593],[78.46624,29.9251],[78.46576,29.92482],[78.4651,29.92505],[78.46457,29.92401],[78.4641,29.92385],[78.46381,29.9229],[78.46393,29.92235],[78.46348,29.92227],[78.46324,29.92265],[78.4621,29.92287],[78.46156,29.92267],[78.4617,29.9237],[78.46102,29.92414],[78.46097,29.9245],[78.46166,29.92479],[78.46148,29.92543],[78.46175,29.92572],[78.46259,29.92587],[78.46265,29.92636],[78.46347,29.92731],[78.46347,29.92762],[78.46038,29.92763],[78.45994,29.92825],[78.46059,29.92874],[78.46062,29.9292],[78.46112,29.92963],[78.46009,29.92998],[78.45971,29.93054],[78.45861,29.93093],[78.45806,29.93078],[78.45789,29.93157],[78.4584,29.93176],[78.45841,29.93197],[78.45923,29.93205],[78.45945,29.93242],[78.46012,29.93255],[78.4605,29.93289],[78.46158,29.93311],[78.4618,29.93351],[78.46232,29.9337],[78.4621,29.93403],[78.46119,29.93412],[78.46172,29.93461],[78.46162,29.93483],[78.46061,29.93467],[78.45951,29.93482],[78.45937,29.93504],[78.45963,29.93552],[78.45908,29.9357],[78.4589,29.93605],[78.4582,29.9357],[78.45667,29.93639],[78.4568,29.93699],[78.45726,29.93716],[78.45747,29.93782],[78.4565,29.93822],[78.45652,29.93842],[78.45741,29.93896],[78.45845,29.93903],[78.45873,29.93975],[78.46017,29.94051],[78.46001,29.94121],[78.46024,29.94154],[78.46126,29.94199],[78.4634,29.9418],[78.46428,29.94238],[78.4654,29.94366],[78.46342,29.9437],[78.46201,29.94515],[78.46128,29.9447],[78.4608,29.94471],[78.46065,29.94591],[78.46012,29.94615],[78.4593,29.94528],[78.4593,29.94492],[78.4586,29.94529],[78.45789,29.94469],[78.45705,29.94469],[78.45605,29.94429],[78.4551,29.94452],[78.45465,29.94478],[78.45541,29.94554],[78.45526,29.94582],[78.45483,29.94587],[78.45507,29.94647],[78.45406,29.94656],[78.45403,29.94748],[78.45342,29.94775],[78.45364,29.94825],[78.45446,29.94876],[78.45427,29.94907],[78.45452,29.94951],[78.45355,29.95043],[78.45271,29.95069],[78.45293,29.95142],[78.45422,29.951],[78.4546,29.95131],[78.45423,29.95138],[78.45339,29.95243],[78.45284,29.9525],[78.45176,29.95162],[78.45118,29.95068],[78.44997,29.95105]]}},{"type":"Feature","properties":{"name":"Haridwar Main Road","ref":"Old NH 58","highway":"secondary"},"geometry":{"type":"LineString","coordinates":[[78.1096,29.9207],[78.10949,29.9207]]}},{"type":"Feature","properties":{"name":"Haridwar Main Road","ref":"","highway":"secondary"},"geometry":{"type":"LineString","coordinates":[[78.10949,29.9207],[78.1038,29.92097],[78.10359,29.92042]]}},{"type":"Feature","properties":{"name":"NH34","ref":"NH34","highway":"trunk"},"geometry":{"type":"LineString","coordinates":[[78.39502,30.34572],[78.39692,30.34455],[78.39815,30.34471],[78.39679,30.34487],[78.39464,30.3466],[78.39369,30.34667],[78.39268,30.34821],[78.39291,30.34848],[78.39379,30.34862],[78.3943,30.34924],[78.39517,30.34923],[78.39549,30.34954],[78.39543,30.35131],[78.39581,30.35171],[78.39505,30.35249],[78.39628,30.3537],[78.39605,30.35584],[78.39476,30.35599],[78.39412,30.35563],[78.3938,30.35497],[78.39325,30.35481],[78.39249,30.35565],[78.39172,30.35609],[78.39052,30.35592],[78.38973,30.35634],[78.38979,30.35662],[78.39112,30.35778],[78.391,30.35859],[78.39254,30.3592],[78.39458,30.36069],[78.39291,30.3623],[78.39313,30.36253],[78.39478,30.36257],[78.39594,30.36337],[78.39471,30.36662],[78.39405,30.36695],[78.39341,30.36683],[78.39264,30.36705],[78.39314,30.368]]}},{"type":"Feature","properties":{"name":"Haridwar Main Road","ref":"Old NH 58","highway":"secondary"},"geometry":{"type":"LineString","coordinates":[[78.15672,29.94755],[78.14864,29.94278]]}},{"type":"Feature","properties":{"name":"Rishikesh Bypass","ref":"","highway":"secondary"},"geometry":{"type":"LineString","coordinates":[[78.26085,30.07196],[78.26045,30.0718],[78.26057,30.07209],[78.26085,30.07196]]}},{"type":"Feature","properties":{"name":"Rishikesh Bypass","ref":"","highway":"secondary"},"geometry":{"type":"LineString","coordinates":[[78.26085,30.07185],[78.26532,30.07123],[78.27481,30.06833],[78.27536,30.06834],[78.27623,30.0687],[78.27661,30.0692],[78.27685,30.07122],[78.27712,30.07154],[78.27941,30.07276]]}},{"type":"Feature","properties":{"name":"NH334","ref":"NH334","highway":"trunk"},"geometry":{"type":"LineString","coordinates":[[78.07826,29.91885],[78.07943,29.91884],[78.08172,29.9179],[78.08278,29.91772],[78.10095,29.91706]]}},{"type":"Feature","properties":{"name":"Haridwar Main Road","ref":"Old NH 58","highway":"secondary"},"geometry":{"type":"LineString","coordinates":[[78.13864,29.93603],[78.14847,29.94275]]}},{"type":"Feature","properties":{"name":"Haridwar Main Road","ref":"Old NH 58","highway":"secondary"},"geometry":{"type":"LineString","coordinates":[[78.14854,29.9427],[78.1387,29.93594]]}},{"type":"Feature","properties":{"name":"Haridwar Main Road","ref":"Old NH 58","highway":"secondary"},"geometry":{"type":"LineString","coordinates":[[78.14857,29.94284],[78.15672,29.94755]]}},{"type":"Feature","properties":{"name":"NH7;NH34","ref":"NH7;NH34","highway":"trunk"},"geometry":{"type":"LineString","coordinates":[[78.23377,30.06038],[78.23775,30.0627],[78.2427,30.06488]]}},{"type":"Feature","properties":{"name":"NH7;NH34","ref":"NH7;NH34","highway":"trunk"},"geometry":{"type":"LineString","coordinates":[[78.23117,30.05968],[78.23144,30.05979]]}},{"type":"Feature","properties":{"name":"","ref":"","highway":"primary"},"geometry":{"type":"LineString","coordinates":[[78.48652,30.29804],[78.48676,30.29826]]}},{"type":"Feature","properties":{"name":"","ref":"","highway":"primary"},"geometry":{"type":"LineString","coordinates":[[78.48676,30.29826],[78.48908,30.29947],[78.491,30.30188],[78.49214,30.30614],[78.49132,30.30891],[78.49022,30.31097],[78.48922,30.3106],[78.48881,30.31317],[78.48786,30.31428],[78.48712,30.31578],[78.48629,30.31663],[78.4867,30.31849],[78.48786,30.32007],[78.48741,30.32223],[78.48772,30.32276],[78.48813,30.32785],[78.48732,30.33029],[78.48693,30.3305],[78.48592,30.33047],[78.48591,30.33123],[78.48639,30.33167],[78.48611,30.33352],[78.48671,30.33644],[78.48647,30.3368],[78.48648,30.33757],[78.48589,30.33894],[78.48366,30.34194],[78.48159,30.34425],[78.48146,30.34551],[78.48094,30.34591],[78.48125,30.34818],[78.48199,30.34888],[78.48379,30.35207],[78.48464,30.35293]]}},{"type":"Feature","properties":{"name":"NH7","ref":"NH7","highway":"trunk"},"geometry":{"type":"LineString","coordinates":[[78.27839,30.09243],[78.27855,30.09251]]}},{"type":"Feature","properties":{"name":"NH7","ref":"NH7","highway":"trunk"},"geometry":{"type":"LineString","coordinates":[[78.296,30.1035],[78.2895,30.10072],[78.28654,30.09664],[78.28518,30.09572]]}},{"type":"Feature","properties":{"name":"Rishikesh Bypass","ref":"","highway":"secondary"},"geometry":{"type":"LineString","coordinates":[[78.27941,30.07276],[78.2796,30.0728]]}},{"type":"Feature","properties":{"name":"Rishikesh Bypass","ref":"","highway":"secondary"},"geometry":{"type":"LineString","coordinates":[[78.2796,30.0728],[78.28438,30.07376],[78.28532,30.07434],[78.2859,30.07525]]}},{"type":"Feature","properties":{"name":"NH34","ref":"NH34","highway":"trunk"},"geometry":{"type":"LineString","coordinates":[[78.36811,30.28131],[78.36819,30.2816]]}},{"type":"Feature","properties":{"name":"NH7","ref":"NH7","highway":"trunk"},"geometry":{"type":"LineString","coordinates":[[78.38933,30.1228],[78.38789,30.12312],[78.38767,30.12349],[78.38731,30.12358],[78.38517,30.12326]]}},{"type":"Feature","properties":{"name":"NH7","ref":"NH7","highway":"trunk"},"geometry":{"type":"LineString","coordinates":[[78.37603,30.11878],[78.37438,30.11913],[78.37392,30.1189],[78.37343,30.11817],[78.37127,30.11834],[78.37015,30.11898]]}},{"type":"Feature","properties":{"name":"NH7","ref":"NH7","highway":"trunk"},"geometry":{"type":"LineString","coordinates":[[78.38209,30.12272],[78.38034,30.12339],[78.37999,30.12238],[78.37925,30.12159],[78.37704,30.12029],[78.37635,30.12018],[78.37679,30.11971],[78.37603,30.11878]]}},{"type":"Feature","properties":{"name":"NH7","ref":"NH7","highway":"trunk"},"geometry":{"type":"LineString","coordinates":[[78.45382,30.07098],[78.45356,30.07119]]}},{"type":"Feature","properties":{"name":"NH7","ref":"NH7","highway":"trunk"},"geometry":{"type":"LineString","coordinates":[[78.37015,30.11898],[78.36701,30.12012],[78.36497,30.12173],[78.36368,30.12226],[78.36184,30.12379],[78.36076,30.12509],[78.3599,30.12525],[78.35972,30.12573],[78.35756,30.12673],[78.35611,30.12781],[78.35612,30.12848]]}},{"type":"Feature","properties":{"name":"NH7","ref":"NH7","highway":"trunk"},"geometry":{"type":"LineString","coordinates":[[78.32026,30.12794],[78.32053,30.12758],[78.32384,30.12861],[78.32435,30.12967],[78.32388,30.13116],[78.32472,30.13157],[78.32472,30.13256],[78.32517,30.13294],[78.32608,30.13322],[78.32681,30.13272],[78.32738,30.13265],[78.32845,30.13315],[78.32846,30.13361],[78.33062,30.13448],[78.33105,30.13506]]}},{"type":"Feature","properties":{"name":"NH7","ref":"NH7","highway":"trunk"},"geometry":{"type":"LineString","coordinates":[[78.38517,30.12326],[78.38209,30.12272]]}},{"type":"Feature","properties":{"name":"NH34","ref":"NH34","highway":"trunk"},"geometry":{"type":"LineString","coordinates":[[78.33153,30.22382],[78.33195,30.22464],[78.33236,30.22489],[78.33265,30.22583],[78.33328,30.226],[78.33333,30.22707],[78.33382,30.22825],[78.335,30.22795],[78.33577,30.22811],[78.33588,30.22677],[78.33618,30.22636],[78.3372,30.22614],[78.33758,30.22582],[78.33813,30.22595],[78.3386,30.22636],[78.33868,30.22729],[78.33995,30.22881],[78.34016,30.22969],[78.33985,30.23012],[78.33991,30.23046],[78.3417,30.23032],[78.34287,30.22943],[78.34301,30.22893],[78.34454,30.22756],[78.34662,30.22861],[78.34759,30.22848],[78.34937,30.22881],[78.35118,30.22865],[78.3517,30.22883],[78.35224,30.23005],[78.35344,30.23073],[78.35309,30.23132],[78.35494,30.23165],[78.3547,30.23246],[78.35529,30.23276],[78.35558,30.2339],[78.35716,30.2343],[78.35779,30.23499],[78.35695,30.23588],[78.3559,30.23635],[78.35577,30.23816],[78.35503,30.23874],[78.35469,30.23953],[78.35321,30.24041],[78.35324,30.24091],[78.35412,30.24099],[78.35508,30.24175],[78.35649,30.24138],[78.35906,30.24278],[78.36092,30.2417],[78.36155,30.2409],[78.36238,30.24072],[78.3626,30.24142],[78.36456,30.24283],[78.36485,30.24371],[78.36618,30.24486],[78.36706,30.24653],[78.36706,30.24715],[78.36747,30.24798],[78.36648,30.24855],[78.36657,30.24945],[78.36598,30.25038],[78.36412,30.25179],[78.36609,30.25223],[78.36607,30.25298],[78.36627,30.25307],[78.36981,30.25309],[78.36968,30.25369],[78.36914,30.25415],[78.36942,30.25705],[78.36907,30.2578],[78.36923,30.25883],[78.36901,30.25919],[78.36763,30.25863],[78.3672,30.25955],[78.36556,30.25955],[78.36568,30.26089],[78.36475,30.26084],[78.36402,30.26169],[78.36383,30.26234],[78.36283,30.26204],[78.36321,30.26335],[78.36431,30.26424],[78.36226,30.26551]]}},{"type":"Feature","properties":{"name":"Chamba-Barkot Road","ref":"","highway":"secondary"},"geometry":{"type":"LineString","coordinates":[[78.47715,30.37776],[78.47677,30.37793],[78.47643,30.37911],[78.47701,30.37983],[78.47692,30.38016],[78.47601,30.38106],[78.47515,30.38253],[78.47366,30.38367],[78.47368,30.38432],[78.47289,30.38559],[78.47132,30.38678],[78.46914,30.38708],[78.46715,30.38899],[78.46464,30.3891],[78.46436,30.38928],[78.46389,30.39088],[78.46397,30.39256],[78.46315,30.39311],[78.46251,30.39455],[78.46179,30.39526],[78.46158,30.39623],[78.46037,30.39621],[78.46044,30.39677],[78.46125,30.39737],[78.46125,30.39841],[78.46043,30.39909],[78.46034,30.39965],[78.45892,30.40087],[78.45833,30.40191],[78.45699,30.40326],[78.45702,30.40457],[78.45596,30.40507],[78.4555,30.40634],[78.45594,30.40673],[78.45505,30.40796],[78.45313,30.41233],[78.452,30.41116],[78.45215,30.41061],[78.45182,30.41035],[78.4516,30.40827],[78.45052,30.4079],[78.45085,30.40666],[78.45004,30.40626],[78.44981,30.40524],[78.44864,30.40425],[78.44836,30.4031],[78.44803,30.40283],[78.44626,30.40247],[78.44489,30.40153],[78.44276,30.40148],[78.44165,30.40076],[78.44112,30.401],[78.44077,30.40047],[78.44086,30.39987],[78.4405,30.3996],[78.43957,30.39977],[78.4384,30.39929],[78.43809,30.39957],[78.43789,30.40065],[78.43755,30.40076],[78.43647,30.39955],[78.43582,30.39923],[78.4335,30.39921],[78.43218,30.39991],[78.43105,30.39921],[78.42984,30.39886],[78.42966,30.39848],[78.42972,30.39742],[78.43106,30.39649],[78.43115,30.39587],[78.43086,30.39567],[78.43055,30.39605],[78.42971,30.39609],[78.42827,30.3935],[78.42658,30.3929],[78.42489,30.39268],[78.42444,30.39236],[78.42337,30.391],[78.42346,30.3906],[78.42419,30.39015],[78.42433,30.3898],[78.42413,30.38938],[78.42307,30.38947],[78.42291,30.38558],[78.42251,30.38507],[78.42147,30.38512],[78.41958,30.38375],[78.41894,30.38353],[78.41844,30.38268],[78.41739,30.38382],[78.41707,30.38386],[78.41562,30.38251],[78.4149,30.38254],[78.41331,30.38141],[78.41175,30.38149],[78.41123,30.38204],[78.41081,30.3821],[78.4101,30.38201],[78.4092,30.38139],[78.40902,30.38167],[78.40754,30.38202],[78.4057,30.3816],[78.40475,30.38092],[78.40441,30.37915],[78.40373,30.37857],[78.40363,30.37732],[78.40322,30.37682],[78.4028,30.37506],[78.40372,30.37463],[78.40335,30.37379],[78.40392,30.37249],[78.40498,30.37217],[78.40539,30.37192],[78.40538,30.37169],[78.40481,30.37132],[78.4038,30.37127],[78.40374,30.36992],[78.40343,30.36954],[78.40405,30.36875],[78.40441,30.3678],[78.40646,30.36687],[78.40564,30.36641],[78.40453,30.36636],[78.40406,30.36525],[78.4034,30.3657],[78.40336,30.36504],[78.40372,30.36418],[78.40448,30.36388],[78.40371,30.36311],[78.40352,30.36179],[78.40506,30.3598],[78.40679,30.3594],[78.40721,30.3591],[78.40696,30.35852],[78.40503,30.35776],[78.40538,30.35643],[78.40614,30.35636],[78.40698,30.35574],[78.40781,30.35423],[78.40756,30.35394],[78.40692,30.35423],[78.40645,30.35363],[78.40548,30.35333],[78.40535,30.35356],[78.40566,30.35402],[78.40544,30.35433],[78.40371,30.35411],[78.40276,30.35139],[78.40245,30.35105],[78.40144,30.34728],[78.40029,30.34624],[78.39915,30.34466],[78.39825,30.34473]]}},{"type":"Feature","properties":{"name":"NH34","ref":"NH34","highway":"trunk"},"geometry":{"type":"LineString","coordinates":[[78.40955,30.41577],[78.40914,30.417],[78.41008,30.41743],[78.41048,30.41837],[78.41159,30.41937],[78.41247,30.42106],[78.41176,30.42146],[78.40909,30.4213],[78.40826,30.42189],[78.40749,30.42173],[78.40684,30.42326],[78.40765,30.42457],[78.40861,30.4252],[78.40863,30.42571],[78.40839,30.42585],[78.40414,30.42628],[78.40326,30.42554],[78.40316,30.42598],[78.40364,30.4277],[78.40437,30.42821],[78.40573,30.4302],[78.40562,30.43072],[78.40611,30.43175],[78.40659,30.43217],[78.40726,30.43234],[78.40757,30.43303],[78.40834,30.43345],[78.40854,30.43448],[78.40724,30.43439],[78.40605,30.43357],[78.40435,30.43316],[78.40345,30.43321],[78.40286,30.43355],[78.40223,30.43229],[78.39972,30.43116],[78.39925,30.4316],[78.39934,30.4321],[78.39883,30.43269],[78.3994,30.43317],[78.39967,30.43413],[78.39853,30.43477],[78.39866,30.43534],[78.39941,30.43635],[78.39943,30.43697],[78.40016,30.43887],[78.39908,30.43955],[78.39774,30.44185],[78.39809,30.44291],[78.39782,30.44304],[78.39723,30.44279],[78.39685,30.44306],[78.39713,30.44559],[78.39466,30.44675],[78.39385,30.44674],[78.39301,30.44709],[78.39143,30.44686],[78.39143,30.44615],[78.39048,30.44545],[78.39023,30.44541],[78.38983,30.44606],[78.38941,30.44627],[78.38914,30.44609],[78.38895,30.44503],[78.38863,30.44499],[78.38825,30.44531],[78.38673,30.44392],[78.38564,30.44336],[78.38453,30.44193],[78.38359,30.44156],[78.38327,30.44088],[78.3831,30.44094],[78.38273,30.44142],[78.38266,30.44198],[78.38411,30.44276],[78.38437,30.44455],[78.38483,30.44503],[78.38469,30.44535]]}},{"type":"Feature","properties":{"name":"Tehri-Uttarkashi Road","ref":"","highway":"secondary"},"geometry":{"type":"LineString","coordinates":[[78.43157,30.39966],[78.42913,30.39876],[78.42903,30.39673],[78.42849,30.39647],[78.42795,30.39665],[78.42777,30.39824],[78.42817,30.39957],[78.4289,30.40007],[78.42926,30.40074],[78.43067,30.40161],[78.43191,30.40336],[78.43326,30.40361],[78.4347,30.40456],[78.43499,30.40559],[78.43559,30.40642],[78.43561,30.40724],[78.43907,30.40644],[78.44163,30.40624],[78.44532,30.40787],[78.44563,30.40917],[78.44607,30.40978],[78.44517,30.41007],[78.44453,30.41065],[78.44477,30.41146],[78.44433,30.41195],[78.44385,30.41194],[78.44375,30.41214],[78.44441,30.41333],[78.44423,30.41356],[78.44391,30.41375],[78.44344,30.41357],[78.4429,30.41424],[78.44237,30.41415],[78.44243,30.41471],[78.44186,30.41521],[78.442,30.41553],[78.44179,30.41574],[78.44101,30.41577],[78.44134,30.41672],[78.44104,30.41719],[78.44107,30.41825],[78.43961,30.41869],[78.43792,30.41755],[78.43742,30.41749],[78.43749,30.41793],[78.43833,30.41876],[78.43823,30.41915],[78.43863,30.41975],[78.43846,30.42],[78.43739,30.42052],[78.43554,30.4204],[78.43476,30.42156],[78.43398,30.4221],[78.43318,30.42231],[78.43253,30.42287],[78.43088,30.426],[78.42981,30.42545],[78.42845,30.4242],[78.4277,30.42533],[78.42734,30.42414],[78.42686,30.42361],[78.42604,30.42322],[78.42514,30.42336],[78.42577,30.42399],[78.42571,30.42514],[78.42614,30.42583],[78.42572,30.42688],[78.42721,30.42781],[78.42808,30.42891],[78.42863,30.42894],[78.42765,30.42948],[78.42678,30.43085],[78.42669,30.43138],[78.42549,30.4315],[78.42506,30.43182],[78.42489,30.43252],[78.42535,30.43317],[78.42358,30.43336],[78.42287,30.43303],[78.42237,30.43337],[78.42264,30.4338],[78.42265,30.43446],[78.42419,30.43538],[78.42466,30.43631],[78.4265,30.43771],[78.42654,30.43796],[78.42641,30.43843],[78.42557,30.43913],[78.42561,30.43952],[78.42615,30.44001],[78.42551,30.44011],[78.42472,30.44112],[78.42376,30.4414],[78.42395,30.44275],[78.42363,30.4429],[78.42216,30.44254],[78.42182,30.44287],[78.42449,30.44399],[78.42577,30.44359],[78.42625,30.4437],[78.42717,30.44482],[78.42796,30.44513],[78.42911,30.44517],[78.43069,30.44587],[78.43298,30.44539],[78.43303,30.44649],[78.4334,30.44737],[78.43302,30.44797]]}},{"type":"Feature","properties":{"name":"NH707A","ref":"NH707A","highway":"trunk"},"geometry":{"type":"LineString","coordinates":[[78.24816,30.4235],[78.2499,30.42303],[78.25097,30.42136],[78.25238,30.42137],[78.25291,30.42041],[78.25519,30.41926],[78.25683,30.41945],[78.25796,30.42008]]}},{"type":"Feature","properties":{"name":"NH34","ref":"NH34","highway":"trunk"},"geometry":{"type":"LineString","coordinates":[[78.34919,30.29766],[78.34873,30.29834],[78.34867,30.29938],[78.34761,30.30115],[78.34694,30.30343],[78.34444,30.30536],[78.34444,30.30718],[78.34387,30.30815],[78.34429,30.30905],[78.34429,30.30996],[78.34462,30.31092],[78.34753,30.31228],[78.3483,30.31327],[78.34933,30.31396],[78.35091,30.3161],[78.35098,30.31746],[78.3503,30.31982],[78.35028,30.32106],[78.3515,30.32135],[78.35233,30.32213],[78.35302,30.32232],[78.35373,30.32377],[78.35517,30.32547],[78.35728,30.3273],[78.35893,30.32783],[78.35993,30.32748],[78.36045,30.32757],[78.36089,30.32784],[78.36145,30.32941],[78.36294,30.32984],[78.36316,30.33],[78.36323,30.33066],[78.36356,30.33067]]}},{"type":"Feature","properties":{"name":"NH34","ref":"NH34","highway":"trunk"},"geometry":{"type":"LineString","coordinates":[[78.39314,30.368],[78.39432,30.36965],[78.39617,30.37047],[78.39594,30.37137],[78.39639,30.37232],[78.39645,30.37365],[78.39617,30.37375],[78.39571,30.37348],[78.39503,30.37369],[78.39418,30.37308],[78.39246,30.3728],[78.39252,30.37413],[78.39341,30.37616],[78.39343,30.37683],[78.3917,30.37833],[78.39119,30.37953],[78.39152,30.37962],[78.39209,30.37924],[78.39293,30.37943],[78.39352,30.37898],[78.39451,30.38025],[78.39653,30.3809],[78.39628,30.38143],[78.39629,30.38238],[78.39521,30.38317],[78.39434,30.3847],[78.39291,30.38568],[78.3912,30.38758],[78.39149,30.38781],[78.3935,30.38716],[78.39483,30.38744],[78.39544,30.38798],[78.39597,30.38768],[78.39864,30.38765],[78.40006,30.38684],[78.40049,30.38725],[78.40038,30.38786],[78.4006,30.38844],[78.40032,30.38921],[78.40112,30.38986],[78.40157,30.39107],[78.40156,30.39142],[78.40098,30.39198],[78.39989,30.39209],[78.39794,30.39377],[78.39796,30.39409],[78.39853,30.39454],[78.3986,30.3953],[78.39811,30.39576],[78.39792,30.39645],[78.39826,30.39744],[78.3978,30.39785],[78.39818,30.39896],[78.39795,30.39925],[78.39733,30.39927],[78.39614,30.39993],[78.39633,30.40027],[78.39732,30.40051],[78.39763,30.40096],[78.3978,30.40169],[78.39751,30.40419],[78.39787,30.40434],[78.39872,30.40327],[78.40051,30.40252],[78.40042,30.40163],[78.40105,30.40057],[78.40103,30.40015],[78.40188,30.39996],[78.40228,30.39848],[78.40298,30.39758],[78.40357,30.39787],[78.4042,30.39775],[78.40485,30.39873],[78.40575,30.39852],[78.40667,30.39896],[78.40751,30.39871],[78.40783,30.39906],[78.40894,30.39923],[78.41016,30.39864],[78.41152,30.39717],[78.41173,30.3972],[78.41184,30.39773],[78.41296,30.39869],[78.41296,30.40002],[78.41367,30.40029],[78.41401,30.40098],[78.41328,30.40217],[78.41227,30.40313],[78.41259,30.40458],[78.41357,30.40448],[78.41479,30.4047],[78.41481,30.40572],[78.41507,30.40574],[78.41616,30.40553],[78.41657,30.40497],[78.41825,30.40495],[78.41874,30.40533],[78.41893,30.40591],[78.41966,30.40623],[78.41977,30.40672],[78.42058,30.40636],[78.42138,30.40742],[78.4213,30.40818],[78.42154,30.40866],[78.42138,30.40923],[78.42202,30.40975],[78.42212,30.41066],[78.42259,30.41171],[78.42114,30.41209],[78.42109,30.41381],[78.42168,30.41458],[78.42246,30.41472],[78.42319,30.41544],[78.42336,30.41569],[78.42321,30.41603],[78.42027,30.41623],[78.41878,30.41544],[78.41772,30.4153],[78.41644,30.41411],[78.41519,30.41399],[78.41443,30.41425],[78.41406,30.41406],[78.41314,30.41461],[78.41155,30.41502],[78.41081,30.41472],[78.41009,30.41482],[78.40955,30.41577]]}},{"type":"Feature","properties":{"name":"","ref":"","highway":"secondary"},"geometry":{"type":"LineString","coordinates":[[78.59804,30.15085],[78.59833,30.15152],[78.59998,30.15258],[78.60079,30.15506],[78.60081,30.15525],[78.60054,30.15526],[78.60045,30.1543],[78.60009,30.15416],[78.59994,30.1533],[78.59975,30.1533],[78.59973,30.15447],[78.6002,30.15464],[78.60026,30.15542],[78.59989,30.15645],[78.59978,30.15781],[78.59878,30.1602],[78.59916,30.16064],[78.59853,30.16131],[78.59837,30.16114],[78.59862,30.16069],[78.59834,30.16092],[78.59805,30.16173],[78.59741,30.16245],[78.5974,30.16381],[78.59667,30.16383],[78.59656,30.16438],[78.59624,30.1646],[78.59535,30.16419],[78.59594,30.16623],[78.59543,30.16758],[78.5956,30.16837],[78.5949,30.16906],[78.59477,30.17011],[78.59223,30.17088],[78.59168,30.1719],[78.591,30.1718],[78.59088,30.17222],[78.5897,30.17196],[78.59021,30.17317],[78.58969,30.17357],[78.58836,30.17387],[78.58772,30.17438],[78.5871,30.1742],[78.58564,30.17714],[78.58505,30.17717],[78.58481,30.17764],[78.58379,30.17747],[78.58341,30.17666],[78.58263,30.17615],[78.58235,30.17621],[78.58268,30.17678],[78.58241,30.17767],[78.58267,30.17844],[78.58381,30.1792],[78.58353,30.17997],[78.58351,30.18123],[78.5838,30.18185],[78.58381,30.18322],[78.58318,30.1843],[78.58253,30.18678],[78.5824,30.18765],[78.58261,30.18807],[78.58159,30.18923],[78.58115,30.18924],[78.58098,30.18764],[78.57947,30.18535],[78.5795,30.1844],[78.57926,30.18402],[78.57894,30.18402],[78.57839,30.18605],[78.57878,30.18753],[78.57798,30.18841],[78.57773,30.18966],[78.57684,30.18973],[78.57601,30.19058],[78.57515,30.19075],[78.57459,30.19131],[78.57271,30.19208],[78.57192,30.19309],[78.57101,30.19351],[78.57046,30.19419],[78.56938,30.19326],[78.56879,30.19375],[78.56816,30.19351],[78.56781,30.19374],[78.56709,30.19351],[78.56677,30.19365],[78.56648,30.19434],[78.56476,30.19419],[78.56419,30.19513],[78.56332,30.1956],[78.5624,30.19532],[78.5607,30.19543],[78.56022,30.19702],[78.55834,30.19721],[78.55801,30.19749],[78.55721,30.19684],[78.55589,30.19656],[78.55525,30.19598],[78.55441,30.1966],[78.55374,30.19788],[78.55356,30.19903],[78.5532,30.19938],[78.55259,30.19913],[78.55195,30.19816],[78.55084,30.19748],[78.54949,30.19753],[78.5484,30.19828],[78.54684,30.19865],[78.54668,30.19897]]}},{"type":"Feature","properties":{"name":"","ref":"","highway":"secondary"},"geometry":{"type":"LineString","coordinates":[[78.52604,30.23077],[78.52401,30.2313],[78.52155,30.23053],[78.51937,30.2307],[78.51849,30.22993],[78.5183,30.22899],[78.51741,30.22821],[78.51629,30.22821],[78.51532,30.22879],[78.5151,30.22873],[78.51489,30.22788],[78.51278,30.22806],[78.51179,30.22768],[78.50982,30.22845],[78.50931,30.22915],[78.50875,30.2294],[78.5085,30.22898],[78.50856,30.22837],[78.50931,30.22705],[78.50923,30.22675],[78.50749,30.22616],[78.50652,30.22476],[78.50649,30.22388],[78.50497,30.22229],[78.50474,30.22342],[78.5049,30.22385],[78.50441,30.22484],[78.50448,30.22696],[78.50404,30.22838],[78.5033,30.2286],[78.50214,30.22796],[78.50136,30.22802],[78.50002,30.22771],[78.49822,30.22862],[78.49744,30.22872],[78.49674,30.22609],[78.49582,30.22465],[78.49526,30.22291],[78.49469,30.22263],[78.49433,30.223],[78.49433,30.22446],[78.49465,30.22561],[78.49393,30.226],[78.49358,30.22681],[78.49246,30.22751],[78.49217,30.22961],[78.4908,30.23003],[78.4897,30.23005],[78.48686,30.22824],[78.48576,30.22801],[78.48613,30.22881],[78.48578,30.22973],[78.48714,30.23082],[78.48731,30.23158],[78.48799,30.23244],[78.48934,30.23286],[78.48971,30.23329],[78.48976,30.23399],[78.49187,30.23494],[78.49223,30.2356],[78.49463,30.23483],[78.49654,30.2338],[78.49739,30.23395],[78.49906,30.23317],[78.49954,30.23316],[78.50005,30.23335],[78.50064,30.23429],[78.50323,30.23603],[78.50364,30.23656],[78.50851,30.23715],[78.5088,30.23743],[78.50881,30.23811],[78.50724,30.23829],[78.50668,30.23863],[78.50581,30.23849],[78.50494,30.23938],[78.50428,30.23948],[78.50394,30.24],[78.50363,30.24007],[78.50246,30.23977],[78.5016,30.24012],[78.49993,30.24018],[78.49957,30.24109],[78.498,30.24165],[78.49774,30.24212],[78.49787,30.24249],[78.4997,30.24362],[78.49934,30.24451],[78.4979,30.24535],[78.49678,30.24524],[78.49487,30.2437],[78.49321,30.24335],[78.49272,30.24352],[78.48994,30.24338],[78.48937,30.24155],[78.48855,30.2422],[78.48765,30.24203],[78.4862,30.24226],[78.48475,30.24207],[78.48335,30.2411],[78.48271,30.24129],[78.48224,30.24189],[78.48152,30.24219],[78.48126,30.24211],[78.48064,30.241],[78.47751,30.24252],[78.47661,30.2425],[78.47539,30.24198],[78.47502,30.24207],[78.47462,30.2439],[78.47292,30.24484],[78.47196,30.24585],[78.4715,30.24606],[78.47085,30.24536],[78.47035,30.2454],[78.47063,30.24559],[78.47076,30.24643],[78.47032,30.24741]]}},{"type":"Feature","properties":{"name":"","ref":"","highway":"secondary"},"geometry":{"type":"LineString","coordinates":[[78.52274,30.33898],[78.523,30.33966],[78.52483,30.34012],[78.52521,30.34042],[78.52518,30.34102],[78.52548,30.3415],[78.52536,30.34243],[78.52488,30.34311],[78.52471,30.34389],[78.52571,30.34533],[78.52862,30.34592],[78.52957,30.34552],[78.52977,30.34482],[78.53097,30.34448],[78.53195,30.34366],[78.53293,30.34395],[78.53357,30.34344],[78.53511,30.34323],[78.53574,30.34274],[78.53607,30.34203],[78.53715,30.34181],[78.53687,30.34022],[78.53704,30.33735],[78.53603,30.33581],[78.53521,30.33305],[78.53776,30.33357],[78.53911,30.33424],[78.53951,30.33469],[78.54133,30.33503],[78.54153,30.33459],[78.54203,30.33433],[78.54463,30.33403],[78.54613,30.33335],[78.54666,30.33342],[78.54767,30.33413],[78.54997,30.33387],[78.5508,30.33399],[78.55099,30.33338],[78.55188,30.33226],[78.55349,30.33213],[78.55432,30.33136],[78.55583,30.3314],[78.55622,30.33121],[78.55662,30.33028],[78.55714,30.32991],[78.55706,30.32918],[78.55749,30.32876],[78.55766,30.32709],[78.55845,30.32575],[78.55814,30.3253],[78.55829,30.32465],[78.55869,30.3242],[78.56096,30.32472],[78.56205,30.3269],[78.56307,30.32716],[78.56352,30.32754],[78.56408,30.32746],[78.5648,30.32809],[78.56552,30.32797],[78.56702,30.32858],[78.56748,30.32836],[78.56843,30.32846],[78.56947,30.32785],[78.571,30.32809],[78.57252,30.32782],[78.57245,30.32719],[78.57289,30.32627],[78.57426,30.32562],[78.5743,30.32516],[78.57457,30.32496],[78.57584,30.32523],[78.57591,30.32464],[78.57773,30.32394],[78.57904,30.32242],[78.57862,30.32141],[78.57892,30.32017],[78.57924,30.31974],[78.57921,30.31919],[78.58028,30.31832],[78.58033,30.31768],[78.58071,30.31714],[78.58186,30.31656],[78.58175,30.31601],[78.58199,30.31571],[78.58284,30.3157],[78.58406,30.31505],[78.58632,30.31468],[78.58755,30.31503],[78.58727,30.31447],[78.58785,30.31407],[78.59081,30.31392],[78.59203,30.31428],[78.59309,30.31439],[78.59359,30.31409],[78.59485,30.31457],[78.59547,30.31451],[78.59587,30.31395],[78.59757,30.31293],[78.59827,30.31169],[78.59819,30.31004],[78.5991,30.30943],[78.59963,30.30773],[78.59937,30.3074],[78.5995,30.30648],[78.59991,30.3063],[78.60144,30.30635],[78.60281,30.30663],[78.60463,30.3059],[78.6049,30.30536],[78.60551,30.30519],[78.60589,30.30447],[78.60663,30.30402],[78.60681,30.3034],[78.60642,30.30227],[78.60767,30.30122],[78.60742,30.30078],[78.60764,30.30004],[78.60693,30.29921],[78.60615,30.299],[78.60593,30.29805],[78.60493,30.29754],[78.60446,30.29496],[78.60374,30.29458],[78.60355,30.29423],[78.60387,30.29371],[78.60359,30.29312],[78.60293,30.29263],[78.60297,30.29196],[78.60257,30.29172],[78.60035,30.2917],[78.59857,30.29149],[78.5976,30.2911],[78.59603,30.29107],[78.595,30.29058],[78.59411,30.29048],[78.59389,30.28985],[78.5948,30.28781],[78.59433,30.28652],[78.59356,30.28563],[78.59358,30.28511],[78.59486,30.28463],[78.59563,30.28474],[78.59671,30.28538],[78.59918,30.28473],[78.59979,30.2848],[78.60148,30.28394],[78.60208,30.28281],[78.60228,30.28182],[78.60205,30.27951],[78.60235,30.27909],[78.60474,30.27905],[78.60536,30.27881],[78.60711,30.27777],[78.6079,30.2769],[78.60971,30.27597],[78.61071,30.27505],[78.61098,30.27407],[78.61149,30.27386]]}},{"type":"Feature","properties":{"name":"","ref":"","highway":"secondary"},"geometry":{"type":"LineString","coordinates":[[78.38148,30.08051],[78.37947,30.07903],[78.3786,30.0787],[78.3782,30.07813],[78.37623,30.07735],[78.37481,30.07627],[78.3752,30.07218],[78.37689,30.07038],[78.37747,30.06923],[78.37826,30.06869],[78.37819,30.06808],[78.37868,30.06764],[78.37872,30.06726],[78.38033,30.06486],[78.38203,30.06377],[78.38424,30.06286],[78.38496,30.06227],[78.38672,30.06187],[78.38805,30.06097],[78.39016,30.06065],[78.39089,30.0608],[78.39194,30.06048],[78.39214,30.06076],[78.39321,30.06114],[78.39387,30.06265],[78.39469,30.0631],[78.39601,30.06324],[78.39695,30.06412],[78.39745,30.06418],[78.39856,30.06367],[78.39895,30.06439],[78.39983,30.06442],[78.40074,30.06378],[78.40294,30.06474],[78.4035,30.06475],[78.40393,30.06534],[78.40433,30.06538],[78.40573,30.06536],[78.40663,30.0649],[78.40733,30.06528],[78.40779,30.06519],[78.40838,30.06583],[78.40885,30.06579],[78.4096,30.06687],[78.40964,30.06735],[78.41056,30.0672],[78.41083,30.0668],[78.41124,30.0667],[78.41154,30.06606],[78.41092,30.06526],[78.41122,30.06432],[78.41181,30.06401],[78.4129,30.06402],[78.41307,30.06441],[78.4137,30.06457],[78.41456,30.06554],[78.41495,30.06544],[78.41502,30.06561],[78.41443,30.06581],[78.41407,30.06537],[78.4137,30.06548],[78.41313,30.06644],[78.4128,30.0678],[78.41215,30.06835],[78.41122,30.06859],[78.41134,30.06873],[78.4123,30.06847],[78.41436,30.06711],[78.41549,30.06669],[78.41752,30.06483],[78.41906,30.06494],[78.41838,30.06629],[78.42063,30.06732],[78.42108,30.0672],[78.42118,30.06592],[78.42176,30.06555],[78.42176,30.06463],[78.42228,30.06426],[78.42342,30.06532],[78.4239,30.06631],[78.42488,30.06644],[78.42583,30.06603],[78.42753,30.066],[78.42777,30.06563],[78.4277,30.06526],[78.42684,30.06473],[78.4271,30.06397],[78.42779,30.06381],[78.42794,30.06385],[78.42727,30.06417],[78.42722,30.06447],[78.42781,30.06452],[78.42862,30.06537],[78.42855,30.06596],[78.42893,30.06604],[78.42846,30.06672],[78.42829,30.06794],[78.42883,30.06678],[78.42942,30.06627],[78.4291,30.065],[78.43078,30.06469],[78.43151,30.06399],[78.43171,30.06281],[78.43117,30.06229],[78.4318,30.06166],[78.43385,30.06195],[78.43514,30.0615],[78.43673,30.06149],[78.43695,30.06119],[78.4374,30.05978],[78.43691,30.05963],[78.43748,30.05902],[78.43777,30.05733],[78.43719,30.05703],[78.43595,30.05557],[78.43536,30.0552],[78.43734,30.05667],[78.43829,30.05708],[78.43845,30.05828],[78.43814,30.05904],[78.43893,30.05943],[78.43827,30.0605],[78.43853,30.06109],[78.44036,30.0601],[78.44151,30.06045],[78.4426,30.05992],[78.44326,30.06034],[78.44515,30.06027],[78.44618,30.06157],[78.44631,30.06076],[78.44721,30.05984],[78.4477,30.05965],[78.44822,30.0598],[78.44818,30.05834],[78.45039,30.05748],[78.45174,30.05628],[78.45292,30.05572],[78.45367,30.05445],[78.45474,30.05402],[78.45506,30.05345],[78.45639,30.05246],[78.45803,30.04986],[78.45788,30.04926],[78.45807,30.04872],[78.4588,30.04776],[78.45882,30.04718],[78.45929,30.04673],[78.45968,30.04563],[78.46086,30.04505],[78.46062,30.04383],[78.46127,30.04276],[78.4624,30.04205],[78.46305,30.04102],[78.46337,30.0393],[78.46438,30.03855],[78.46457,30.03795],[78.46438,30.03686],[78.46487,30.03649],[78.46614,30.03615],[78.46811,30.03585],[78.46802,30.03536],[78.46644,30.03422],[78.46607,30.03366],[78.46798,30.03347],[78.46918,30.03293],[78.46991,30.0322],[78.47037,30.03232],[78.47079,30.03347],[78.47178,30.0343],[78.4724,30.03417],[78.47285,30.03366],[78.47405,30.03377],[78.47457,30.03338],[78.47599,30.0333],[78.47654,30.03291],[78.47678,30.03181],[78.47714,30.03134],[78.47807,30.03224],[78.48079,30.03237],[78.48126,30.0328],[78.48235,30.03285],[78.48259,30.03254],[78.48306,30.03258],[78.48519,30.03136],[78.48588,30.03042],[78.48719,30.02999],[78.48747,30.0283],[78.48811,30.02847],[78.48942,30.02817],[78.49021,30.02712],[78.4912,30.02797],[78.49231,30.02746],[78.49373,30.0275],[78.49476,30.02673],[78.49583,30.02518],[78.49907,30.02287],[78.50021,30.02149],[78.50135,30.02106],[78.50193,30.02119],[78.50311,30.02094],[78.50425,30.02027],[78.50467,30.0198],[78.50478,30.0192],[78.5042,30.01815],[78.50528,30.01679],[78.50658,30.01637],[78.50776,30.01564],[78.50916,30.01362],[78.51025,30.0125],[78.51023,30.01128],[78.50819,30.00997],[78.50791,30.00948],[78.50955,30.00825],[78.51,30.00707],[78.51,30.00478],[78.50905,30.00407],[78.50916,30.00375],[78.51047,30.00411],[78.51073,30.00465],[78.5106,30.00581],[78.51115,30.00688],[78.51248,30.00695],[78.51261,30.00752],[78.51364,30.00819],[78.51364,30.00879],[78.51538,30.00971],[78.51557,30.01089],[78.51527,30.01141],[78.51716,30.01158],[78.51772,30.01124],[78.51804,30.01179],[78.51796,30.01231],[78.51755,30.01272],[78.51798,30.01383],[78.51738,30.0148],[78.51794,30.01448],[78.51845,30.01456],[78.51847,30.01521],[78.51804,30.01564],[78.51841,30.01598],[78.51892,30.01604],[78.5206,30.01521],[78.52111,30.01566],[78.52156,30.01559],[78.52186,30.01503],[78.52115,30.01396],[78.52298,30.01306],[78.52351,30.0133],[78.52386,30.01385],[78.52512,30.01392],[78.52564,30.01428],[78.5248,30.01707],[78.52493,30.01765],[78.52542,30.01793],[78.52686,30.01714],[78.5272,30.01817],[78.52931,30.01858],[78.53036,30.01782],[78.53076,30.01703]]}},{"type":"Feature","properties":{"name":"","ref":"","highway":"secondary"},"geometry":{"type":"LineString","coordinates":[[78.4274,30.2425],[78.42777,30.24316],[78.42909,30.24289],[78.42923,30.24305],[78.429,30.24435],[78.4304,30.2457],[78.4308,30.24568],[78.43168,30.24497],[78.43203,30.24494],[78.43268,30.24559],[78.43222,30.2472],[78.43248,30.24763],[78.43322,30.24763],[78.43369,30.24793],[78.43466,30.24715],[78.43652,30.24712],[78.43819,30.24636],[78.43837,30.24648],[78.4385,30.24674],[78.43834,30.24695],[78.43779,30.24711],[78.43723,30.24782],[78.43857,30.24818],[78.43799,30.24891],[78.43825,30.25027],[78.43889,30.25051],[78.43864,30.25145],[78.43959,30.25253],[78.4401,30.25278],[78.44059,30.25168],[78.44102,30.25193],[78.44234,30.25135],[78.44324,30.25145],[78.44372,30.25036],[78.44451,30.24946],[78.44541,30.2505],[78.44588,30.25058],[78.44617,30.25114],[78.44694,30.25153],[78.44776,30.25169],[78.44836,30.25135],[78.44897,30.25216],[78.45037,30.25249],[78.45086,30.25239],[78.45223,30.25331],[78.45332,30.25326],[78.45371,30.25403],[78.45503,30.25381],[78.45745,30.2549],[78.45914,30.2545],[78.45964,30.254],[78.46071,30.25381],[78.46206,30.25295],[78.46319,30.25267],[78.46433,30.25298],[78.46546,30.25283],[78.46608,30.25251],[78.46744,30.25286],[78.46905,30.2527]]}},{"type":"Feature","properties":{"name":"","ref":"","highway":"secondary"},"geometry":{"type":"LineString","coordinates":[[78.41704,30.25452],[78.41693,30.25291],[78.41733,30.25251],[78.41751,30.25164],[78.41882,30.2505],[78.41907,30.2496],[78.41967,30.24952],[78.4202,30.24909],[78.42101,30.24794],[78.42084,30.24754],[78.41998,30.24702],[78.41948,30.24525],[78.41812,30.24427],[78.41821,30.24298],[78.41881,30.2426],[78.41967,30.24273],[78.42037,30.24228],[78.42081,30.24248],[78.42136,30.24328],[78.42256,30.24368],[78.4236,30.24365],[78.42381,30.24326],[78.42464,30.2429],[78.42502,30.24244],[78.42502,30.24112],[78.426,30.24085],[78.42699,30.2399],[78.42717,30.23998],[78.42703,30.24142],[78.42746,30.24166],[78.42754,30.24198],[78.4274,30.2425]]}},{"type":"Feature","properties":{"name":"","ref":"","highway":"secondary"},"geometry":{"type":"LineString","coordinates":[[78.46408,30.38049],[78.46562,30.38059],[78.46728,30.38107]]}},{"type":"Feature","properties":{"name":"","ref":"","highway":"secondary"},"geometry":{"type":"LineString","coordinates":[[78.58151,30.37232],[78.58216,30.37191],[78.58276,30.37254],[78.58452,30.37292],[78.58519,30.37251],[78.58606,30.37336],[78.58671,30.37348],[78.58756,30.37261],[78.58974,30.37224],[78.59127,30.37143],[78.59144,30.37156],[78.59032,30.37361],[78.58951,30.37447],[78.58915,30.37542],[78.58831,30.3764],[78.58825,30.37689],[78.5892,30.37703],[78.59049,30.37824],[78.59162,30.37858],[78.59257,30.37846],[78.59289,30.37941],[78.59246,30.38018],[78.5932,30.38049],[78.59384,30.38271],[78.59436,30.38359],[78.5948,30.38376],[78.59509,30.38449],[78.59543,30.3845],[78.59593,30.3851],[78.59652,30.38531],[78.59642,30.38568],[78.59368,30.38542],[78.59197,30.38703],[78.59163,30.38788],[78.59197,30.38835],[78.59297,30.38889],[78.59335,30.38966],[78.59384,30.38965],[78.59421,30.39026],[78.59456,30.39035],[78.59504,30.39196],[78.59481,30.39251],[78.59523,30.39329],[78.59558,30.39345],[78.59506,30.39454],[78.59523,30.39507],[78.59594,30.39549],[78.59782,30.39566],[78.59879,30.39529],[78.59971,30.39639],[78.60042,30.39591],[78.60088,30.39645],[78.60179,30.39637],[78.60203,30.39709],[78.60248,30.39683],[78.60299,30.39691],[78.60358,30.39636],[78.60467,30.3962],[78.60455,30.39658],[78.60409,30.39678],[78.60412,30.39741],[78.60373,30.39832],[78.60434,30.40014],[78.60525,30.40014],[78.60537,30.4011],[78.60588,30.40139],[78.60834,30.40118]]}},{"type":"Feature","properties":{"name":"NH7","ref":"NH7","highway":"trunk"},"geometry":{"type":"LineString","coordinates":[[78.56048,30.08005],[78.55925,30.08018],[78.55982,30.08158],[78.55958,30.08179],[78.55842,30.08157],[78.55785,30.08119],[78.55699,30.08121],[78.55493,30.08065],[78.55404,30.08296],[78.55294,30.08346],[78.55338,30.08413],[78.55272,30.0849],[78.55343,30.08551],[78.55352,30.08611],[78.55225,30.08599],[78.55203,30.08651],[78.55067,30.08753],[78.54935,30.08911],[78.5491,30.08877],[78.54945,30.08766],[78.54929,30.08665],[78.54784,30.08581],[78.54676,30.08853],[78.54473,30.08952],[78.54471,30.09027],[78.54567,30.09111],[78.5459,30.09167],[78.5432,30.09278],[78.54209,30.09248],[78.54211,30.09354],[78.54162,30.09472],[78.54138,30.09483],[78.53905,30.09309],[78.53858,30.09212],[78.5384,30.09058],[78.53734,30.09055],[78.53831,30.08842],[78.5384,30.0873],[78.53805,30.08706],[78.53663,30.08735],[78.5363,30.08679],[78.53588,30.08658],[78.53604,30.08615],[78.53559,30.08536],[78.53553,30.08342],[78.53383,30.0828],[78.53438,30.08172],[78.53424,30.0814]]}},{"type":"Feature","properties":{"name":"NH7","ref":"NH7","highway":"trunk"},"geometry":{"type":"LineString","coordinates":[[78.49418,30.07586],[78.49227,30.07432],[78.49227,30.07365],[78.49185,30.07313],[78.49196,30.0727],[78.4916,30.07249],[78.49163,30.07195],[78.49097,30.07155],[78.49117,30.07086],[78.4905,30.0691],[78.49052,30.06827],[78.48992,30.06752],[78.48896,30.06744],[78.48874,30.06629],[78.48889,30.06539],[78.4873,30.06395],[78.48683,30.06301],[78.48603,30.06219],[78.486,30.0616],[78.48532,30.06068],[78.485,30.05936],[78.48385,30.05834],[78.48309,30.05842],[78.48246,30.05951],[78.48159,30.06013],[78.48205,30.06098],[78.48181,30.06143],[78.48109,30.06183],[78.4808,30.06243],[78.48134,30.06369],[78.4812,30.06486],[78.48018,30.06598],[78.48012,30.06695],[78.47702,30.06841],[78.47643,30.06917],[78.47549,30.06876],[78.47473,30.06954],[78.47434,30.06948],[78.47363,30.06853],[78.47216,30.06898],[78.47108,30.06898],[78.47036,30.06864],[78.47029,30.06784],[78.46984,30.06758],[78.46682,30.06687],[78.46582,30.06708],[78.46565,30.06812],[78.4652,30.06828],[78.46376,30.06826],[78.46295,30.06865],[78.4611,30.06832],[78.45985,30.06885],[78.45883,30.06856],[78.45777,30.06865],[78.45721,30.06912],[78.45624,30.06926],[78.45593,30.06987],[78.45456,30.0692],[78.45375,30.0698],[78.45382,30.07098]]}},{"type":"Feature","properties":{"name":"Narendranagar Bypass","ref":"NH34","highway":"trunk"},"geometry":{"type":"LineString","coordinates":[[78.29389,30.16419],[78.29379,30.16196],[78.29345,30.16142],[78.29324,30.15982],[78.29234,30.15826],[78.29363,30.1577],[78.29405,30.15821],[78.29465,30.15779],[78.29434,30.1569],[78.29387,30.15696],[78.29348,30.15669],[78.29348,30.15534],[78.29378,30.15444],[78.29456,30.15385],[78.29541,30.15426],[78.29563,30.15307],[78.29598,30.15282],[78.29637,30.15352],[78.29717,30.15377],[78.29802,30.15456],[78.29893,30.15471],[78.29941,30.15586],[78.29972,30.15592],[78.30151,30.15504],[78.30164,30.15439],[78.30223,30.15392],[78.30216,30.15355],[78.30152,30.15201],[78.30187,30.15361],[78.3006,30.15466],[78.30015,30.15462],[78.30002,30.15389],[78.29957,30.15363],[78.29929,30.15299],[78.29768,30.15267],[78.2971,30.152],[78.29702,30.15159],[78.29631,30.15134],[78.2956,30.15045],[78.2942,30.15054],[78.29322,30.15016],[78.29306,30.15055],[78.29337,30.15186],[78.29254,30.15184],[78.29275,30.15241],[78.2925,30.15248],[78.29133,30.15185]]}},{"type":"Feature","properties":{"name":"","ref":"","highway":"secondary"},"geometry":{"type":"LineString","coordinates":[[78.14506,30.17706],[78.14551,30.18075],[78.14522,30.18242],[78.14425,30.18432]]}},{"type":"Feature","properties":{"name":"NH7","ref":"NH7","highway":"trunk"},"geometry":{"type":"LineString","coordinates":[[78.12503,30.19896],[78.12456,30.20026],[78.12539,30.20338],[78.12546,30.20808],[78.12492,30.21208],[78.1233,30.21692],[78.1202,30.22071],[78.10998,30.23002],[78.10197,30.23938],[78.10082,30.24206],[78.09918,30.24448],[78.09353,30.25036],[78.09332,30.25117],[78.09351,30.25224]]}},{"type":"Feature","properties":{"name":"","ref":"","highway":"secondary"},"geometry":{"type":"LineString","coordinates":[[78.6042,30.14524],[78.60477,30.14553],[78.60523,30.14659],[78.60519,30.14916],[78.60721,30.15114],[78.60895,30.15156],[78.61006,30.15223],[78.61125,30.15251],[78.61201,30.15222],[78.6136,30.15242],[78.61376,30.15295],[78.61569,30.15526],[78.61631,30.15562],[78.61657,30.15735],[78.61563,30.15863],[78.61545,30.1594],[78.6149,30.16021],[78.61517,30.16298],[78.61464,30.16399],[78.61499,30.16478],[78.61451,30.16569],[78.6145,30.16668],[78.615,30.16698],[78.61519,30.16762],[78.61492,30.16856],[78.61507,30.16902],[78.61492,30.17082],[78.61472,30.17131],[78.61391,30.17188],[78.61367,30.17294],[78.61288,30.17358],[78.61312,30.17416],[78.61297,30.17468],[78.61217,30.17524],[78.61019,30.17529],[78.60942,30.17581],[78.60891,30.17668],[78.60962,30.17773],[78.60926,30.17879],[78.60889,30.17905],[78.61024,30.18047],[78.61026,30.18283],[78.61137,30.18336],[78.61153,30.18427],[78.61238,30.1847],[78.61327,30.18466],[78.61403,30.18423],[78.61537,30.18457],[78.61509,30.18558],[78.614,30.18697],[78.61359,30.18841],[78.6141,30.18956],[78.61491,30.18965],[78.61543,30.18932],[78.61724,30.1891],[78.61787,30.18937],[78.61877,30.18898],[78.62209,30.19009],[78.62361,30.18949],[78.62411,30.18974],[78.62405,30.19174],[78.62491,30.19229],[78.62715,30.19173],[78.62751,30.19256],[78.62708,30.19473],[78.6255,30.19469],[78.62484,30.19557],[78.62179,30.1963],[78.62162,30.19647],[78.62222,30.19704],[78.62202,30.19735],[78.61955,30.19674],[78.61869,30.19748],[78.61797,30.19724],[78.61645,30.19781],[78.6154,30.19858],[78.61332,30.19844],[78.61179,30.19914],[78.60962,30.19802],[78.60888,30.19802],[78.60885,30.19873],[78.60851,30.19891],[78.60718,30.19875],[78.60633,30.19889],[78.60456,30.19818],[78.60248,30.19811],[78.60204,30.19888],[78.60179,30.20005],[78.6021,30.2012],[78.60068,30.20163],[78.60087,30.20308],[78.60142,30.20368],[78.60133,30.20413],[78.60174,30.20583],[78.59869,30.20652],[78.59683,30.20634],[78.59623,30.20604],[78.59615,30.20653],[78.59301,30.20689],[78.59296,30.20774],[78.59321,30.20862],[78.59271,30.20998],[78.59277,30.21071],[78.59171,30.21138],[78.59193,30.21187],[78.59174,30.21235],[78.59232,30.21358],[78.59489,30.21349],[78.59534,30.21376],[78.59477,30.21677],[78.59408,30.21822],[78.59495,30.21981],[78.59619,30.2202],[78.59663,30.22074],[78.5958,30.2213],[78.59555,30.22219],[78.59568,30.2231],[78.59605,30.22344],[78.59589,30.22447],[78.59608,30.22578],[78.5966,30.22616],[78.60004,30.22584],[78.60124,30.22706],[78.60206,30.22701],[78.60265,30.22785],[78.60432,30.22862],[78.60488,30.22989],[78.60503,30.23159],[78.60658,30.23285],[78.60703,30.23356],[78.60705,30.23433],[78.60829,30.23568],[78.61143,30.23646],[78.61147,30.23697],[78.61079,30.23745],[78.61045,30.23809],[78.61036,30.23875],[78.61083,30.2395],[78.612,30.23942],[78.61322,30.23996],[78.61404,30.24141],[78.6149,30.24177],[78.61516,30.24241],[78.61487,30.2433],[78.6161,30.24363],[78.61794,30.24557],[78.61808,30.24627],[78.61768,30.24713],[78.61647,30.24861],[78.61703,30.25032],[78.61683,30.25126],[78.61587,30.25296],[78.61381,30.254],[78.61313,30.25411],[78.61318,30.25493],[78.6139,30.25549],[78.61188,30.256],[78.61005,30.25686],[78.60896,30.25688],[78.6069,30.2574],[78.60424,30.25884],[78.60475,30.25959],[78.6066,30.26051],[78.60713,30.26133],[78.60733,30.26223],[78.60796,30.26241],[78.60746,30.26356],[78.60765,30.26448],[78.60703,30.26517],[78.60681,30.26598],[78.60838,30.26888],[78.60816,30.26944],[78.60913,30.27073],[78.60961,30.27095],[78.61068,30.27292],[78.61054,30.27478],[78.60937,30.27604]]}},{"type":"Feature","properties":{"name":"NH707A","ref":"NH707A","highway":"trunk"},"geometry":{"type":"LineString","coordinates":[[78.46728,30.38107],[78.46938,30.38112],[78.47059,30.38163],[78.47151,30.38136],[78.47143,30.38118],[78.47056,30.38127],[78.46967,30.38084],[78.47064,30.38105],[78.47067,30.38083]]}},{"type":"Feature","properties":{"name":"NH707A","ref":"NH707A","highway":"trunk"},"geometry":{"type":"LineString","coordinates":[[78.46728,30.38107],[78.465,30.38141]]}},{"type":"Feature","properties":{"name":"NH34","ref":"NH34","highway":"trunk"},"geometry":{"type":"LineString","coordinates":[[78.39469,30.34542],[78.39477,30.34548]]}},{"type":"Feature","properties":{"name":"NH7","ref":"NH7","highway":"trunk"},"geometry":{"type":"LineString","coordinates":[[78.59937,30.15135],[78.59821,30.15102]]}},{"type":"Feature","properties":{"name":"NH7","ref":"NH7","highway":"trunk"},"geometry":{"type":"LineString","coordinates":[[78.61833,30.17946],[78.6182,30.17851],[78.61733,30.17782],[78.61733,30.17757],[78.61814,30.17732],[78.61821,30.1766],[78.61899,30.17602],[78.61965,30.17509],[78.61982,30.17384],[78.61963,30.17263],[78.61844,30.17211],[78.61871,30.17166],[78.61877,30.17034],[78.61856,30.16927],[78.61891,30.16891],[78.61929,30.16743],[78.61885,30.16668],[78.6178,30.16656],[78.61758,30.1663],[78.61762,30.16529],[78.61702,30.16396],[78.61702,30.16189],[78.61825,30.15908],[78.61843,30.15761],[78.61789,30.15647],[78.6177,30.1552],[78.61645,30.15403],[78.6158,30.15284],[78.61473,30.15169],[78.61364,30.15135],[78.61051,30.15157],[78.60969,30.15101],[78.60863,30.15109],[78.60744,30.15053],[78.60652,30.14943],[78.6057,30.1491],[78.60546,30.14677],[78.60472,30.14525],[78.60227,30.14546],[78.60129,30.14623],[78.59963,30.14597],[78.59924,30.14625],[78.59872,30.14823],[78.59876,30.14922],[78.59931,30.14969],[78.59894,30.14995],[78.59897,30.15017],[78.60093,30.15182],[78.6017,30.15312],[78.60088,30.15193],[78.59937,30.15135]]}},{"type":"Feature","properties":{"name":"","ref":"","highway":"secondary"},"geometry":{"type":"LineString","coordinates":[[78.63363,30.41579],[78.63528,30.41524],[78.63672,30.41595],[78.63769,30.41729],[78.63958,30.41797],[78.64078,30.41765],[78.6417,30.41673],[78.64291,30.41646],[78.64298,30.41687],[78.64087,30.41925],[78.64126,30.42091],[78.64261,30.42114],[78.64303,30.42169],[78.64279,30.42206],[78.64322,30.42328],[78.64308,30.42402],[78.64196,30.42589],[78.64229,30.42667],[78.64291,30.42729],[78.64372,30.42724],[78.6444,30.42481],[78.6447,30.42426],[78.64567,30.42345],[78.6462,30.42366],[78.64656,30.42454],[78.64725,30.42455],[78.64798,30.42414],[78.64868,30.42458],[78.64853,30.42506],[78.64874,30.42545],[78.64989,30.42637],[78.65106,30.42623],[78.65049,30.42711],[78.65058,30.42769],[78.65102,30.42791],[78.65274,30.42794],[78.65328,30.42895],[78.65724,30.42735],[78.65974,30.42727],[78.66064,30.42696],[78.66174,30.42588],[78.66227,30.42577]]}},{"type":"Feature","properties":{"name":"Sahastradhara Road","ref":"","highway":"secondary"},"geometry":{"type":"LineString","coordinates":[[78.1003,30.37394],[78.09725,30.37073],[78.09482,30.36772],[78.09329,30.36451],[78.09092,30.36216],[78.0871,30.35681],[78.08443,30.35571]]}},{"type":"Feature","properties":{"name":"","ref":"","highway":"secondary"},"geometry":{"type":"LineString","coordinates":[[78.13475,29.93388],[78.13316,29.93565]]}},{"type":"Feature","properties":{"name":"","ref":"","highway":"secondary"},"geometry":{"type":"LineString","coordinates":[[78.13322,29.93572],[78.13483,29.93394]]}},{"type":"Feature","properties":{"name":"Haridwar Bypass Road","ref":"","highway":"secondary"},"geometry":{"type":"LineString","coordinates":[[78.13307,29.93564],[78.13233,29.93529]]}},{"type":"Feature","properties":{"name":"Haridwar Bypass Road","ref":"","highway":"secondary"},"geometry":{"type":"LineString","coordinates":[[78.13233,29.93529],[78.133,29.9357]]}},{"type":"Feature","properties":{"name":"Haridwar Bypass Road","ref":"","highway":"secondary"},"geometry":{"type":"LineString","coordinates":[[78.13374,29.93611],[78.13321,29.93576]]}},{"type":"Feature","properties":{"name":"Haridwar Bypass Road","ref":"","highway":"secondary"},"geometry":{"type":"LineString","coordinates":[[78.13316,29.93582],[78.13374,29.93611]]}},{"type":"Feature","properties":{"name":"Haridwar Bypass Road","ref":"","highway":"secondary"},"geometry":{"type":"LineString","coordinates":[[78.11608,29.92634],[78.12014,29.92868],[78.12052,29.92932],[78.121,29.92961],[78.12491,29.93092],[78.13233,29.93529]]}},{"type":"Feature","properties":{"name":"","ref":"","highway":"secondary"},"geometry":{"type":"LineString","coordinates":[[78.13314,29.93564],[78.13308,29.93583],[78.13314,29.93564]]}},{"type":"Feature","properties":{"name":"NH334","ref":"NH334","highway":"trunk"},"geometry":{"type":"LineString","coordinates":[[78.10094,29.91695],[78.08248,29.91764],[78.07958,29.91867],[78.07852,29.91875]]}},{"type":"Feature","properties":{"name":"NH34","ref":"NH34","highway":"trunk"},"geometry":{"type":"LineString","coordinates":[[78.29923,30.17739],[78.29922,30.17671],[78.29962,30.17626],[78.30083,30.17636],[78.30177,30.1761],[78.3025,30.17624],[78.30284,30.17656],[78.30337,30.17627],[78.30449,30.17634],[78.30582,30.17534],[78.30467,30.17485],[78.30371,30.17475],[78.30321,30.17389],[78.30256,30.17364],[78.30271,30.1725],[78.30204,30.17247],[78.30166,30.1719],[78.3024,30.1707],[78.30238,30.16952],[78.30207,30.16916],[78.30164,30.16924],[78.30134,30.16899],[78.30067,30.16916],[78.29955,30.16882],[78.29923,30.16922],[78.29818,30.1694],[78.29769,30.16898],[78.29737,30.1676],[78.29677,30.16733],[78.29595,30.1675]]}},{"type":"Feature","properties":{"name":"NH7","ref":"NH7","highway":"primary"},"geometry":{"type":"LineString","coordinates":[[78.28555,30.11571],[78.28903,30.11562],[78.29242,30.11414],[78.2933,30.11269]]}},{"type":"Feature","properties":{"name":"NH7","ref":"NH7","highway":"trunk"},"geometry":{"type":"LineString","coordinates":[[78.50372,30.0726],[78.50332,30.07325]]}},{"type":"Feature","properties":{"name":"NH7","ref":"NH7","highway":"trunk"},"geometry":{"type":"LineString","coordinates":[[78.53424,30.0814],[78.53156,30.08217],[78.53025,30.08214],[78.52915,30.08175],[78.5287,30.0813],[78.52765,30.082],[78.52641,30.08093],[78.5251,30.08213],[78.52379,30.08091],[78.5217,30.08074],[78.52141,30.07903],[78.52153,30.0775],[78.52096,30.07708],[78.52049,30.07592],[78.51845,30.07615],[78.51832,30.07566],[78.51796,30.07539],[78.51795,30.07369],[78.51724,30.07273],[78.5173,30.07241],[78.51784,30.07225],[78.5183,30.07177],[78.51862,30.07043],[78.5181,30.07071],[78.51761,30.07061],[78.51662,30.06957],[78.5164,30.0688],[78.51539,30.07006],[78.51385,30.07093],[78.51213,30.07078],[78.51132,30.07047],[78.51086,30.06919],[78.51089,30.06834],[78.50945,30.06703],[78.50989,30.06581],[78.50962,30.06528],[78.50965,30.06488],[78.51,30.06456],[78.51,30.06374],[78.51077,30.06286],[78.51029,30.06276],[78.51001,30.06238],[78.51033,30.06079],[78.51011,30.0602],[78.51066,30.05911],[78.50991,30.05841],[78.50837,30.05921],[78.50562,30.05942],[78.50503,30.06014],[78.50374,30.06075],[78.50286,30.06217],[78.50185,30.06248],[78.50165,30.06351],[78.50023,30.06413],[78.49985,30.06466],[78.50048,30.06582],[78.49971,30.06633],[78.49989,30.06729],[78.50084,30.06966],[78.50134,30.07018],[78.5022,30.07206],[78.50362,30.07226],[78.50372,30.0726]]}},{"type":"Feature","properties":{"name":"NH707A","ref":"NH707A","highway":"trunk"},"geometry":{"type":"LineString","coordinates":[[78.6273,30.35184],[78.62742,30.35182]]}},{"type":"Feature","properties":{"name":"NH707A","ref":"NH707A","highway":"trunk"},"geometry":{"type":"LineString","coordinates":[[78.62,30.35757],[78.62027,30.35722],[78.61962,30.35684],[78.61955,30.35637],[78.62066,30.3544],[78.62147,30.3542],[78.62128,30.35381],[78.62143,30.35222],[78.62263,30.35108],[78.62425,30.35031],[78.62674,30.3511],[78.6273,30.35184]]}},{"type":"Feature","properties":{"name":"NH34","ref":"NH34","highway":"trunk"},"geometry":{"type":"LineString","coordinates":[[78.36226,30.26551],[78.3623,30.26572]]}},{"type":"Feature","properties":{"name":"NH34","ref":"NH34","highway":"trunk"},"geometry":{"type":"LineString","coordinates":[[78.3623,30.26572],[78.36277,30.26589]]}},{"type":"Feature","properties":{"name":"NH34:NH707A","ref":"NH34:NH707A","highway":"trunk"},"geometry":{"type":"LineString","coordinates":[[78.39477,30.34548],[78.39502,30.34572]]}},{"type":"Feature","properties":{"name":"","ref":"","highway":"secondary"},"geometry":{"type":"LineString","coordinates":[[78.63886,29.91679],[78.63942,29.91686],[78.64025,29.91746],[78.64182,29.9181],[78.64295,29.91809],[78.64299,29.91717],[78.64329,29.91698],[78.64296,29.91632],[78.6431,29.91523],[78.64358,29.91521],[78.64411,29.91557],[78.64533,29.91534],[78.64562,29.91612],[78.6464,29.91607],[78.64768,29.91544],[78.64789,29.91588],[78.64823,29.91597],[78.64866,29.91754],[78.64978,29.91725],[78.65105,29.91751],[78.65166,29.91798],[78.65255,29.91725],[78.6529,29.91642],[78.65262,29.91553],[78.65452,29.91504],[78.65569,29.91516],[78.65706,29.91617],[78.65784,29.91709],[78.65806,29.91812],[78.66014,29.91845],[78.6614,29.91904],[78.66203,29.91885],[78.66213,29.9166],[78.66135,29.91485],[78.66023,29.91406],[78.66039,29.91352],[78.661,29.91358],[78.66122,29.9127],[78.66183,29.91203],[78.66152,29.9114],[78.66176,29.91091],[78.66095,29.91027],[78.66083,29.90989],[78.66218,29.90963],[78.66254,29.90889],[78.66326,29.9084],[78.66329,29.90805],[78.6628,29.90733],[78.66429,29.90612],[78.66341,29.90561],[78.66367,29.90509],[78.66284,29.90471],[78.66259,29.90405],[78.66366,29.903],[78.66454,29.90306],[78.6648,29.9019],[78.66539,29.90125],[78.66491,29.90015],[78.66419,29.90003],[78.66202,29.89805],[78.66395,29.89712],[78.66524,29.89788],[78.66538,29.89855],[78.66593,29.899],[78.66634,29.89897],[78.66679,29.89838],[78.66704,29.89841],[78.6676,29.89901],[78.66812,29.89901],[78.66835,29.89967],[78.66965,29.89993],[78.67005,29.89969],[78.67123,29.89702],[78.67149,29.8959],[78.67138,29.89524],[78.6707,29.89462],[78.6709,29.89415],[78.67071,29.89347],[78.6721,29.89264],[78.67283,29.89186],[78.67171,29.89005],[78.67209,29.88927],[78.67358,29.88777]]}},{"type":"Feature","properties":{"name":"","ref":"","highway":"secondary"},"geometry":{"type":"LineString","coordinates":[[78.59931,29.97384],[78.6,29.97347],[78.6003,29.97265],[78.60015,29.97196],[78.6006,29.97109],[78.60023,29.97107],[78.59964,29.97148],[78.59768,29.97099],[78.59613,29.97096],[78.59464,29.9696],[78.59426,29.96864],[78.59471,29.96775],[78.59485,29.96682],[78.59435,29.96667],[78.59416,29.96631],[78.59405,29.96425],[78.59441,29.96313],[78.59636,29.96077],[78.5973,29.95681],[78.59713,29.95604],[78.59792,29.95432],[78.59792,29.95383],[78.59689,29.95216],[78.5952,29.95081],[78.59321,29.95038],[78.59165,29.9504],[78.59145,29.9501],[78.59197,29.95027],[78.59452,29.95009],[78.59619,29.95037],[78.59826,29.9517],[78.59855,29.95222],[78.59881,29.95217],[78.59892,29.95205],[78.59852,29.95195],[78.59686,29.94974],[78.59682,29.94941],[78.59725,29.94917],[78.59797,29.94938],[78.59928,29.94854],[78.6001,29.94753],[78.60286,29.94815],[78.60288,29.94727],[78.60397,29.94683],[78.6035,29.94613],[78.60391,29.94555],[78.60363,29.94497],[78.60403,29.94467],[78.60541,29.94451],[78.60679,29.94363],[78.61224,29.93754],[78.61391,29.9371],[78.61492,29.93643],[78.61713,29.93586],[78.61776,29.93531],[78.6193,29.93484],[78.61973,29.93492],[78.62128,29.93366],[78.62034,29.93297],[78.62038,29.93227],[78.62043,29.93204],[78.62095,29.93191],[78.62185,29.9312],[78.62211,29.92968],[78.622,29.92897],[78.62242,29.92858],[78.62171,29.92726],[78.62239,29.9267],[78.62277,29.92467],[78.62198,29.92402],[78.62224,29.92288],[78.62162,29.92221],[78.62158,29.92146],[78.62088,29.92077],[78.62021,29.92056],[78.61916,29.91888],[78.61814,29.91829],[78.61856,29.91779],[78.61896,29.9179],[78.62146,29.92005],[78.62161,29.92048],[78.62242,29.92123],[78.62303,29.92137],[78.6232,29.92222],[78.6241,29.92304],[78.62463,29.92397],[78.62478,29.92513],[78.62535,29.92518],[78.62576,29.92591],[78.62636,29.92635],[78.62753,29.92627],[78.62785,29.9265],[78.62835,29.92749],[78.62813,29.92843],[78.62741,29.92933],[78.62821,29.93006],[78.62873,29.92977],[78.62958,29.92996],[78.63027,29.92957],[78.6319,29.9307],[78.63271,29.93007],[78.63419,29.92957],[78.63489,29.92999],[78.63552,29.92987]]}},{"type":"Feature","properties":{"name":"","ref":"","highway":"secondary"},"geometry":{"type":"LineString","coordinates":[[78.63552,29.92987],[78.63586,29.92861],[78.6358,29.92755],[78.63646,29.92731],[78.63648,29.92712],[78.63615,29.92637],[78.63556,29.92603],[78.63553,29.92528],[78.63666,29.92472],[78.63664,29.92391],[78.6371,29.92355],[78.63636,29.92237],[78.63627,29.9217],[78.63803,29.92166],[78.63787,29.92092],[78.63866,29.92029],[78.6383,29.91983],[78.63826,29.91922],[78.63782,29.91894],[78.63796,29.9177],[78.63716,29.91699],[78.63703,29.91567],[78.63786,29.91597],[78.63886,29.91679]]}},{"type":"Feature","properties":{"name":"","ref":"","highway":"secondary"},"geometry":{"type":"LineString","coordinates":[[78.5707,29.88033],[78.57344,29.88205],[78.57417,29.88291],[78.57402,29.88463],[78.5747,29.88542],[78.57486,29.88617],[78.5745,29.88719],[78.57393,29.88742],[78.57403,29.88866],[78.5748,29.88878],[78.57494,29.88936],[78.5758,29.8892],[78.57613,29.88994],[78.5769,29.89038],[78.57763,29.89216],[78.57841,29.89236],[78.57844,29.89256],[78.57805,29.89276],[78.578,29.89346],[78.57761,29.89411],[78.578,29.8954],[78.57737,29.89658],[78.57747,29.89713],[78.57833,29.89748],[78.57887,29.89731],[78.57951,29.89755],[78.58066,29.89696],[78.58081,29.89732],[78.58115,29.8974],[78.58158,29.89707],[78.58216,29.89707],[78.58269,29.89619],[78.58444,29.8963],[78.58562,29.89602],[78.58684,29.89625],[78.58812,29.89577],[78.58865,29.89581],[78.59134,29.89679],[78.59264,29.89692],[78.59315,29.89877],[78.59508,29.90051],[78.5968,29.90111],[78.59765,29.90189],[78.59917,29.90234],[78.59979,29.90378],[78.60117,29.90285],[78.60278,29.90289],[78.60299,29.90336],[78.60381,29.90334],[78.60485,29.9037],[78.60562,29.90453],[78.6068,29.90441],[78.60786,29.90516],[78.60851,29.90524],[78.60998,29.90667],[78.61123,29.90689],[78.61151,29.90742],[78.61215,29.90785],[78.61372,29.90786],[78.61479,29.90725],[78.6155,29.90729],[78.61639,29.90697],[78.61714,29.9064],[78.61849,29.90635],[78.6193,29.90708],[78.61976,29.90788],[78.61973,29.90827],[78.61917,29.90726],[78.61841,29.90711],[78.61767,29.90816],[78.61701,29.90837],[78.61648,29.90953],[78.61688,29.91018],[78.61664,29.91038],[78.61665,29.91157],[78.61619,29.91161],[78.61546,29.91064],[78.61402,29.91032],[78.61386,29.91079],[78.61339,29.91071],[78.61305,29.91179],[78.61248,29.91229],[78.61202,29.91242],[78.6111,29.91324],[78.61045,29.91308],[78.61036,29.91374],[78.60906,29.91524],[78.61262,29.91613],[78.6129,29.91633],[78.61313,29.91739],[78.6135,29.91789],[78.61432,29.91806],[78.61648,29.91938],[78.61703,29.91943],[78.61716,29.91986],[78.61857,29.92131],[78.61909,29.92244],[78.61963,29.92279],[78.61893,29.92383],[78.62047,29.92487],[78.62033,29.92518],[78.61937,29.92541],[78.61913,29.92564],[78.61926,29.92578],[78.62064,29.92515],[78.62054,29.92467],[78.61958,29.92375],[78.62066,29.9229],[78.61991,29.92219],[78.61991,29.92165],[78.61869,29.92005],[78.61834,29.91887],[78.61707,29.91829],[78.61606,29.91741],[78.61606,29.91693],[78.61742,29.91726],[78.61861,29.917],[78.62048,29.91911],[78.62145,29.91979],[78.62146,29.92005]]}},{"type":"Feature","properties":{"name":"","ref":"","highway":"secondary"},"geometry":{"type":"LineString","coordinates":[[78.55459,30.01652],[78.55499,30.01657],[78.55519,30.01689],[78.55579,30.01686],[78.55604,30.0173],[78.55893,30.01696],[78.56046,30.0173],[78.56051,30.01647],[78.56076,30.0161],[78.56171,30.01557],[78.56191,30.01466],[78.56149,30.01355],[78.56227,30.01298],[78.56304,30.01115],[78.56293,30.01076],[78.56389,30.00974],[78.56575,30.00873],[78.56567,30.00836],[78.56593,30.00808],[78.56604,30.00726],[78.56584,30.00609],[78.56717,30.00545],[78.56687,30.00436],[78.56753,30.00296],[78.56803,30.00285],[78.56921,30.00324],[78.56938,30.00287],[78.57011,30.00286],[78.57067,30.00208],[78.57153,30.00182],[78.5723,30.00186],[78.57277,30.00214],[78.57335,30.00186],[78.57424,30.00184],[78.5752,30.00219],[78.57598,30.00194],[78.57719,30.00104],[78.57808,30.00137],[78.57887,30.00134],[78.57912,30.00076],[78.58116,29.99876],[78.58335,29.998],[78.58408,29.99799],[78.58395,29.99673],[78.58438,29.99637],[78.5842,29.9957],[78.58468,29.99479],[78.58385,29.99311],[78.58433,29.99147],[78.58536,29.99032],[78.58562,29.98889],[78.58637,29.98848],[78.58796,29.98698],[78.59029,29.98683],[78.59113,29.98478],[78.59191,29.98363],[78.59347,29.98346],[78.59305,29.98266],[78.59302,29.98095],[78.59377,29.98013],[78.59394,29.97959],[78.59373,29.97897],[78.5941,29.97816],[78.59428,29.97787],[78.59553,29.97726],[78.59702,29.97688],[78.59707,29.9759],[78.59755,29.975],[78.59859,29.97491],[78.59931,29.97384]]}},{"type":"Feature","properties":{"name":"","ref":"","highway":"secondary"},"geometry":{"type":"LineString","coordinates":[[78.53076,30.01703],[78.53089,30.0166],[78.53143,30.01623],[78.53253,30.01614],[78.53304,30.01638],[78.53322,30.01696],[78.5338,30.01686],[78.53426,30.01713],[78.53486,30.0192],[78.53723,30.0197],[78.53813,30.01935],[78.53962,30.01933],[78.53994,30.01879],[78.53983,30.01832],[78.54105,30.01788],[78.54172,30.0182],[78.54294,30.01776],[78.54372,30.01809],[78.54444,30.01787],[78.54527,30.0188],[78.54674,30.0187],[78.5477,30.01782],[78.54766,30.01693],[78.5488,30.0167],[78.54921,30.01521],[78.54967,30.01479],[78.54963,30.01386],[78.54997,30.01351],[78.55198,30.01283],[78.55221,30.01283],[78.55244,30.01333],[78.55232,30.01379],[78.55257,30.01417],[78.55265,30.01535],[78.55335,30.01551],[78.55342,30.01676],[78.55459,30.01652]]}},{"type":"Feature","properties":{"name":"NH34","ref":"NH34","highway":"trunk"},"geometry":{"type":"LineString","coordinates":[[78.29556,30.16717],[78.29543,30.1665],[78.29449,30.16548],[78.29389,30.16419]]}},{"type":"Feature","properties":{"name":"NH34","ref":"NH34","highway":"trunk"},"geometry":{"type":"LineString","coordinates":[[78.29595,30.1675],[78.29556,30.16717]]}},{"type":"Feature","properties":{"name":"NH34","ref":"NH34","highway":"trunk"},"geometry":{"type":"LineString","coordinates":[[78.29923,30.17739],[78.30054,30.1783],[78.30031,30.17925]]}},{"type":"Feature","properties":{"name":"NH34","ref":"NH34","highway":"trunk"},"geometry":{"type":"LineString","coordinates":[[78.31932,30.19172],[78.31962,30.19355],[78.32047,30.1952],[78.32005,30.19593],[78.32013,30.19729],[78.31902,30.19841],[78.31769,30.19882],[78.31729,30.19975]]}},{"type":"Feature","properties":{"name":"NH7","ref":"NH7","highway":"trunk"},"geometry":{"type":"LineString","coordinates":[[78.58415,30.12133],[78.58414,30.12101]]}},{"type":"Feature","properties":{"name":"NH7","ref":"NH7","highway":"trunk"},"geometry":{"type":"LineString","coordinates":[[78.59821,30.15102],[78.59752,30.14985],[78.59719,30.14868],[78.59633,30.14774],[78.59677,30.14736],[78.59665,30.14578],[78.59572,30.14412],[78.59528,30.14259],[78.59554,30.14205],[78.59517,30.14167],[78.59417,30.13874],[78.5947,30.13798],[78.59404,30.13555],[78.59365,30.13469],[78.5919,30.13419],[78.59191,30.13396],[78.59279,30.13375],[78.59283,30.13245],[78.5936,30.13163],[78.59406,30.1306],[78.5942,30.12899],[78.59794,30.12727],[78.59873,30.12644],[78.5984,30.12599],[78.59664,30.12501],[78.59589,30.12535],[78.59313,30.12447],[78.58998,30.12515],[78.5894,30.12471],[78.58936,30.12411],[78.58852,30.12401],[78.5883,30.12431],[78.58787,30.12437],[78.58756,30.12377],[78.58637,30.12287],[78.58529,30.1215],[78.58415,30.12133]]}},{"type":"Feature","properties":{"name":"NH334","ref":"NH334","highway":"trunk"},"geometry":{"type":"LineString","coordinates":[[78.14153,29.93215],[78.13853,29.93023]]}},{"type":"Feature","properties":{"name":"NH334","ref":"NH334","highway":"trunk"},"geometry":{"type":"LineString","coordinates":[[78.12511,29.923],[78.11544,29.91945]]}},{"type":"Feature","properties":{"name":"NH334","ref":"NH334","highway":"trunk"},"geometry":{"type":"LineString","coordinates":[[78.13843,29.93035],[78.14149,29.93226]]}},{"type":"Feature","properties":{"name":"NH7","ref":"NH7","highway":"trunk"},"geometry":{"type":"LineString","coordinates":[[78.12585,30.1975],[78.12503,30.19896]]}},{"type":"Feature","properties":{"name":"","ref":"","highway":"secondary"},"geometry":{"type":"LineString","coordinates":[[78.12549,30.20327],[78.1256,30.19843]]}},{"type":"Feature","properties":{"name":"","ref":"","highway":"secondary"},"geometry":{"type":"LineString","coordinates":[[78.1256,30.19843],[78.12674,30.19657],[78.12559,30.19582],[78.12536,30.19437]]}},{"type":"Feature","properties":{"name":"NH7","ref":"NH7","highway":"trunk"},"geometry":{"type":"LineString","coordinates":[[78.12511,30.19901],[78.12595,30.19752]]}},{"type":"Feature","properties":{"name":"NH7","ref":"NH7","highway":"trunk"},"geometry":{"type":"LineString","coordinates":[[78.09751,30.24642],[78.09925,30.24457],[78.10064,30.2426],[78.10201,30.23954],[78.11006,30.23012],[78.12003,30.22114],[78.12334,30.21709],[78.12482,30.21291],[78.12554,30.20946],[78.12549,30.20327],[78.12466,30.20023],[78.12511,30.19901]]}},{"type":"Feature","properties":{"name":"","ref":"","highway":"secondary"},"geometry":{"type":"LineString","coordinates":[[78.12536,30.19437],[78.12548,30.19582],[78.12608,30.19672],[78.12604,30.1972]]}},{"type":"Feature","properties":{"name":"NH7","ref":"NH7","highway":"trunk"},"geometry":{"type":"LineString","coordinates":[[78.1619,30.1344],[78.16483,30.13369],[78.16561,30.13313],[78.16637,30.13211],[78.16662,30.13127],[78.16787,30.11453],[78.16847,30.11335],[78.177,30.10171]]}},{"type":"Feature","properties":{"name":"NH7","ref":"NH7","highway":"trunk"},"geometry":{"type":"LineString","coordinates":[[78.17688,30.10166],[78.16842,30.11319],[78.16772,30.11449],[78.16632,30.1318],[78.16584,30.13269],[78.16509,30.13339],[78.16372,30.13397],[78.16189,30.13428]]}},{"type":"Feature","properties":{"name":"NH7","ref":"NH7","highway":"trunk"},"geometry":{"type":"LineString","coordinates":[[78.16078,30.13459],[78.1619,30.1344]]}},{"type":"Feature","properties":{"name":"NH7","ref":"NH7","highway":"trunk"},"geometry":{"type":"LineString","coordinates":[[78.14506,30.17706],[78.14497,30.17424],[78.14657,30.17064]]}},{"type":"Feature","properties":{"name":"NH7","ref":"NH7","highway":"trunk"},"geometry":{"type":"LineString","coordinates":[[78.14646,30.17062],[78.14488,30.17414],[78.14493,30.17717]]}},{"type":"Feature","properties":{"name":"NH7","ref":"NH7","highway":"trunk"},"geometry":{"type":"LineString","coordinates":[[78.14657,30.17064],[78.14679,30.1689],[78.14548,30.16486],[78.14452,30.1574],[78.14475,30.15598],[78.15021,30.14814],[78.15574,30.13642],[78.15657,30.13565],[78.15765,30.13514],[78.16078,30.13459]]}},{"type":"Feature","properties":{"name":"","ref":"","highway":"secondary"},"geometry":{"type":"LineString","coordinates":[[78.35317,30.12569],[78.35423,30.1258],[78.35494,30.12562],[78.3552,30.12516],[78.35589,30.12528],[78.35669,30.12474],[78.35681,30.12416],[78.35707,30.12401]]}},{"type":"Feature","properties":{"name":"","ref":"","highway":"secondary"},"geometry":{"type":"LineString","coordinates":[[78.38223,30.09191],[78.38223,30.09504],[78.38303,30.09586],[78.38315,30.09679],[78.38386,30.09716],[78.38548,30.09871],[78.38542,30.09958],[78.38514,30.10053],[78.38477,30.1008],[78.38469,30.10174],[78.38357,30.10269],[78.38397,30.10301],[78.38372,30.10373],[78.38216,30.10579],[78.3808,30.10676],[78.3804,30.1068],[78.37968,30.10751],[78.37943,30.10749],[78.37889,30.10836],[78.37833,30.10986],[78.37838,30.11109],[78.37774,30.11118],[78.378,30.11236],[78.37753,30.11352],[78.37598,30.11483],[78.37458,30.11556],[78.373,30.1156],[78.36989,30.11638],[78.3647,30.11975],[78.36386,30.12003]]}},{"type":"Feature","properties":{"name":"Chamba-Barkot Road","ref":"","highway":"secondary"},"geometry":{"type":"LineString","coordinates":[[78.48376,30.37803],[78.48117,30.37809],[78.47887,30.37747],[78.47779,30.37765]]}},{"type":"Feature","properties":{"name":"Chamba-Barkot Road","ref":"","highway":"secondary"},"geometry":{"type":"LineString","coordinates":[[78.47779,30.37765],[78.47715,30.37776]]}},{"type":"Feature","properties":{"name":"","ref":"","highway":"secondary"},"geometry":{"type":"LineString","coordinates":[[78.18114,29.97912],[78.18011,29.97951]]}},{"type":"Feature","properties":{"name":"","ref":"","highway":"secondary"},"geometry":{"type":"LineString","coordinates":[[78.1699,29.97289],[78.17071,29.97323],[78.17243,29.97271],[78.17394,29.9726],[78.17449,29.97283],[78.17719,29.97605],[78.17921,29.97791],[78.18011,29.97951]]}},{"type":"Feature","properties":{"name":"NH707A","ref":"NH707A","highway":"trunk"},"geometry":{"type":"LineString","coordinates":[[78.44185,30.38252],[78.4427,30.38262],[78.44302,30.38314],[78.44205,30.38401],[78.44064,30.38418],[78.43938,30.38483],[78.43914,30.38469],[78.43907,30.38399],[78.4374,30.38367],[78.43757,30.38274],[78.43549,30.38267],[78.43702,30.38298],[78.43663,30.38358],[78.43714,30.38416],[78.43799,30.38438],[78.43732,30.38497],[78.43795,30.38523],[78.43793,30.38623],[78.44049,30.38579],[78.44154,30.38608],[78.44212,30.38672],[78.44237,30.38871],[78.44284,30.38957],[78.4457,30.38946],[78.4466,30.38977],[78.44684,30.38961],[78.44671,30.38914],[78.44534,30.3869],[78.44493,30.38662],[78.44505,30.38558],[78.44689,30.38561],[78.44797,30.385],[78.44913,30.38492],[78.45039,30.38353],[78.45061,30.38299],[78.45118,30.38262],[78.45096,30.38185],[78.4505,30.38133],[78.44975,30.38083],[78.44918,30.38082],[78.44947,30.37824],[78.4492,30.37644],[78.44749,30.37485],[78.44625,30.37452],[78.44651,30.37374],[78.4463,30.37337],[78.44645,30.3727],[78.4461,30.37208],[78.44473,30.37126],[78.44376,30.37111],[78.4439,30.371],[78.44467,30.37101],[78.44636,30.37173],[78.44722,30.37261],[78.44737,30.3735],[78.44871,30.37366],[78.45091,30.37559],[78.45108,30.3756],[78.45081,30.37512],[78.4494,30.37334],[78.44826,30.3728],[78.44791,30.37227],[78.44838,30.37265],[78.4503,30.3733],[78.45138,30.37416],[78.45241,30.37455],[78.45281,30.37557],[78.45442,30.37634],[78.4545,30.37768],[78.45368,30.37829],[78.45368,30.37851],[78.45488,30.37928],[78.45645,30.37957],[78.45683,30.37943],[78.45789,30.38013],[78.45861,30.38011],[78.45977,30.38116],[78.46108,30.38167],[78.46165,30.38249],[78.46313,30.3817],[78.465,30.38141]]}},{"type":"Feature","properties":{"name":"Rishikesh Bypass","ref":"NH34","highway":"trunk"},"geometry":{"type":"LineString","coordinates":[[78.28522,30.11572],[78.27771,30.10686],[78.2768,30.10427],[78.27703,30.1001],[78.27665,30.09808],[78.27433,30.09589]]}},{"type":"Feature","properties":{"name":"Rishikesh Bypass","ref":"NH34","highway":"trunk"},"geometry":{"type":"LineString","coordinates":[[78.27311,30.09476],[78.2738,30.09542]]}},{"type":"Feature","properties":{"name":"NH7","ref":"NH7","highway":"trunk"},"geometry":{"type":"LineString","coordinates":[[78.27848,30.09237],[78.27544,30.09158],[78.27439,30.09108],[78.26285,30.08394],[78.26215,30.0831],[78.26034,30.07938],[78.25871,30.0778]]}},{"type":"Feature","properties":{"name":"NH7","ref":"NH7","highway":"trunk"},"geometry":{"type":"LineString","coordinates":[[78.26551,30.0857],[78.27484,30.09144],[78.27839,30.09243]]}},{"type":"Feature","properties":{"name":"NH7","ref":"NH7","highway":"trunk"},"geometry":{"type":"LineString","coordinates":[[78.27855,30.09251],[78.28518,30.09572]]}},{"type":"Feature","properties":{"name":"","ref":"","highway":"secondary"},"geometry":{"type":"LineString","coordinates":[[78.16335,29.94634],[78.1625,29.94676]]}},{"type":"Feature","properties":{"name":"","ref":"","highway":"secondary"},"geometry":{"type":"LineString","coordinates":[[78.16155,29.94753],[78.16132,29.94802]]}},{"type":"Feature","properties":{"name":"NH707A","ref":"NH707A","highway":"trunk"},"geometry":{"type":"LineString","coordinates":[[78.62742,30.35182],[78.62773,30.3513],[78.62757,30.35039],[78.62806,30.35019],[78.62829,30.34981],[78.62782,30.34915],[78.62764,30.34817],[78.62703,30.34802],[78.62657,30.34732],[78.62774,30.34584],[78.62761,30.34504],[78.62777,30.34466],[78.62955,30.34483],[78.63086,30.34436],[78.6312,30.34542],[78.63225,30.34532],[78.63262,30.34559],[78.63187,30.34603],[78.6314,30.34686],[78.63083,30.34699],[78.63098,30.34743],[78.63147,30.3476],[78.63276,30.34744],[78.63323,30.34803],[78.63412,30.34835],[78.63437,30.34811],[78.63434,30.34753],[78.63503,30.34659],[78.63629,30.34622],[78.63585,30.34495],[78.63683,30.3443],[78.63734,30.34366],[78.63972,30.344],[78.64085,30.34383]]}},{"type":"Feature","properties":{"name":"NH707A","ref":"NH707A","highway":"trunk"},"geometry":{"type":"LineString","coordinates":[[78.64173,30.34256],[78.64176,30.34237]]}},{"type":"Feature","properties":{"name":"NH707A","ref":"NH707A","highway":"trunk"},"geometry":{"type":"LineString","coordinates":[[78.64088,30.34372],[78.64082,30.34316],[78.64173,30.34256]]}},{"type":"Feature","properties":{"name":"NH707A","ref":"NH707A","highway":"trunk"},"geometry":{"type":"LineString","coordinates":[[78.64085,30.34383],[78.64088,30.34372]]}},{"type":"Feature","properties":{"name":"NH7","ref":"NH7","highway":"primary"},"geometry":{"type":"LineString","coordinates":[[78.27909,30.11802],[78.27982,30.11784]]}},{"type":"Feature","properties":{"name":"NH7","ref":"NH7","highway":"primary"},"geometry":{"type":"LineString","coordinates":[[78.27982,30.11784],[78.28131,30.11744],[78.28244,30.11666]]}},{"type":"Feature","properties":{"name":"NH334","ref":"NH334","highway":"trunk"},"geometry":{"type":"LineString","coordinates":[[78.11015,29.91894],[78.10767,29.91892],[78.10393,29.91688],[78.10094,29.91695]]}},{"type":"Feature","properties":{"name":"NH334","ref":"NH334","highway":"trunk"},"geometry":{"type":"LineString","coordinates":[[78.10749,29.919],[78.11016,29.91907]]}},{"type":"Feature","properties":{"name":"NH334","ref":"NH334","highway":"trunk"},"geometry":{"type":"LineString","coordinates":[[78.11173,29.91898],[78.11335,29.91898]]}},{"type":"Feature","properties":{"name":"NH334","ref":"NH334","highway":"trunk"},"geometry":{"type":"LineString","coordinates":[[78.11097,29.91904],[78.11173,29.91898]]}},{"type":"Feature","properties":{"name":"NH7","ref":"NH7","highway":"trunk"},"geometry":{"type":"LineString","coordinates":[[78.12595,30.19752],[78.12666,30.19663]]}},{"type":"Feature","properties":{"name":"NH7","ref":"NH7","highway":"trunk"},"geometry":{"type":"LineString","coordinates":[[78.1388,30.18624],[78.14035,30.18485],[78.14158,30.18321]]}},{"type":"Feature","properties":{"name":"NH7","ref":"NH7","highway":"trunk"},"geometry":{"type":"LineString","coordinates":[[78.14146,30.18316],[78.14023,30.1848],[78.1387,30.18616]]}},{"type":"Feature","properties":{"name":"","ref":"","highway":"primary"},"geometry":{"type":"LineString","coordinates":[[78.14195,30.18295],[78.14429,30.17917]]}},{"type":"Feature","properties":{"name":"NH7","ref":"NH7","highway":"trunk"},"geometry":{"type":"LineString","coordinates":[[78.14181,30.18289],[78.1445,30.17884],[78.14506,30.17706]]}},{"type":"Feature","properties":{"name":"NH7","ref":"NH7","highway":"trunk"},"geometry":{"type":"LineString","coordinates":[[78.14158,30.18321],[78.14181,30.18289]]}},{"type":"Feature","properties":{"name":"NH7","ref":"NH7","highway":"trunk"},"geometry":{"type":"LineString","coordinates":[[78.14493,30.17717],[78.14455,30.17849],[78.14168,30.18283]]}},{"type":"Feature","properties":{"name":"NH7","ref":"NH7","highway":"trunk"},"geometry":{"type":"LineString","coordinates":[[78.14168,30.18283],[78.14146,30.18316]]}},{"type":"Feature","properties":{"name":"NH7","ref":"NH7","highway":"trunk"},"geometry":{"type":"LineString","coordinates":[[78.12861,30.19451],[78.13218,30.19125]]}},{"type":"Feature","properties":{"name":"NH7","ref":"NH7","highway":"trunk"},"geometry":{"type":"LineString","coordinates":[[78.13207,30.19117],[78.12848,30.19444]]}},{"type":"Feature","properties":{"name":"NH7","ref":"NH7","highway":"trunk"},"geometry":{"type":"LineString","coordinates":[[78.13382,30.18971],[78.13207,30.19117]]}},{"type":"Feature","properties":{"name":"NH7","ref":"NH7","highway":"trunk"},"geometry":{"type":"LineString","coordinates":[[78.13218,30.19125],[78.13391,30.1898]]}},{"type":"Feature","properties":{"name":"NH334","ref":"NH334","highway":"trunk"},"geometry":{"type":"LineString","coordinates":[[78.10095,29.91706],[78.10387,29.91696],[78.10749,29.919]]}},{"type":"Feature","properties":{"name":"NH334","ref":"NH334","highway":"trunk"},"geometry":{"type":"LineString","coordinates":[[78.11095,29.91891],[78.11015,29.91894]]}},{"type":"Feature","properties":{"name":"NH334","ref":"NH334","highway":"trunk"},"geometry":{"type":"LineString","coordinates":[[78.11016,29.91907],[78.11097,29.91904]]}},{"type":"Feature","properties":{"name":"NH334","ref":"NH334","highway":"trunk"},"geometry":{"type":"LineString","coordinates":[[78.11337,29.91886],[78.1117,29.91886]]}},{"type":"Feature","properties":{"name":"NH334","ref":"NH334","highway":"trunk"},"geometry":{"type":"LineString","coordinates":[[78.1137,29.9189],[78.11337,29.91886]]}},{"type":"Feature","properties":{"name":"NH334","ref":"NH334","highway":"trunk"},"geometry":{"type":"LineString","coordinates":[[78.11335,29.91898],[78.11373,29.91902]]}},{"type":"Feature","properties":{"name":"NH334","ref":"NH334","highway":"trunk"},"geometry":{"type":"LineString","coordinates":[[78.11373,29.91902],[78.12507,29.92311]]}},{"type":"Feature","properties":{"name":"NH334","ref":"NH334","highway":"trunk"},"geometry":{"type":"LineString","coordinates":[[78.14149,29.93226],[78.15358,29.93991],[78.15418,29.9401]]}},{"type":"Feature","properties":{"name":"NH334","ref":"NH334","highway":"trunk"},"geometry":{"type":"LineString","coordinates":[[78.15168,29.9385],[78.14153,29.93215]]}},{"type":"Feature","properties":{"name":"NH334","ref":"NH334","highway":"trunk"},"geometry":{"type":"LineString","coordinates":[[78.1684,29.94921],[78.16066,29.94274]]}},{"type":"Feature","properties":{"name":"NH334","ref":"NH334","highway":"trunk"},"geometry":{"type":"LineString","coordinates":[[78.16024,29.94237],[78.15734,29.93996],[78.15666,29.93976],[78.15391,29.93993],[78.15168,29.9385]]}},{"type":"Feature","properties":{"name":"NH334","ref":"NH334","highway":"trunk"},"geometry":{"type":"LineString","coordinates":[[78.15788,29.9405],[78.16021,29.94255]]}},{"type":"Feature","properties":{"name":"NH334","ref":"NH334","highway":"trunk"},"geometry":{"type":"LineString","coordinates":[[78.16066,29.94274],[78.16024,29.94237]]}},{"type":"Feature","properties":{"name":"NH34","ref":"NH34","highway":"trunk"},"geometry":{"type":"LineString","coordinates":[[78.16832,29.9493],[78.1716,29.95198]]}},{"type":"Feature","properties":{"name":"NH34","ref":"NH34","highway":"trunk"},"geometry":{"type":"LineString","coordinates":[[78.1717,29.95193],[78.16868,29.94944]]}},{"type":"Feature","properties":{"name":"NH334","ref":"NH334","highway":"trunk"},"geometry":{"type":"LineString","coordinates":[[78.16828,29.94927],[78.16832,29.9493]]}},{"type":"Feature","properties":{"name":"NH334","ref":"NH334","highway":"trunk"},"geometry":{"type":"LineString","coordinates":[[78.16868,29.94944],[78.1684,29.94921]]}},{"type":"Feature","properties":{"name":"","ref":"","highway":"secondary"},"geometry":{"type":"LineString","coordinates":[[78.1625,29.94676],[78.16155,29.94753]]}},{"type":"Feature","properties":{"name":"","ref":"","highway":"secondary"},"geometry":{"type":"LineString","coordinates":[[78.16335,29.94634],[78.16397,29.94584]]}},{"type":"Feature","properties":{"name":"","ref":"","highway":"secondary"},"geometry":{"type":"LineString","coordinates":[[78.16132,29.94802],[78.16173,29.94762]]}},{"type":"Feature","properties":{"name":"NH34","ref":"NH34","highway":"trunk"},"geometry":{"type":"LineString","coordinates":[[78.17576,29.95864],[78.17602,29.95933]]}},{"type":"Feature","properties":{"name":"NH34","ref":"NH34","highway":"trunk"},"geometry":{"type":"LineString","coordinates":[[78.17251,29.95323],[78.17423,29.95592]]}},{"type":"Feature","properties":{"name":"NH34","ref":"NH34","highway":"trunk"},"geometry":{"type":"LineString","coordinates":[[78.18115,29.96987],[78.17948,29.96533],[78.17756,29.96253]]}},{"type":"Feature","properties":{"name":"NH34","ref":"NH34","highway":"trunk"},"geometry":{"type":"LineString","coordinates":[[78.17438,29.95583],[78.17267,29.95321]]}},{"type":"Feature","properties":{"name":"NH34","ref":"NH34","highway":"trunk"},"geometry":{"type":"LineString","coordinates":[[78.17423,29.95592],[78.17482,29.95676]]}},{"type":"Feature","properties":{"name":"NH34","ref":"NH34","highway":"trunk"},"geometry":{"type":"LineString","coordinates":[[78.17524,29.95745],[78.17576,29.95864]]}},{"type":"Feature","properties":{"name":"NH34","ref":"NH34","highway":"trunk"},"geometry":{"type":"LineString","coordinates":[[78.17496,29.95671],[78.17438,29.95583]]}},{"type":"Feature","properties":{"name":"NH34","ref":"NH34","highway":"trunk"},"geometry":{"type":"LineString","coordinates":[[78.17591,29.95858],[78.17543,29.95745]]}},{"type":"Feature","properties":{"name":"NH34","ref":"NH34","highway":"trunk"},"geometry":{"type":"LineString","coordinates":[[78.17617,29.95928],[78.17591,29.95858]]}},{"type":"Feature","properties":{"name":"NH34","ref":"NH34","highway":"trunk"},"geometry":{"type":"LineString","coordinates":[[78.17644,29.96016],[78.17617,29.95928]]}},{"type":"Feature","properties":{"name":"NH34","ref":"NH34","highway":"trunk"},"geometry":{"type":"LineString","coordinates":[[78.17626,29.96018],[78.17734,29.96249]]}},{"type":"Feature","properties":{"name":"NH34","ref":"NH34","highway":"trunk"},"geometry":{"type":"LineString","coordinates":[[78.17602,29.95933],[78.17626,29.96018]]}},{"type":"Feature","properties":{"name":"NH34","ref":"NH34","highway":"trunk"},"geometry":{"type":"LineString","coordinates":[[78.18252,29.97561],[78.18263,29.98028],[78.18297,29.98283],[78.18544,29.98799],[78.18787,29.99153]]}},{"type":"Feature","properties":{"name":"NH34","ref":"NH34","highway":"trunk"},"geometry":{"type":"LineString","coordinates":[[78.18097,29.96994],[78.18132,29.97097]]}},{"type":"Feature","properties":{"name":"NH34","ref":"NH34","highway":"trunk"},"geometry":{"type":"LineString","coordinates":[[78.1815,29.97095],[78.18115,29.96987]]}},{"type":"Feature","properties":{"name":"NH34","ref":"NH34","highway":"trunk"},"geometry":{"type":"LineString","coordinates":[[78.19806,30.01603],[78.20009,30.01832],[78.20167,30.02124],[78.20409,30.02462],[78.21033,30.03543],[78.21036,30.04246]]}},{"type":"Feature","properties":{"name":"NH34","ref":"NH34","highway":"trunk"},"geometry":{"type":"LineString","coordinates":[[78.19003,29.99592],[78.19045,29.99808],[78.18998,30.00764],[78.19019,30.00916],[78.19113,30.01043],[78.19477,30.01302],[78.19806,30.01603]]}},{"type":"Feature","properties":{"name":"NH34","ref":"NH34","highway":"trunk"},"geometry":{"type":"LineString","coordinates":[[78.21058,30.0423],[78.21029,30.03886],[78.21053,30.03602],[78.21036,30.03528],[78.20383,30.02402],[78.20191,30.02145],[78.20023,30.01836],[78.19813,30.01599]]}},{"type":"Feature","properties":{"name":"NH34","ref":"NH34","highway":"trunk"},"geometry":{"type":"LineString","coordinates":[[78.19813,30.01599],[78.19494,30.01301],[78.19124,30.01038],[78.1903,30.00911],[78.19007,30.0079],[78.19053,29.99782],[78.19012,29.99588]]}},{"type":"Feature","properties":{"name":"NH34","ref":"NH34","highway":"trunk"},"geometry":{"type":"LineString","coordinates":[[78.21162,30.04475],[78.21275,30.04601]]}},{"type":"Feature","properties":{"name":"Underpass","ref":"NH34","highway":"trunk"},"geometry":{"type":"LineString","coordinates":[[78.21036,30.04246],[78.21044,30.04282]]}},{"type":"Feature","properties":{"name":"NH34","ref":"NH34","highway":"trunk"},"geometry":{"type":"LineString","coordinates":[[78.2131,30.04583],[78.21196,30.04457]]}},{"type":"Feature","properties":{"name":"Underpass","ref":"NH34","highway":"trunk"},"geometry":{"type":"LineString","coordinates":[[78.2108,30.04283],[78.21058,30.0423]]}},{"type":"Feature","properties":{"name":"NH34","ref":"NH34","highway":"trunk"},"geometry":{"type":"LineString","coordinates":[[78.21062,30.04324],[78.21129,30.04438]]}},{"type":"Feature","properties":{"name":"NH34","ref":"NH34","highway":"trunk"},"geometry":{"type":"LineString","coordinates":[[78.21275,30.04601],[78.21779,30.05167]]}},{"type":"Feature","properties":{"name":"NH34","ref":"NH34","highway":"trunk"},"geometry":{"type":"LineString","coordinates":[[78.21196,30.04457],[78.21121,30.04357]]}},{"type":"Feature","properties":{"name":"NH34","ref":"NH34","highway":"trunk"},"geometry":{"type":"LineString","coordinates":[[78.21789,30.05157],[78.21452,30.04792],[78.2131,30.04583]]}},{"type":"Feature","properties":{"name":"NH34","ref":"NH34","highway":"trunk"},"geometry":{"type":"LineString","coordinates":[[78.21129,30.04438],[78.21162,30.04475]]}},{"type":"Feature","properties":{"name":"NH34","ref":"NH34","highway":"trunk"},"geometry":{"type":"LineString","coordinates":[[78.21044,30.04282],[78.21062,30.04324]]}},{"type":"Feature","properties":{"name":"NH34","ref":"NH34","highway":"trunk"},"geometry":{"type":"LineString","coordinates":[[78.21101,30.04322],[78.2108,30.04283]]}},{"type":"Feature","properties":{"name":"NH34","ref":"NH34","highway":"trunk"},"geometry":{"type":"LineString","coordinates":[[78.21121,30.04357],[78.21101,30.04322]]}},{"type":"Feature","properties":{"name":"NH34","ref":"NH34","highway":"trunk"},"geometry":{"type":"LineString","coordinates":[[78.21779,30.05167],[78.21895,30.05293]]}},{"type":"Feature","properties":{"name":"NH34","ref":"NH34","highway":"trunk"},"geometry":{"type":"LineString","coordinates":[[78.21922,30.0533],[78.22091,30.05538],[78.22281,30.05623]]}},{"type":"Feature","properties":{"name":"NH34","ref":"NH34","highway":"trunk"},"geometry":{"type":"LineString","coordinates":[[78.21902,30.05306],[78.21922,30.0533]]}},{"type":"Feature","properties":{"name":"NH7;NH34","ref":"NH7;NH34","highway":"trunk"},"geometry":{"type":"LineString","coordinates":[[78.22976,30.05917],[78.22328,30.05628],[78.22174,30.05584],[78.22013,30.05435]]}},{"type":"Feature","properties":{"name":"NH34","ref":"NH34","highway":"trunk"},"geometry":{"type":"LineString","coordinates":[[78.21906,30.05288],[78.21789,30.05157]]}},{"type":"Feature","properties":{"name":"NH7","ref":"NH7","highway":"trunk"},"geometry":{"type":"LineString","coordinates":[[78.21902,30.05306],[78.21955,30.05408],[78.21948,30.05457],[78.21782,30.05575]]}},{"type":"Feature","properties":{"name":"NH7","ref":"NH7","highway":"trunk"},"geometry":{"type":"LineString","coordinates":[[78.21975,30.05474],[78.22024,30.05483],[78.22142,30.05589],[78.22307,30.05631]]}},{"type":"Feature","properties":{"name":"Haridwar Main Road","ref":"","highway":"secondary"},"geometry":{"type":"LineString","coordinates":[[78.15672,29.94755],[78.15982,29.94947]]}},{"type":"Feature","properties":{"name":"Laltaro Pul","ref":"","highway":"secondary"},"geometry":{"type":"LineString","coordinates":[[78.15982,29.94947],[78.15994,29.94954]]}},{"type":"Feature","properties":{"name":"Old National Highway 58","ref":"","highway":"primary"},"geometry":{"type":"LineString","coordinates":[[78.17435,29.97057],[78.17439,29.97061]]}},{"type":"Feature","properties":{"name":"","ref":"","highway":"secondary"},"geometry":{"type":"LineString","coordinates":[[78.12938,29.9293],[78.12851,29.93033]]}},{"type":"Feature","properties":{"name":"","ref":"","highway":"secondary"},"geometry":{"type":"LineString","coordinates":[[78.12859,29.93038],[78.12938,29.9293]]}},{"type":"Feature","properties":{"name":"Haridwar Main Road","ref":"Old NH 58","highway":"secondary"},"geometry":{"type":"LineString","coordinates":[[78.09996,29.91701],[78.10093,29.91737]]}},{"type":"Feature","properties":{"name":"Haridwar Main Road","ref":"","highway":"secondary"},"geometry":{"type":"LineString","coordinates":[[78.10093,29.91737],[78.10035,29.9171]]}},{"type":"Feature","properties":{"name":"","ref":"","highway":"secondary"},"geometry":{"type":"LineString","coordinates":[[78.10035,29.9171],[78.10034,29.917]]}},{"type":"Feature","properties":{"name":"NH7;NH34","ref":"NH7;NH34","highway":"trunk"},"geometry":{"type":"LineString","coordinates":[[78.22976,30.05917],[78.23117,30.05968]]}},{"type":"Feature","properties":{"name":"NH34","ref":"NH34","highway":"trunk"},"geometry":{"type":"LineString","coordinates":[[78.21895,30.05293],[78.21902,30.05306]]}},{"type":"Feature","properties":{"name":"NH34","ref":"NH34","highway":"trunk"},"geometry":{"type":"LineString","coordinates":[[78.22281,30.05623],[78.22307,30.05631]]}},{"type":"Feature","properties":{"name":"NH34","ref":"NH34","highway":"trunk"},"geometry":{"type":"LineString","coordinates":[[78.22013,30.05435],[78.21906,30.05288]]}},{"type":"Feature","properties":{"name":"NH7;NH34","ref":"NH7;NH34","highway":"trunk"},"geometry":{"type":"LineString","coordinates":[[78.23144,30.05979],[78.23282,30.06044],[78.23377,30.06038]]}},{"type":"Feature","properties":{"name":"NH7;NH34","ref":"NH7;NH34","highway":"trunk"},"geometry":{"type":"LineString","coordinates":[[78.24264,30.06475],[78.23784,30.06264],[78.23377,30.06038]]}},{"type":"Feature","properties":{"name":"NH7","ref":"NH7","highway":"trunk"},"geometry":{"type":"LineString","coordinates":[[78.28518,30.09572],[78.27862,30.09243]]}},{"type":"Feature","properties":{"name":"NH7","ref":"NH7","highway":"trunk"},"geometry":{"type":"LineString","coordinates":[[78.27862,30.09243],[78.27848,30.09237]]}},{"type":"Feature","properties":{"name":"NH7","ref":"NH7","highway":"primary"},"geometry":{"type":"LineString","coordinates":[[78.2933,30.11269],[78.29521,30.11022],[78.29865,30.10682]]}},{"type":"Feature","properties":{"name":"","ref":"","highway":"secondary"},"geometry":{"type":"LineString","coordinates":[[78.29703,30.11191],[78.301,30.10813]]}},{"type":"Feature","properties":{"name":"","ref":"","highway":"secondary"},"geometry":{"type":"LineString","coordinates":[[78.29158,30.11446],[78.29183,30.11487]]}},{"type":"Feature","properties":{"name":"","ref":"","highway":"secondary"},"geometry":{"type":"LineString","coordinates":[[78.29703,30.11191],[78.29579,30.11219],[78.29183,30.11487]]}},{"type":"Feature","properties":{"name":"NH7","ref":"NH7","highway":"primary"},"geometry":{"type":"LineString","coordinates":[[78.28522,30.11572],[78.28555,30.11571]]}},{"type":"Feature","properties":{"name":"NH7","ref":"NH7","highway":"primary"},"geometry":{"type":"LineString","coordinates":[[78.2933,30.11269],[78.29223,30.1142],[78.28912,30.11549],[78.28555,30.11571]]}},{"type":"Feature","properties":{"name":"NH7","ref":"NH7","highway":"primary"},"geometry":{"type":"LineString","coordinates":[[78.28492,30.11573],[78.28522,30.11572]]}},{"type":"Feature","properties":{"name":"NH7","ref":"NH7","highway":"primary"},"geometry":{"type":"LineString","coordinates":[[78.28419,30.11578],[78.28492,30.11573]]}},{"type":"Feature","properties":{"name":"NH7","ref":"NH7","highway":"primary"},"geometry":{"type":"LineString","coordinates":[[78.28492,30.11573],[78.28419,30.11578]]}},{"type":"Feature","properties":{"name":"NH7","ref":"NH7","highway":"primary"},"geometry":{"type":"LineString","coordinates":[[78.28244,30.11666],[78.28343,30.11591],[78.28419,30.11578]]}},{"type":"Feature","properties":{"name":"NH7","ref":"NH7","highway":"primary"},"geometry":{"type":"LineString","coordinates":[[78.27711,30.11887],[78.27909,30.11802]]}},{"type":"Feature","properties":{"name":"NH7","ref":"NH7","highway":"primary"},"geometry":{"type":"LineString","coordinates":[[78.28244,30.11666],[78.28158,30.11721],[78.27981,30.11775]]}},{"type":"Feature","properties":{"name":"NH7","ref":"NH7","highway":"primary"},"geometry":{"type":"LineString","coordinates":[[78.27908,30.11794],[78.27711,30.11887]]}},{"type":"Feature","properties":{"name":"NH7","ref":"NH7","highway":"primary"},"geometry":{"type":"LineString","coordinates":[[78.27981,30.11775],[78.27908,30.11794]]}},{"type":"Feature","properties":{"name":"Rishikesh Bypass","ref":"NH34","highway":"trunk"},"geometry":{"type":"LineString","coordinates":[[78.2724,30.09402],[78.27311,30.09476]]}},{"type":"Feature","properties":{"name":"Rishikesh Bypass","ref":"NH34","highway":"trunk"},"geometry":{"type":"LineString","coordinates":[[78.2738,30.09542],[78.27433,30.09589]]}},{"type":"Feature","properties":{"name":"NH34","ref":"NH34","highway":"trunk"},"geometry":{"type":"LineString","coordinates":[[78.27433,30.09589],[78.2736,30.09509]]}},{"type":"Feature","properties":{"name":"NH34","ref":"NH34","highway":"trunk"},"geometry":{"type":"LineString","coordinates":[[78.27283,30.09434],[78.2724,30.09402]]}},{"type":"Feature","properties":{"name":"NH34","ref":"NH34","highway":"trunk"},"geometry":{"type":"LineString","coordinates":[[78.2736,30.09509],[78.27283,30.09434]]}},{"type":"Feature","properties":{"name":"NH7","ref":"NH7","highway":"primary"},"geometry":{"type":"LineString","coordinates":[[78.21175,30.18119],[78.21336,30.17977],[78.2173,30.17744],[78.21852,30.17633],[78.22193,30.17719],[78.22838,30.17742]]}},{"type":"Feature","properties":{"name":"NH7","ref":"NH7","highway":"primary"},"geometry":{"type":"LineString","coordinates":[[78.20338,30.18781],[78.20454,30.1874],[78.20589,30.18645],[78.21111,30.18183]]}},{"type":"Feature","properties":{"name":"NH7","ref":"NH7","highway":"primary"},"geometry":{"type":"LineString","coordinates":[[78.22838,30.17742],[78.22178,30.17709],[78.22001,30.17647],[78.2184,30.17621],[78.21729,30.17734],[78.21335,30.17964],[78.21175,30.18119]]}},{"type":"Feature","properties":{"name":"NH7","ref":"NH7","highway":"primary"},"geometry":{"type":"LineString","coordinates":[[78.23466,30.17626],[78.23045,30.17748]]}},{"type":"Feature","properties":{"name":"NH7","ref":"NH7","highway":"primary"},"geometry":{"type":"LineString","coordinates":[[78.23045,30.17748],[78.23466,30.17626]]}},{"type":"Feature","properties":{"name":"NH7","ref":"NH7","highway":"primary"},"geometry":{"type":"LineString","coordinates":[[78.22951,30.17766],[78.23045,30.17748]]}},{"type":"Feature","properties":{"name":"NH7","ref":"NH7","highway":"primary"},"geometry":{"type":"LineString","coordinates":[[78.22951,30.17766],[78.22904,30.17757]]}},{"type":"Feature","properties":{"name":"NH7","ref":"NH7","highway":"primary"},"geometry":{"type":"LineString","coordinates":[[78.22904,30.17757],[78.22838,30.17742]]}},{"type":"Feature","properties":{"name":"NH7","ref":"NH7","highway":"primary"},"geometry":{"type":"LineString","coordinates":[[78.22904,30.17757],[78.22951,30.17766]]}},{"type":"Feature","properties":{"name":"NH7","ref":"NH7","highway":"primary"},"geometry":{"type":"LineString","coordinates":[[78.21111,30.18183],[78.21175,30.18119]]}},{"type":"Feature","properties":{"name":"NH7","ref":"NH7","highway":"primary"},"geometry":{"type":"LineString","coordinates":[[78.21111,30.18183],[78.20561,30.18653],[78.20338,30.18781]]}},{"type":"Feature","properties":{"name":"","ref":"","highway":"primary"},"geometry":{"type":"LineString","coordinates":[[78.19857,30.18944],[78.20308,30.18788]]}},{"type":"Feature","properties":{"name":"NH7","ref":"NH7","highway":"primary"},"geometry":{"type":"LineString","coordinates":[[78.19769,30.18952],[78.19406,30.18921],[78.19251,30.18858],[78.18942,30.18842],[78.18319,30.18726],[78.17858,30.18683],[78.16794,30.18507],[78.16489,30.18581],[78.16314,30.18696],[78.1622,30.18715]]}},{"type":"Feature","properties":{"name":"NH7","ref":"NH7","highway":"primary"},"geometry":{"type":"LineString","coordinates":[[78.14888,30.18646],[78.15443,30.18758],[78.15811,30.18758],[78.16089,30.18727]]}},{"type":"Feature","properties":{"name":"NH7","ref":"NH7","highway":"primary"},"geometry":{"type":"LineString","coordinates":[[78.16089,30.18727],[78.1622,30.18715]]}},{"type":"Feature","properties":{"name":"NH7","ref":"NH7","highway":"primary"},"geometry":{"type":"LineString","coordinates":[[78.16089,30.18727],[78.15455,30.18749],[78.14888,30.18646]]}},{"type":"Feature","properties":{"name":"NH7","ref":"NH7","highway":"primary"},"geometry":{"type":"LineString","coordinates":[[78.14425,30.18432],[78.14685,30.18584]]}},{"type":"Feature","properties":{"name":"NH7","ref":"NH7","highway":"trunk"},"geometry":{"type":"LineString","coordinates":[[78.20559,30.07002],[78.19548,30.07724],[78.192,30.08002],[78.17965,30.09782]]}},{"type":"Feature","properties":{"name":"NH7","ref":"NH7","highway":"trunk"},"geometry":{"type":"LineString","coordinates":[[78.17978,30.09787],[78.19204,30.08015],[78.19553,30.07734],[78.20575,30.07009]]}},{"type":"Feature","properties":{"name":"NH7","ref":"NH7","highway":"trunk"},"geometry":{"type":"LineString","coordinates":[[78.17965,30.09782],[78.17688,30.10166]]}},{"type":"Feature","properties":{"name":"NH7","ref":"NH7","highway":"trunk"},"geometry":{"type":"LineString","coordinates":[[78.177,30.10171],[78.17978,30.09787]]}},{"type":"Feature","properties":{"name":"NH7","ref":"NH7","highway":"trunk"},"geometry":{"type":"LineString","coordinates":[[78.22013,30.05435],[78.21443,30.05794],[78.20812,30.06706]]}},{"type":"Feature","properties":{"name":"NH7","ref":"NH7","highway":"trunk"},"geometry":{"type":"LineString","coordinates":[[78.20812,30.06706],[78.20559,30.07002]]}},{"type":"Feature","properties":{"name":"NH7","ref":"NH7","highway":"trunk"},"geometry":{"type":"LineString","coordinates":[[78.20575,30.07009],[78.20684,30.06911],[78.20822,30.06714]]}},{"type":"Feature","properties":{"name":"NH7","ref":"NH7","highway":"trunk"},"geometry":{"type":"LineString","coordinates":[[78.20822,30.06714],[78.21454,30.05799],[78.22022,30.05447]]}},{"type":"Feature","properties":{"name":"NH7","ref":"NH7","highway":"primary"},"geometry":{"type":"LineString","coordinates":[[78.14425,30.18432],[78.14221,30.1833]]}},{"type":"Feature","properties":{"name":"","ref":"","highway":"primary"},"geometry":{"type":"LineString","coordinates":[[78.14148,30.18295],[78.14221,30.1833]]}},{"type":"Feature","properties":{"name":"","ref":"","highway":"primary"},"geometry":{"type":"LineString","coordinates":[[78.14221,30.1833],[78.14151,30.18289]]}},{"type":"Feature","properties":{"name":"","ref":"","highway":"primary"},"geometry":{"type":"LineString","coordinates":[[78.14411,30.17922],[78.14157,30.1827]]}},{"type":"Feature","properties":{"name":"","ref":"","highway":"primary"},"geometry":{"type":"LineString","coordinates":[[78.14148,30.18295],[78.14039,30.18447],[78.13865,30.18607]]}},{"type":"Feature","properties":{"name":"","ref":"","highway":"primary"},"geometry":{"type":"LineString","coordinates":[[78.14157,30.1827],[78.14151,30.18289]]}},{"type":"Feature","properties":{"name":"","ref":"","highway":"primary"},"geometry":{"type":"LineString","coordinates":[[78.13887,30.1863],[78.14051,30.18488],[78.14174,30.18326]]}},{"type":"Feature","properties":{"name":"","ref":"","highway":"primary"},"geometry":{"type":"LineString","coordinates":[[78.14174,30.18326],[78.14195,30.18295]]}},{"type":"Feature","properties":{"name":"NH7","ref":"NH7","highway":"trunk"},"geometry":{"type":"LineString","coordinates":[[78.12666,30.19663],[78.12861,30.19451]]}},{"type":"Feature","properties":{"name":"NH7","ref":"NH7","highway":"trunk"},"geometry":{"type":"LineString","coordinates":[[78.12848,30.19444],[78.12655,30.19657]]}},{"type":"Feature","properties":{"name":"NH7","ref":"NH7","highway":"trunk"},"geometry":{"type":"LineString","coordinates":[[78.12655,30.19657],[78.12604,30.1972]]}},{"type":"Feature","properties":{"name":"NH7","ref":"NH7","highway":"trunk"},"geometry":{"type":"LineString","coordinates":[[78.12604,30.1972],[78.12585,30.1975]]}},{"type":"Feature","properties":{"name":"NH34","ref":"NH34","highway":"trunk"},"geometry":{"type":"LineString","coordinates":[[78.28655,30.11732],[78.28597,30.11666]]}},{"type":"Feature","properties":{"name":"NH34","ref":"NH34","highway":"trunk"},"geometry":{"type":"LineString","coordinates":[[78.28725,30.11813],[78.28692,30.11775]]}},{"type":"Feature","properties":{"name":"NH7","ref":"NH7","highway":"trunk"},"geometry":{"type":"LineString","coordinates":[[78.13862,30.18636],[78.1388,30.18624]]}},{"type":"Feature","properties":{"name":"","ref":"","highway":"primary"},"geometry":{"type":"LineString","coordinates":[[78.13865,30.18607],[78.13847,30.18622]]}},{"type":"Feature","properties":{"name":"","ref":"","highway":"primary"},"geometry":{"type":"LineString","coordinates":[[78.13847,30.18622],[78.13825,30.18646]]}},{"type":"Feature","properties":{"name":"","ref":"","highway":"primary"},"geometry":{"type":"LineString","coordinates":[[78.13866,30.18642],[78.13887,30.1863]]}},{"type":"Feature","properties":{"name":"","ref":"","highway":"primary"},"geometry":{"type":"LineString","coordinates":[[78.13833,30.18655],[78.13866,30.18642]]}},{"type":"Feature","properties":{"name":"NH7","ref":"NH7","highway":"trunk"},"geometry":{"type":"LineString","coordinates":[[78.13391,30.1898],[78.13862,30.18636]]}},{"type":"Feature","properties":{"name":"NH7","ref":"NH7","highway":"trunk"},"geometry":{"type":"LineString","coordinates":[[78.1387,30.18616],[78.13852,30.18627]]}},{"type":"Feature","properties":{"name":"NH7","ref":"NH7","highway":"trunk"},"geometry":{"type":"LineString","coordinates":[[78.13852,30.18627],[78.13382,30.18971]]}},{"type":"Feature","properties":{"name":"NH7","ref":"NH7","highway":"primary"},"geometry":{"type":"LineString","coordinates":[[78.14685,30.18584],[78.14691,30.18586]]}},{"type":"Feature","properties":{"name":"NH7","ref":"NH7","highway":"primary"},"geometry":{"type":"LineString","coordinates":[[78.14691,30.18586],[78.14888,30.18646]]}},{"type":"Feature","properties":{"name":"NH7","ref":"NH7","highway":"trunk"},"geometry":{"type":"LineString","coordinates":[[78.2586,30.0777],[78.24609,30.0662],[78.24264,30.06475]]}},{"type":"Feature","properties":{"name":"NH7","ref":"NH7","highway":"trunk"},"geometry":{"type":"LineString","coordinates":[[78.25864,30.07786],[78.26045,30.07974],[78.26246,30.08372],[78.26551,30.0857]]}},{"type":"Feature","properties":{"name":"NH7","ref":"NH7","highway":"trunk"},"geometry":{"type":"LineString","coordinates":[[78.25854,30.07777],[78.25864,30.07786]]}},{"type":"Feature","properties":{"name":"NH7","ref":"NH7","highway":"trunk"},"geometry":{"type":"LineString","coordinates":[[78.25871,30.0778],[78.2586,30.0777]]}},{"type":"Feature","properties":{"name":"Rishikesh Bypass","ref":"NH34","highway":"trunk"},"geometry":{"type":"LineString","coordinates":[[78.2724,30.09402],[78.26062,30.08302],[78.25862,30.08201],[78.25719,30.08093]]}},{"type":"Feature","properties":{"name":"Rishikesh Bypass","ref":"NH34","highway":"trunk"},"geometry":{"type":"LineString","coordinates":[[78.25719,30.08093],[78.25706,30.08082]]}},{"type":"Feature","properties":{"name":"Haridwar Main Road","ref":"Old NH 58","highway":"secondary"},"geometry":{"type":"LineString","coordinates":[[78.14847,29.94275],[78.14862,29.9428],[78.14847,29.94275]]}},{"type":"Feature","properties":{"name":"Haridwar Main Road","ref":"Old NH 58","highway":"secondary"},"geometry":{"type":"LineString","coordinates":[[78.13477,29.93381],[78.13487,29.93394],[78.13477,29.93381]]}},{"type":"Feature","properties":{"name":"Haridwar Main Road","ref":"Old NH 58","highway":"secondary"},"geometry":{"type":"LineString","coordinates":[[78.11715,29.92361],[78.11841,29.92428]]}},{"type":"Feature","properties":{"name":"Haridwar Main Road","ref":"Old NH 58","highway":"secondary"},"geometry":{"type":"LineString","coordinates":[[78.11841,29.92428],[78.11715,29.92361]]}},{"type":"Feature","properties":{"name":"Haridwar Main Road","ref":"Old NH 58","highway":"secondary"},"geometry":{"type":"LineString","coordinates":[[78.12104,29.92592],[78.11841,29.92428]]}},{"type":"Feature","properties":{"name":"NH34","ref":"NH34","highway":"trunk"},"geometry":{"type":"LineString","coordinates":[[78.17756,29.96253],[78.17748,29.96241]]}},{"type":"Feature","properties":{"name":"NH34","ref":"NH34","highway":"trunk"},"geometry":{"type":"LineString","coordinates":[[78.17748,29.96241],[78.17682,29.9614],[78.17644,29.96016]]}},{"type":"Feature","properties":{"name":"NH34","ref":"NH34","highway":"trunk"},"geometry":{"type":"LineString","coordinates":[[78.17734,29.96249],[78.17743,29.96261]]}},{"type":"Feature","properties":{"name":"NH34","ref":"NH34","highway":"trunk"},"geometry":{"type":"LineString","coordinates":[[78.17743,29.96261],[78.17926,29.9652],[78.18097,29.96994]]}},{"type":"Feature","properties":{"name":"","ref":"","highway":"secondary"},"geometry":{"type":"LineString","coordinates":[[78.17007,29.97192],[78.1699,29.97289]]}},{"type":"Feature","properties":{"name":"","ref":"","highway":"secondary"},"geometry":{"type":"LineString","coordinates":[[78.13164,29.92643],[78.13184,29.92617]]}},{"type":"Feature","properties":{"name":"NH34","ref":"NH34","highway":"trunk"},"geometry":{"type":"LineString","coordinates":[[78.17487,29.95684],[78.17524,29.95745]]}},{"type":"Feature","properties":{"name":"NH34","ref":"NH34","highway":"trunk"},"geometry":{"type":"LineString","coordinates":[[78.17482,29.95676],[78.17487,29.95684]]}},{"type":"Feature","properties":{"name":"NH34","ref":"NH34","highway":"trunk"},"geometry":{"type":"LineString","coordinates":[[78.17543,29.95745],[78.17501,29.95678]]}},{"type":"Feature","properties":{"name":"NH34","ref":"NH34","highway":"trunk"},"geometry":{"type":"LineString","coordinates":[[78.17501,29.95678],[78.17496,29.95671]]}},{"type":"Feature","properties":{"name":"NH34","ref":"NH34","highway":"trunk"},"geometry":{"type":"LineString","coordinates":[[78.16464,29.9453],[78.16476,29.94519]]}},{"type":"Feature","properties":{"name":"Haridwar Bypass Road","ref":"Haridwar Bypass","highway":"secondary"},"geometry":{"type":"LineString","coordinates":[[78.16625,29.96049],[78.16631,29.96039]]}},{"type":"Feature","properties":{"name":"Haridwar Bypass Road","ref":"Haridwar Bypass","highway":"secondary"},"geometry":{"type":"LineString","coordinates":[[78.13374,29.93611],[78.13562,29.93716],[78.13657,29.93799],[78.1381,29.9384],[78.13957,29.93926],[78.1402,29.94051],[78.14038,29.94186],[78.14182,29.9428],[78.14492,29.94743],[78.14711,29.94892],[78.14916,29.94969],[78.15163,29.94995],[78.15587,29.9516],[78.15672,29.95164],[78.15921,29.95063]]}},{"type":"Feature","properties":{"name":"Haridwar Bypass Road","ref":"Haridwar Bypass","highway":"secondary"},"geometry":{"type":"LineString","coordinates":[[78.16801,29.95822],[78.16673,29.95935],[78.16579,29.95969],[78.16592,29.96044],[78.16625,29.96049]]}},{"type":"Feature","properties":{"name":"Haridwar Bypass Road","ref":"Haridwar Bypass","highway":"secondary"},"geometry":{"type":"LineString","coordinates":[[78.16818,29.95803],[78.16801,29.95822]]}},{"type":"Feature","properties":{"name":"Haridwar Bypass Road","ref":"","highway":"secondary"},"geometry":{"type":"LineString","coordinates":[[78.11172,29.92133],[78.11282,29.92331],[78.1146,29.92527]]}},{"type":"Feature","properties":{"name":"Haridwar Bypass Road","ref":"","highway":"secondary"},"geometry":{"type":"LineString","coordinates":[[78.11608,29.92634],[78.1146,29.92527]]}},{"type":"Feature","properties":{"name":"","ref":"","highway":"secondary"},"geometry":{"type":"LineString","coordinates":[[78.1146,29.92527],[78.11608,29.92634]]}},{"type":"Feature","properties":{"name":"","ref":"","highway":"secondary"},"geometry":{"type":"LineString","coordinates":[[78.13179,29.92678],[78.13191,29.92659]]}},{"type":"Feature","properties":{"name":"NH334","ref":"NH334","highway":"trunk"},"geometry":{"type":"LineString","coordinates":[[78.13717,29.92957],[78.13843,29.93035]]}},{"type":"Feature","properties":{"name":"NH334","ref":"NH334","highway":"trunk"},"geometry":{"type":"LineString","coordinates":[[78.13853,29.93023],[78.13722,29.92942]]}},{"type":"Feature","properties":{"name":"NH334","ref":"NH334","highway":"trunk"},"geometry":{"type":"LineString","coordinates":[[78.13722,29.92942],[78.13234,29.92657]]}},{"type":"Feature","properties":{"name":"NH334","ref":"NH334","highway":"trunk"},"geometry":{"type":"LineString","coordinates":[[78.13227,29.92665],[78.13717,29.92957]]}},{"type":"Feature","properties":{"name":"NH334","ref":"NH334","highway":"trunk"},"geometry":{"type":"LineString","coordinates":[[78.13234,29.92657],[78.13147,29.92607]]}},{"type":"Feature","properties":{"name":"NH334","ref":"NH334","highway":"trunk"},"geometry":{"type":"LineString","coordinates":[[78.13139,29.92616],[78.13227,29.92665]]}},{"type":"Feature","properties":{"name":"NH334","ref":"NH334","highway":"trunk"},"geometry":{"type":"LineString","coordinates":[[78.12507,29.92311],[78.13139,29.92616]]}},{"type":"Feature","properties":{"name":"NH334","ref":"NH334","highway":"trunk"},"geometry":{"type":"LineString","coordinates":[[78.13147,29.92607],[78.12511,29.923]]}},{"type":"Feature","properties":{"name":"Haridwar Main Road","ref":"","highway":"secondary"},"geometry":{"type":"LineString","coordinates":[[78.15994,29.94954],[78.16016,29.94966]]}},{"type":"Feature","properties":{"name":"Haridwar Bypass Road","ref":"Haridwar Bypass","highway":"secondary"},"geometry":{"type":"LineString","coordinates":[[78.15921,29.95063],[78.16328,29.95247],[78.16369,29.95311],[78.16421,29.95334],[78.16368,29.9551],[78.16387,29.95545],[78.16519,29.95454],[78.16577,29.95486],[78.16562,29.95571],[78.16603,29.95618],[78.1679,29.95573],[78.16791,29.95636],[78.16846,29.95674],[78.16818,29.95803]]}},{"type":"Feature","properties":{"name":"Old National Highway 58","ref":"","highway":"secondary"},"geometry":{"type":"LineString","coordinates":[[78.18114,29.97912],[78.18266,29.98197],[78.18302,29.98193]]}},{"type":"Feature","properties":{"name":"","ref":"","highway":"secondary"},"geometry":{"type":"LineString","coordinates":[[78.29186,30.11491],[78.29183,30.11487]]}},{"type":"Feature","properties":{"name":"","ref":"","highway":"secondary"},"geometry":{"type":"LineString","coordinates":[[78.35707,30.12401],[78.35783,30.1242],[78.35948,30.12369],[78.361,30.12251],[78.36238,30.1209],[78.36386,30.12003]]}},{"type":"Feature","properties":{"name":"NH7","ref":"NH7","highway":"trunk"},"geometry":{"type":"LineString","coordinates":[[78.33989,30.13797],[78.33914,30.13794]]}},{"type":"Feature","properties":{"name":"NH7","ref":"NH7","highway":"trunk"},"geometry":{"type":"LineString","coordinates":[[78.35612,30.12848],[78.35569,30.12874],[78.35423,30.1289],[78.35104,30.13022],[78.35046,30.13057],[78.34986,30.13144],[78.34859,30.13223],[78.34778,30.13203],[78.34736,30.13218],[78.34283,30.13569],[78.34173,30.13606],[78.34039,30.13715],[78.33996,30.13786]]}},{"type":"Feature","properties":{"name":"NH7","ref":"NH7","highway":"trunk"},"geometry":{"type":"LineString","coordinates":[[78.43508,30.08592],[78.43499,30.08797]]}},{"type":"Feature","properties":{"name":"NH7","ref":"NH7","highway":"trunk"},"geometry":{"type":"LineString","coordinates":[[78.45312,30.07122],[78.45232,30.07046],[78.45177,30.07049],[78.4504,30.072],[78.44945,30.07231],[78.4489,30.07315],[78.4481,30.07345],[78.44693,30.07482],[78.44585,30.07556],[78.44467,30.07598],[78.44299,30.07718],[78.4431,30.07796],[78.44292,30.07834],[78.44221,30.07835],[78.44154,30.07787],[78.44076,30.07826],[78.44038,30.07927],[78.43821,30.07951],[78.4372,30.07994],[78.43597,30.08196],[78.43577,30.08291],[78.436,30.08393],[78.43514,30.08533],[78.43508,30.08592]]}},{"type":"Feature","properties":{"name":"","ref":"","highway":"secondary"},"geometry":{"type":"LineString","coordinates":[[78.38115,30.08106],[78.38148,30.08051]]}},{"type":"Feature","properties":{"name":"","ref":"","highway":"secondary"},"geometry":{"type":"LineString","coordinates":[[78.38121,30.08887],[78.38256,30.08794],[78.38315,30.08661],[78.38352,30.08632],[78.3836,30.08441],[78.38312,30.0825],[78.38267,30.08194],[78.38115,30.08106]]}},{"type":"Feature","properties":{"name":"NH707A","ref":"NH707A","highway":"trunk"},"geometry":{"type":"LineString","coordinates":[[78.46829,30.37492],[78.46839,30.3749]]}},{"type":"Feature","properties":{"name":"NH707A","ref":"NH707A","highway":"trunk"},"geometry":{"type":"LineString","coordinates":[[78.46766,30.37507],[78.46829,30.37492]]}},{"type":"Feature","properties":{"name":"","ref":"","highway":"secondary"},"geometry":{"type":"LineString","coordinates":[[78.4498,29.95081],[78.44985,29.95024],[78.45039,29.94995],[78.45053,29.94931],[78.45001,29.94837],[78.44978,29.94832],[78.44832,29.94909],[78.4477,29.94895],[78.44708,29.94833],[78.44655,29.94826],[78.44615,29.94932],[78.44644,29.95016]]}},{"type":"Feature","properties":{"name":"NH34","ref":"NH34","highway":"trunk"},"geometry":{"type":"LineString","coordinates":[[78.18239,29.97411],[78.1815,29.97095]]}},{"type":"Feature","properties":{"name":"NH34","ref":"NH34","highway":"trunk"},"geometry":{"type":"LineString","coordinates":[[78.18797,29.99148],[78.18565,29.98811],[78.18377,29.98443],[78.18301,29.98244],[78.18261,29.97561]]}},{"type":"Feature","properties":{"name":"","ref":"","highway":"secondary"},"geometry":{"type":"LineString","coordinates":[[78.46331,30.24411],[78.46367,30.24423],[78.46407,30.24489],[78.46364,30.24625],[78.46561,30.24686],[78.46647,30.2469],[78.4672,30.24731],[78.46848,30.2469],[78.46943,30.24697],[78.46983,30.24754],[78.47032,30.24741]]}},{"type":"Feature","properties":{"name":"","ref":"","highway":"secondary"},"geometry":{"type":"LineString","coordinates":[[78.46331,30.24419],[78.46331,30.24411]]}},{"type":"Feature","properties":{"name":"","ref":"","highway":"secondary"},"geometry":{"type":"LineString","coordinates":[[78.54669,30.19905],[78.54942,30.1993],[78.55055,30.19971],[78.5522,30.20165],[78.55265,30.20186],[78.55374,30.20187],[78.55553,30.20141],[78.55593,30.2019],[78.55685,30.20218],[78.5569,30.20242],[78.55652,30.20262],[78.55599,30.20374],[78.55355,30.2068],[78.5537,30.2073],[78.55334,30.20793],[78.55305,30.20935],[78.55294,30.21206],[78.54997,30.2128],[78.54954,30.21336],[78.54954,30.21355],[78.5508,30.21356],[78.55266,30.21427],[78.55336,30.215],[78.55443,30.21535],[78.55596,30.21674],[78.55703,30.21845],[78.55707,30.22032],[78.55658,30.22156],[78.55589,30.22224],[78.55351,30.22293],[78.55307,30.2237],[78.55178,30.22391],[78.55167,30.22484],[78.54988,30.22707],[78.54924,30.22726],[78.54844,30.22698],[78.54785,30.22751],[78.54706,30.22772],[78.54587,30.22758],[78.54504,30.22803],[78.54311,30.22838],[78.54226,30.22834],[78.54176,30.22789],[78.54082,30.22808],[78.54046,30.22778],[78.53874,30.22743],[78.53833,30.22788],[78.5376,30.22807],[78.53707,30.22871],[78.53548,30.22937],[78.53449,30.22916],[78.53384,30.22937],[78.53345,30.22895],[78.53133,30.22817],[78.5305,30.22733],[78.52952,30.22695],[78.52868,30.22514],[78.52791,30.22444],[78.5268,30.22506],[78.52721,30.22552],[78.52665,30.22646],[78.52695,30.22729],[78.52669,30.22772],[78.5268,30.22896],[78.52604,30.23077]]}},{"type":"Feature","properties":{"name":"","ref":"","highway":"secondary"},"geometry":{"type":"LineString","coordinates":[[78.54668,30.19897],[78.54669,30.19905]]}},{"type":"Feature","properties":{"name":"","ref":"","highway":"secondary"},"geometry":{"type":"LineString","coordinates":[[78.38223,30.09191],[78.38231,30.09084],[78.38295,30.08969],[78.38251,30.08929],[78.38127,30.08906]]}},{"type":"Feature","properties":{"name":"","ref":"","highway":"secondary"},"geometry":{"type":"LineString","coordinates":[[78.38127,30.08906],[78.38121,30.08887]]}},{"type":"Feature","properties":{"name":"NH7","ref":"NH7","highway":"trunk"},"geometry":{"type":"LineString","coordinates":[[78.58414,30.12101],[78.58498,30.12016],[78.58433,30.11725],[78.58521,30.11415],[78.58217,30.11386],[78.58098,30.11339],[78.58011,30.11265],[78.57879,30.11275],[78.57791,30.11218],[78.57785,30.11186]]}},{"type":"Feature","properties":{"name":"NH7","ref":"NH7","highway":"trunk"},"geometry":{"type":"LineString","coordinates":[[78.57785,30.11186],[78.57804,30.11167]]}},{"type":"Feature","properties":{"name":"NH7","ref":"NH7","highway":"trunk"},"geometry":{"type":"LineString","coordinates":[[78.50332,30.07325],[78.50273,30.0734],[78.502,30.07319],[78.50129,30.07516],[78.49999,30.07601],[78.49845,30.07657],[78.49632,30.07676],[78.49546,30.07639],[78.49464,30.07648],[78.49437,30.07619]]}},{"type":"Feature","properties":{"name":"NH7","ref":"NH7","highway":"trunk"},"geometry":{"type":"LineString","coordinates":[[78.49437,30.07619],[78.49418,30.07586]]}},{"type":"Feature","properties":{"name":"NH7","ref":"NH7","highway":"trunk"},"geometry":{"type":"LineString","coordinates":[[78.33991,30.13793],[78.33989,30.13797]]}},{"type":"Feature","properties":{"name":"NH7","ref":"NH7","highway":"trunk"},"geometry":{"type":"LineString","coordinates":[[78.33996,30.13786],[78.33991,30.13793]]}},{"type":"Feature","properties":{"name":"NH7","ref":"NH7","highway":"trunk"},"geometry":{"type":"LineString","coordinates":[[78.38883,30.13758],[78.38947,30.13795],[78.38999,30.13758],[78.38955,30.13677],[78.38962,30.13633],[78.39007,30.1361],[78.39153,30.13684],[78.3934,30.13726],[78.39571,30.13817]]}},{"type":"Feature","properties":{"name":"NH7","ref":"NH7","highway":"trunk"},"geometry":{"type":"LineString","coordinates":[[78.39571,30.13817],[78.39599,30.13861]]}},{"type":"Feature","properties":{"name":"NH7","ref":"NH7","highway":"trunk"},"geometry":{"type":"LineString","coordinates":[[78.43499,30.08797],[78.43481,30.09095],[78.43493,30.09275],[78.43535,30.09356],[78.43524,30.09498]]}},{"type":"Feature","properties":{"name":"NH7","ref":"NH7","highway":"trunk"},"geometry":{"type":"LineString","coordinates":[[78.43524,30.09498],[78.43522,30.09506]]}},{"type":"Feature","properties":{"name":"","ref":"","highway":"primary"},"geometry":{"type":"LineString","coordinates":[[78.19769,30.18952],[78.19857,30.18944]]}},{"type":"Feature","properties":{"name":"","ref":"","highway":"primary"},"geometry":{"type":"LineString","coordinates":[[78.20338,30.18781],[78.20308,30.18788]]}},{"type":"Feature","properties":{"name":"NH334","ref":"NH334","highway":"trunk"},"geometry":{"type":"LineString","coordinates":[[78.15437,29.9402],[78.15468,29.94011]]}},{"type":"Feature","properties":{"name":"NH334","ref":"NH334","highway":"trunk"},"geometry":{"type":"LineString","coordinates":[[78.15457,29.93992],[78.15424,29.93991]]}},{"type":"Feature","properties":{"name":"NH34","ref":"NH34","highway":"trunk"},"geometry":{"type":"LineString","coordinates":[[78.18787,29.99153],[78.18872,29.99266]]}},{"type":"Feature","properties":{"name":"NH34","ref":"NH34","highway":"trunk"},"geometry":{"type":"LineString","coordinates":[[78.18883,29.99261],[78.18797,29.99148]]}},{"type":"Feature","properties":{"name":"NH34","ref":"NH34","highway":"trunk"},"geometry":{"type":"LineString","coordinates":[[78.18872,29.99266],[78.18944,29.99394],[78.19003,29.99592]]}},{"type":"Feature","properties":{"name":"NH34","ref":"NH34","highway":"trunk"},"geometry":{"type":"LineString","coordinates":[[78.19012,29.99588],[78.18951,29.99382],[78.18883,29.99261]]}},{"type":"Feature","properties":{"name":"NH34","ref":"NH34","highway":"trunk"},"geometry":{"type":"LineString","coordinates":[[78.18229,29.97412],[78.18252,29.97561]]}},{"type":"Feature","properties":{"name":"NH34","ref":"NH34","highway":"trunk"},"geometry":{"type":"LineString","coordinates":[[78.18261,29.97561],[78.18239,29.97411]]}},{"type":"Feature","properties":{"name":"NH34","ref":"NH34","highway":"trunk"},"geometry":{"type":"LineString","coordinates":[[78.18132,29.97097],[78.18229,29.97412]]}},{"type":"Feature","properties":{"name":"NH7","ref":"NH7","highway":"trunk"},"geometry":{"type":"LineString","coordinates":[[78.30723,30.1204],[78.30752,30.12072]]}},{"type":"Feature","properties":{"name":"","ref":"","highway":"secondary"},"geometry":{"type":"LineString","coordinates":[[78.41829,30.3124],[78.41893,30.3121],[78.41914,30.31248],[78.42046,30.313],[78.42143,30.31203],[78.42168,30.3102],[78.42195,30.30999],[78.42245,30.31089],[78.42297,30.31067],[78.42398,30.31138],[78.42374,30.31165]]}},{"type":"Feature","properties":{"name":"","ref":"","highway":"secondary"},"geometry":{"type":"LineString","coordinates":[[78.4506,30.31709],[78.45186,30.31715],[78.45232,30.31781],[78.45275,30.31802],[78.45285,30.31886],[78.45259,30.31935],[78.45295,30.31974],[78.45283,30.3202]]}},{"type":"Feature","properties":{"name":"","ref":"","highway":"secondary"},"geometry":{"type":"LineString","coordinates":[[78.45049,30.31709],[78.4506,30.31709]]}},{"type":"Feature","properties":{"name":"","ref":"","highway":"secondary"},"geometry":{"type":"LineString","coordinates":[[78.4616,30.29389],[78.4616,30.29341],[78.46226,30.29247],[78.46248,30.29144],[78.46185,30.29068],[78.46071,30.29087],[78.4592,30.28997],[78.45823,30.2905],[78.45783,30.29047],[78.45558,30.28978],[78.45402,30.28991],[78.45331,30.29049],[78.45259,30.28969],[78.45185,30.28979],[78.45031,30.28936],[78.44995,30.28976],[78.44915,30.2897],[78.44822,30.28913],[78.4473,30.28932]]}},{"type":"Feature","properties":{"name":"","ref":"","highway":"secondary"},"geometry":{"type":"LineString","coordinates":[[78.4473,30.28932],[78.44721,30.28927]]}},{"type":"Feature","properties":{"name":"","ref":"","highway":"secondary"},"geometry":{"type":"LineString","coordinates":[[78.45156,30.27167],[78.45196,30.27224],[78.45183,30.27309],[78.45207,30.27325],[78.4537,30.27334],[78.45484,30.27419],[78.45567,30.27435],[78.45642,30.27315],[78.45724,30.27275],[78.4578,30.27278],[78.45783,30.27246],[78.45869,30.27261],[78.46107,30.27203],[78.46172,30.27168],[78.46162,30.27132],[78.46234,30.27062],[78.4637,30.27046],[78.46464,30.27099],[78.46519,30.27168],[78.4657,30.27303],[78.46579,30.27386],[78.46557,30.274],[78.4659,30.27473]]}},{"type":"Feature","properties":{"name":"NH7","ref":"NH7","highway":"trunk"},"geometry":{"type":"LineString","coordinates":[[78.45356,30.07119],[78.45312,30.07122]]}},{"type":"Feature","properties":{"name":"NH7","ref":"NH7","highway":"trunk"},"geometry":{"type":"LineString","coordinates":[[78.43517,30.11451],[78.43624,30.11408]]}},{"type":"Feature","properties":{"name":"NH7","ref":"NH7","highway":"trunk"},"geometry":{"type":"LineString","coordinates":[[78.4348,30.11594],[78.43504,30.11542],[78.43497,30.11464],[78.43517,30.11451]]}},{"type":"Feature","properties":{"name":"NH7","ref":"NH7","highway":"trunk"},"geometry":{"type":"LineString","coordinates":[[78.64747,30.20897],[78.64725,30.20884]]}},{"type":"Feature","properties":{"name":"NH7","ref":"NH7","highway":"trunk"},"geometry":{"type":"LineString","coordinates":[[78.64725,30.20884],[78.64684,30.20855],[78.64507,30.2083],[78.64374,30.2075],[78.64241,30.20729],[78.64225,30.20667],[78.64157,30.20643],[78.64118,30.20577],[78.64069,30.20559],[78.64049,30.20531],[78.64062,30.20454],[78.6401,30.2041],[78.64012,30.20279],[78.63931,30.20187],[78.63949,30.20053],[78.64036,30.19904],[78.64033,30.19853],[78.63967,30.19793],[78.63904,30.19795]]}},{"type":"Feature","properties":{"name":"NH7","ref":"NH7","highway":"trunk"},"geometry":{"type":"LineString","coordinates":[[78.63904,30.19795],[78.63877,30.198]]}},{"type":"Feature","properties":{"name":"NH7","ref":"NH7","highway":"trunk"},"geometry":{"type":"LineString","coordinates":[[78.62468,30.18304],[78.62449,30.18318]]}},{"type":"Feature","properties":{"name":"NH7","ref":"NH7","highway":"trunk"},"geometry":{"type":"LineString","coordinates":[[78.62449,30.18318],[78.62291,30.18173],[78.62229,30.18162],[78.62175,30.18088],[78.6204,30.18046],[78.61962,30.17977],[78.6185,30.17963]]}},{"type":"Feature","properties":{"name":"NH7","ref":"NH7","highway":"trunk"},"geometry":{"type":"LineString","coordinates":[[78.6185,30.17963],[78.61833,30.17946]]}},{"type":"Feature","properties":{"name":"NH7","ref":"NH7","highway":"trunk"},"geometry":{"type":"LineString","coordinates":[[78.63877,30.198],[78.6382,30.19697],[78.63844,30.19623],[78.64121,30.19529],[78.64161,30.19491],[78.64163,30.19457],[78.64014,30.19269],[78.63943,30.19202],[78.63816,30.19142],[78.6375,30.19056],[78.63694,30.19026],[78.63544,30.18846],[78.63528,30.18791],[78.63431,30.1877],[78.63338,30.18639],[78.6322,30.18622],[78.63111,30.18475],[78.62977,30.18401],[78.62819,30.18384],[78.62508,30.18289],[78.62468,30.18304]]}},{"type":"Feature","properties":{"name":"","ref":"","highway":"trunk"},"geometry":{"type":"LineString","coordinates":[[78.1737,29.91925],[78.17373,29.92091],[78.17475,29.9239],[78.17444,29.92618],[78.17496,29.92909],[78.17431,29.93472],[78.17439,29.93686],[78.17414,29.93744]]}},{"type":"Feature","properties":{"name":"NH34","ref":"NH34","highway":"trunk"},"geometry":{"type":"LineString","coordinates":[[78.17173,29.95216],[78.17251,29.95323]]}},{"type":"Feature","properties":{"name":"NH34","ref":"NH34","highway":"trunk"},"geometry":{"type":"LineString","coordinates":[[78.1716,29.95198],[78.17173,29.95216]]}},{"type":"Feature","properties":{"name":"NH34","ref":"NH34","highway":"trunk"},"geometry":{"type":"LineString","coordinates":[[78.17267,29.95321],[78.17186,29.95209]]}},{"type":"Feature","properties":{"name":"NH34","ref":"NH34","highway":"trunk"},"geometry":{"type":"LineString","coordinates":[[78.17186,29.95209],[78.1717,29.95193]]}},{"type":"Feature","properties":{"name":"","ref":"","highway":"secondary"},"geometry":{"type":"LineString","coordinates":[[78.60836,30.40129],[78.60791,30.40169],[78.60588,30.40232],[78.60547,30.40316],[78.60634,30.40358],[78.60759,30.40357],[78.60865,30.40431],[78.61018,30.40426],[78.61215,30.40476],[78.6124,30.40497],[78.61257,30.40583],[78.61366,30.40683],[78.61372,30.4074],[78.61546,30.40734],[78.61621,30.40815],[78.61588,30.40882],[78.61586,30.40988],[78.61626,30.41],[78.61639,30.41119],[78.61594,30.41243],[78.61624,30.41331],[78.61693,30.41391],[78.61781,30.41418],[78.6202,30.41371],[78.62052,30.41395],[78.62223,30.41397],[78.62408,30.41462],[78.62556,30.41453],[78.62608,30.41473],[78.62622,30.41434],[78.62694,30.41482],[78.62784,30.41485],[78.62901,30.41445],[78.63127,30.41469],[78.63164,30.41456],[78.63239,30.41555],[78.63363,30.41579]]}},{"type":"Feature","properties":{"name":"","ref":"","highway":"secondary"},"geometry":{"type":"LineString","coordinates":[[78.60834,30.40118],[78.60836,30.40129]]}},{"type":"Feature","properties":{"name":"NH34","ref":"NH34","highway":"trunk"},"geometry":{"type":"LineString","coordinates":[[78.17514,29.9031],[78.17516,29.8994],[78.17549,29.89824],[78.17899,29.8932],[78.18018,29.89029],[78.18432,29.88596],[78.18495,29.88456],[78.18559,29.88165],[78.1858,29.87878],[78.18693,29.8739],[78.18658,29.87005],[78.18502,29.86118],[78.18532,29.85971],[78.18658,29.85632]]}},{"type":"Feature","properties":{"name":"NH34","ref":"NH34","highway":"trunk"},"geometry":{"type":"LineString","coordinates":[[78.18638,29.85627],[78.18529,29.85935],[78.18444,29.86291],[78.18455,29.86468],[78.18645,29.87007],[78.18683,29.8736],[78.18562,29.87906],[78.18543,29.88147],[78.18467,29.88493],[78.18407,29.88601],[78.1802,29.89006],[78.17894,29.89305],[78.17531,29.89836],[78.17504,29.89949],[78.17488,29.9031]]}},{"type":"Feature","properties":{"name":"NH34","ref":"NH34","highway":"trunk"},"geometry":{"type":"LineString","coordinates":[[78.17482,29.90364],[78.17459,29.90495],[78.17475,29.90538]]}},{"type":"Feature","properties":{"name":"NH34","ref":"NH34","highway":"trunk"},"geometry":{"type":"LineString","coordinates":[[78.17488,29.9031],[78.17482,29.90364]]}},{"type":"Feature","properties":{"name":"NH34","ref":"NH34","highway":"trunk"},"geometry":{"type":"LineString","coordinates":[[78.17475,29.90538],[78.17512,29.90366]]}},{"type":"Feature","properties":{"name":"NH34","ref":"NH34","highway":"trunk"},"geometry":{"type":"LineString","coordinates":[[78.17512,29.90366],[78.17514,29.9031]]}},{"type":"Feature","properties":{"name":"","ref":"","highway":"secondary"},"geometry":{"type":"LineString","coordinates":[[78.14091,30.1826],[78.14148,30.18295]]}},{"type":"Feature","properties":{"name":"","ref":"","highway":"secondary"},"geometry":{"type":"LineString","coordinates":[[78.14151,30.18289],[78.14091,30.1826]]}},{"type":"Feature","properties":{"name":"","ref":"","highway":"primary"},"geometry":{"type":"LineString","coordinates":[[78.14151,30.18289],[78.14148,30.18295]]}},{"type":"Feature","properties":{"name":"","ref":"","highway":"trunk"},"geometry":{"type":"LineString","coordinates":[[78.296,30.1035],[78.29686,30.10422],[78.29789,30.10603]]}},{"type":"Feature","properties":{"name":"","ref":"","highway":"trunk"},"geometry":{"type":"LineString","coordinates":[[78.29789,30.10603],[78.29845,30.10661]]}},{"type":"Feature","properties":{"name":"NH7","ref":"NH7","highway":"trunk"},"geometry":{"type":"LineString","coordinates":[[78.29845,30.10661],[78.29995,30.10773],[78.30106,30.1082]]}},{"type":"Feature","properties":{"name":"NH7","ref":"NH7","highway":"trunk"},"geometry":{"type":"LineString","coordinates":[[78.29845,30.10661],[78.29694,30.10416],[78.296,30.1035]]}},{"type":"Feature","properties":{"name":"","ref":"","highway":"trunk"},"geometry":{"type":"LineString","coordinates":[[78.17414,29.93744],[78.16455,29.94516]]}},{"type":"Feature","properties":{"name":"Bhagwan Valimiki Chowk","ref":"","highway":"secondary"},"geometry":{"type":"LineString","coordinates":[[78.16016,29.94966],[78.16023,29.94972]]}},{"type":"Feature","properties":{"name":"Bhagwan Valimiki Chowk","ref":"","highway":"secondary"},"geometry":{"type":"LineString","coordinates":[[78.16023,29.94972],[78.16016,29.94966]]}},{"type":"Feature","properties":{"name":"Sahastradhara Road","ref":"","highway":"secondary"},"geometry":{"type":"LineString","coordinates":[[78.06481,30.32552],[78.06635,30.32898],[78.06643,30.33024],[78.06584,30.33149],[78.06584,30.33233],[78.06798,30.33867],[78.06867,30.33947],[78.06975,30.34014],[78.07177,30.34079],[78.07783,30.35097],[78.07847,30.35137],[78.08015,30.35169],[78.08124,30.35324],[78.08351,30.35518],[78.08444,30.35583],[78.08717,30.35701],[78.09102,30.36243],[78.09316,30.36445],[78.09432,30.36717],[78.09556,30.36884],[78.1002,30.37405],[78.10039,30.37402],[78.10028,30.37383]]}}]}