{"type":"FeatureCollection","features":[{"type":"Feature","properties":{"name":"New Tehri","kind":"town","population":5000,"osmId":245770131},"geometry":{"type":"Point","coordinates":[78.43277,30.37445]}},{"type":"Feature","properties":{"name":"Jamnikhal","kind":"village","population":null,"osmId":342110242},"geometry":{"type":"Point","coordinates":[78.60993,30.27145]}},{"type":"Feature","properties":{"name":"Silogi","kind":"hamlet","population":null,"osmId":342110251},"geometry":{"type":"Point","coordinates":[78.57991,29.99925]}},{"type":"Feature","properties":{"name":"Baryun","kind":"village","population":null,"osmId":342110262},"geometry":{"type":"Point","coordinates":[78.63327,30.00092]}},{"type":"Feature","properties":{"name":"Chaundana","kind":"village","population":null,"osmId":342110754},"geometry":{"type":"Point","coordinates":[78.58521,30.4184]}},{"type":"Feature","properties":{"name":"Nanua","kind":"village","population":null,"osmId":342110764},"geometry":{"type":"Point","coordinates":[78.59482,30.40466]}},{"type":"Feature","properties":{"name":"Gadolia","kind":"village","population":null,"osmId":342110774},"geometry":{"type":"Point","coordinates":[78.57422,30.37033]}},{"type":"Feature","properties":{"name":"Syalkhund","kind":"hamlet","population":null,"osmId":342110794},"geometry":{"type":"Point","coordinates":[78.61954,30.35797]}},{"type":"Feature","properties":{"name":"Parshulikhal","kind":"village","population":null,"osmId":342110919},"geometry":{"type":"Point","coordinates":[78.59345,29.98169]}},{"type":"Feature","properties":{"name":"Musthakhal","kind":"village","population":null,"osmId":342110930},"geometry":{"type":"Point","coordinates":[78.59619,29.96109]}},{"type":"Feature","properties":{"name":"Cholūsain","kind":"hamlet","population":null,"osmId":342110939},"geometry":{"type":"Point","coordinates":[78.59788,29.94922]}},{"type":"Feature","properties":{"name":"Dwārīkhāl","kind":"hamlet","population":null,"osmId":342110961},"geometry":{"type":"Point","coordinates":[78.63525,29.92961]}},{"type":"Feature","properties":{"name":"Chopra","kind":"village","population":null,"osmId":342110971},"geometry":{"type":"Point","coordinates":[78.62778,30.02152]}},{"type":"Feature","properties":{"name":"Marora Walla","kind":"hamlet","population":null,"osmId":342110982},"geometry":{"type":"Point","coordinates":[78.64723,29.98343]}},{"type":"Feature","properties":{"name":"Ghunti","kind":"village","population":null,"osmId":342111402},"geometry":{"type":"Point","coordinates":[78.61267,30.40878]}},{"type":"Feature","properties":{"name":"Sain","kind":"village","population":null,"osmId":342111422},"geometry":{"type":"Point","coordinates":[78.59757,30.41565]}},{"type":"Feature","properties":{"name":"Dharkot","kind":"hamlet","population":null,"osmId":342113144},"geometry":{"type":"Point","coordinates":[78.39872,30.38809]}},{"type":"Feature","properties":{"name":"Dobayal","kind":"village","population":null,"osmId":342113154},"geometry":{"type":"Point","coordinates":[78.36548,30.38681]}},{"type":"Feature","properties":{"name":"Nail","kind":"village","population":null,"osmId":342113164},"geometry":{"type":"Point","coordinates":[78.41492,30.38269]}},{"type":"Feature","properties":{"name":"Kot","kind":"village","population":null,"osmId":342113174},"geometry":{"type":"Point","coordinates":[78.39432,30.36621]}},{"type":"Feature","properties":{"name":"Chamba","kind":"village","population":null,"osmId":342113183},"geometry":{"type":"Point","coordinates":[78.39432,30.34561]}},{"type":"Feature","properties":{"name":"Sabli","kind":"village","population":null,"osmId":342113194},"geometry":{"type":"Point","coordinates":[78.39432,30.32501]}},{"type":"Feature","properties":{"name":"JN1","kind":"village","population":null,"osmId":342113214},"geometry":{"type":"Point","coordinates":[78.5083,30.2385]}},{"type":"Feature","properties":{"name":"Chaka","kind":"village","population":null,"osmId":342113223},"geometry":{"type":"Point","coordinates":[78.50693,30.23712]}},{"type":"Feature","properties":{"name":"Koteshwar","kind":"village","population":null,"osmId":342113234},"geometry":{"type":"Point","coordinates":[78.49755,30.25675]}},{"type":"Feature","properties":{"name":"Pokhri(004)","kind":"village","population":null,"osmId":342113246},"geometry":{"type":"Point","coordinates":[78.46869,30.25251]}},{"type":"Feature","properties":{"name":"Naramghat","kind":"village","population":null,"osmId":342113257},"geometry":{"type":"Point","coordinates":[78.48782,30.32964]}},{"type":"Feature","properties":{"name":"Nakot","kind":"village","population":null,"osmId":342113265},"geometry":{"type":"Point","coordinates":[78.46573,30.32776]}},{"type":"Feature","properties":{"name":"Madan Negi","kind":"village","population":null,"osmId":342113289},"geometry":{"type":"Point","coordinates":[78.4932,30.40329]}},{"type":"Feature","properties":{"name":"Bhagirathipuram","kind":"village","population":null,"osmId":342113298},"geometry":{"type":"Point","coordinates":[78.47122,30.38132]}},{"type":"Feature","properties":{"name":"Chakharchoura","kind":"village","population":null,"osmId":342113308},"geometry":{"type":"Point","coordinates":[78.43827,30.40192]}},{"type":"Feature","properties":{"name":"Mali Dewal","kind":"village","population":null,"osmId":342113316},"geometry":{"type":"Point","coordinates":[78.44489,30.41843]}},{"type":"Feature","properties":{"name":"Bhaniyawala","kind":"village","population":null,"osmId":342113437},"geometry":{"type":"Point","coordinates":[78.1485,30.18638]}},{"type":"Feature","properties":{"name":"Doiwāla","kind":"village","population":null,"osmId":342113447},"geometry":{"type":"Point","coordinates":[78.12464,30.17636]}},{"type":"Feature","properties":{"name":"Thano","kind":"village","population":null,"osmId":342113468},"geometry":{"type":"Point","coordinates":[78.20893,30.2385]}},{"type":"Feature","properties":{"name":"Koti","kind":"village","population":null,"osmId":342113479},"geometry":{"type":"Point","coordinates":[78.20755,30.24674]}},{"type":"Feature","properties":{"name":"Kalimati","kind":"village","population":null,"osmId":342113512},"geometry":{"type":"Point","coordinates":[78.16498,30.25909]}},{"type":"Feature","properties":{"name":"Siriyo","kind":"village","population":null,"osmId":342113523},"geometry":{"type":"Point","coordinates":[78.19245,30.2536]}},{"type":"Feature","properties":{"name":"Barasi","kind":"village","population":null,"osmId":342113535},"geometry":{"type":"Point","coordinates":[78.15262,30.25223]}},{"type":"Feature","properties":{"name":"Marora","kind":"village","population":null,"osmId":342113569},"geometry":{"type":"Point","coordinates":[78.26111,30.35797]}},{"type":"Feature","properties":{"name":"Maldevta","kind":"village","population":null,"osmId":342113600},"geometry":{"type":"Point","coordinates":[78.12379,30.34424]}},{"type":"Feature","properties":{"name":"Khard","kind":"village","population":null,"osmId":342114291},"geometry":{"type":"Point","coordinates":[78.54813,30.22751]}},{"type":"Feature","properties":{"name":"Maroragad","kind":"village","population":null,"osmId":342114299},"geometry":{"type":"Point","coordinates":[78.54676,30.20004]}},{"type":"Feature","properties":{"name":"Hindolakhal","kind":"village","population":null,"osmId":342114306},"geometry":{"type":"Point","coordinates":[78.60443,30.23163]}},{"type":"Feature","properties":{"name":"Bidakot","kind":"village","population":null,"osmId":342114312},"geometry":{"type":"Point","coordinates":[78.59482,30.21515]}},{"type":"Feature","properties":{"name":"Amni","kind":"village","population":null,"osmId":342114319},"geometry":{"type":"Point","coordinates":[78.60169,30.19867]}},{"type":"Feature","properties":{"name":"Mahar","kind":"village","population":null,"osmId":342114326},"geometry":{"type":"Point","coordinates":[78.60993,30.18219]}},{"type":"Feature","properties":{"name":"Gumeth","kind":"village","population":null,"osmId":342114332},"geometry":{"type":"Point","coordinates":[78.59481,30.16883]}},{"type":"Feature","properties":{"name":"Devprayag","kind":"town","population":2144,"osmId":342114339},"geometry":{"type":"Point","coordinates":[78.59858,30.14614]}},{"type":"Feature","properties":{"name":"Umrasu","kind":"village","population":null,"osmId":342114346},"geometry":{"type":"Point","coordinates":[78.58933,30.10803]}},{"type":"Feature","properties":{"name":"Siralakhal","kind":"village","population":null,"osmId":342114353},"geometry":{"type":"Point","coordinates":[78.61542,30.12314]}},{"type":"Feature","properties":{"name":"Baroda","kind":"village","population":null,"osmId":342114359},"geometry":{"type":"Point","coordinates":[78.61954,30.1149]}},{"type":"Feature","properties":{"name":"Byānsghāt","kind":"hamlet","population":null,"osmId":342114366},"geometry":{"type":"Point","coordinates":[78.60169,30.06409]}},{"type":"Feature","properties":{"name":"Garudachatti","kind":"hamlet","population":null,"osmId":342114405},"geometry":{"type":"Point","coordinates":[78.35342,30.12581]}},{"type":"Feature","properties":{"name":"Narendranagar","kind":"village","population":6049,"osmId":342114412},"geometry":{"type":"Point","coordinates":[78.28531,30.16071]}},{"type":"Feature","properties":{"name":"Hindolakhal","kind":"village","population":null,"osmId":342114418},"geometry":{"type":"Point","coordinates":[78.31192,30.18356]}},{"type":"Feature","properties":{"name":"Agrakhal","kind":"village","population":null,"osmId":342114425},"geometry":{"type":"Point","coordinates":[78.3277,30.21359]}},{"type":"Feature","properties":{"name":"Phakot","kind":"village","population":null,"osmId":342114432},"geometry":{"type":"Point","coordinates":[78.35185,30.22717]}},{"type":"Feature","properties":{"name":"Bhogpur","kind":"village","population":null,"osmId":342114438},"geometry":{"type":"Point","coordinates":[78.23227,30.20966]}},{"type":"Feature","properties":{"name":"Rāni Pokhri","kind":"village","population":null,"osmId":342114444},"geometry":{"type":"Point","coordinates":[78.21535,30.18361]}},{"type":"Feature","properties":{"name":"Naugarh","kind":"village","population":null,"osmId":342114450},"geometry":{"type":"Point","coordinates":[78.49732,30.22888]}},{"type":"Feature","properties":{"name":"Lasher","kind":"village","population":null,"osmId":342114457},"geometry":{"type":"Point","coordinates":[78.52478,30.23163]}},{"type":"Feature","properties":{"name":"Kaudiyala","kind":"village","population":null,"osmId":342114464},"geometry":{"type":"Point","coordinates":[78.50179,30.07471]}},{"type":"Feature","properties":{"name":"Bayasi","kind":"village","population":null,"osmId":342114471},"geometry":{"type":"Point","coordinates":[78.46915,30.06827]}},{"type":"Feature","properties":{"name":"Naurkhal","kind":"village","population":null,"osmId":342114477},"geometry":{"type":"Point","coordinates":[78.43827,30.06134]}},{"type":"Feature","properties":{"name":"Gaind","kind":"village","population":null,"osmId":342114493},"geometry":{"type":"Point","coordinates":[78.464,30.03638]}},{"type":"Feature","properties":{"name":"Bithyani","kind":"village","population":null,"osmId":342114519},"geometry":{"type":"Point","coordinates":[78.43827,29.95834]}},{"type":"Feature","properties":{"name":"Kāndi","kind":"hamlet","population":null,"osmId":342114528},"geometry":{"type":"Point","coordinates":[78.45427,29.94397]}},{"type":"Feature","properties":{"name":"Brughakhal","kind":"village","population":null,"osmId":342114535},"geometry":{"type":"Point","coordinates":[78.46161,29.92401]}},{"type":"Feature","properties":{"name":"Kasiali","kind":"village","population":null,"osmId":342114541},"geometry":{"type":"Point","coordinates":[78.4726,29.92401]}},{"type":"Feature","properties":{"name":"Dhari","kind":"village","population":null,"osmId":342114547},"geometry":{"type":"Point","coordinates":[78.49824,30.02026]}},{"type":"Feature","properties":{"name":"Devikhal","kind":"village","population":null,"osmId":342114552},"geometry":{"type":"Point","coordinates":[78.5083,30.00504]}},{"type":"Feature","properties":{"name":"Jakhrikhal","kind":"village","population":null,"osmId":342114559},"geometry":{"type":"Point","coordinates":[78.52616,30.0174]}},{"type":"Feature","properties":{"name":"Khartijel","kind":"hamlet","population":null,"osmId":342114608},"geometry":{"type":"Point","coordinates":[78.19657,30.36896]}},{"type":"Feature","properties":{"name":"Kadukhal","kind":"village","population":null,"osmId":342114632},"geometry":{"type":"Point","coordinates":[78.28797,30.40579]}},{"type":"Feature","properties":{"name":"Jawaharna","kind":"village","population":null,"osmId":342114644},"geometry":{"type":"Point","coordinates":[78.29956,30.41977]}},{"type":"Feature","properties":{"name":"Dangghar","kind":"village","population":null,"osmId":342114650},"geometry":{"type":"Point","coordinates":[78.33939,30.4184]}},{"type":"Feature","properties":{"name":"Jaripani","kind":"village","population":null,"osmId":342114656},"geometry":{"type":"Point","coordinates":[78.35175,30.40329]}},{"type":"Feature","properties":{"name":"Rajakhet","kind":"village","population":null,"osmId":342114733},"geometry":{"type":"Point","coordinates":[78.54401,30.38544]}},{"type":"Feature","properties":{"name":"Barrage","kind":"village","population":null,"osmId":342114816},"geometry":{"type":"Point","coordinates":[78.28385,30.07207]}},{"type":"Feature","properties":{"name":"Diuli","kind":"village","population":null,"osmId":342114822},"geometry":{"type":"Point","coordinates":[78.35175,30.05997]}},{"type":"Feature","properties":{"name":"Chila","kind":"village","population":null,"osmId":342115896},"geometry":{"type":"Point","coordinates":[78.21309,29.97449]}},{"type":"Feature","properties":{"name":"Neelkanth Mahadev","kind":"hamlet","population":null,"osmId":1193913111},"geometry":{"type":"Point","coordinates":[78.3406,30.08155]}},{"type":"Feature","properties":{"name":"Haridwar","kind":"city","population":310582,"osmId":1211180500},"geometry":{"type":"Point","coordinates":[78.1453,29.93845]}},{"type":"Feature","properties":{"name":"Ghattu ghat","kind":"village","population":null,"osmId":1413096207},"geometry":{"type":"Point","coordinates":[78.38042,30.08666]}},{"type":"Feature","properties":{"name":"Phool Chatti","kind":"village","population":null,"osmId":1413099772},"geometry":{"type":"Point","coordinates":[78.37536,30.11575]}},{"type":"Feature","properties":{"name":"Ratta Pani","kind":"village","population":null,"osmId":1413099825},"geometry":{"type":"Point","coordinates":[78.38142,30.10515]}},{"type":"Feature","properties":{"name":"BadedaTalla","kind":"hamlet","population":null,"osmId":1556660133},"geometry":{"type":"Point","coordinates":[78.31065,30.17155]}},{"type":"Feature","properties":{"name":"Tipri","kind":"hamlet","population":null,"osmId":2357223587},"geometry":{"type":"Point","coordinates":[78.49441,30.37823]}},{"type":"Feature","properties":{"name":"Managi","kind":"hamlet","population":null,"osmId":2357231750},"geometry":{"type":"Point","coordinates":[78.45588,30.31213]}},{"type":"Feature","properties":{"name":"Pillaigul","kind":"hamlet","population":null,"osmId":2357573472},"geometry":{"type":"Point","coordinates":[78.46766,30.31592]}},{"type":"Feature","properties":{"name":"Bandhli","kind":"hamlet","population":null,"osmId":2377107968},"geometry":{"type":"Point","coordinates":[78.62355,29.99176]}},{"type":"Feature","properties":{"name":"Bani","kind":"hamlet","population":null,"osmId":2377107974},"geometry":{"type":"Point","coordinates":[78.53659,29.99249]}},{"type":"Feature","properties":{"name":"Bāgon","kind":"hamlet","population":null,"osmId":2377107978},"geometry":{"type":"Point","coordinates":[78.59583,29.99581]}},{"type":"Feature","properties":{"name":"Davra","kind":"hamlet","population":null,"osmId":2377107980},"geometry":{"type":"Point","coordinates":[78.55646,29.97739]}},{"type":"Feature","properties":{"name":"Dhandholi","kind":"hamlet","population":null,"osmId":2377107983},"geometry":{"type":"Point","coordinates":[78.53837,29.99964]}},{"type":"Feature","properties":{"name":"Dhaniār","kind":"hamlet","population":null,"osmId":2377107986},"geometry":{"type":"Point","coordinates":[78.63028,29.99917]}},{"type":"Feature","properties":{"name":"Garbareth","kind":"hamlet","population":null,"osmId":2377107991},"geometry":{"type":"Point","coordinates":[78.51773,29.97005]}},{"type":"Feature","properties":{"name":"Garhkat","kind":"hamlet","population":null,"osmId":2377107996},"geometry":{"type":"Point","coordinates":[78.53508,29.96735]}},{"type":"Feature","properties":{"name":"Ghansāli","kind":"hamlet","population":null,"osmId":2377107997},"geometry":{"type":"Point","coordinates":[78.54259,29.97806]}},{"type":"Feature","properties":{"name":"Hyūnlāgi","kind":"hamlet","population":null,"osmId":2377107998},"geometry":{"type":"Point","coordinates":[78.52955,29.9584]}},{"type":"Feature","properties":{"name":"Jali","kind":"hamlet","population":null,"osmId":2377107999},"geometry":{"type":"Point","coordinates":[78.54893,29.98503]}},{"type":"Feature","properties":{"name":"Karti","kind":"hamlet","population":null,"osmId":2377108000},"geometry":{"type":"Point","coordinates":[78.56424,29.98775]}},{"type":"Feature","properties":{"name":"Kathur","kind":"hamlet","population":null,"osmId":2377108001},"geometry":{"type":"Point","coordinates":[78.51138,30.00029]}},{"type":"Feature","properties":{"name":"Khandūri","kind":"hamlet","population":null,"osmId":2377108002},"geometry":{"type":"Point","coordinates":[78.53402,29.98358]}},{"type":"Feature","properties":{"name":"Kheni Kātal","kind":"hamlet","population":null,"osmId":2377108003},"geometry":{"type":"Point","coordinates":[78.61819,29.98222]}},{"type":"Feature","properties":{"name":"Kota","kind":"hamlet","population":null,"osmId":2377108004},"geometry":{"type":"Point","coordinates":[78.54319,29.95536]}},{"type":"Feature","properties":{"name":"Kuthār","kind":"hamlet","population":null,"osmId":2377108005},"geometry":{"type":"Point","coordinates":[78.56466,29.96442]}},{"type":"Feature","properties":{"name":"Mall","kind":"hamlet","population":null,"osmId":2377108006},"geometry":{"type":"Point","coordinates":[78.56035,29.96989]}},{"type":"Feature","properties":{"name":"Mathargaon","kind":"hamlet","population":null,"osmId":2377108007},"geometry":{"type":"Point","coordinates":[78.52953,29.98815]}},{"type":"Feature","properties":{"name":"Mewār","kind":"hamlet","population":null,"osmId":2377108008},"geometry":{"type":"Point","coordinates":[78.60776,29.9811]}},{"type":"Feature","properties":{"name":"Nail","kind":"hamlet","population":null,"osmId":2377108009},"geometry":{"type":"Point","coordinates":[78.57914,29.9756]}},{"type":"Feature","properties":{"name":"Nail","kind":"hamlet","population":null,"osmId":2377108010},"geometry":{"type":"Point","coordinates":[78.58156,29.98173]}},{"type":"Feature","properties":{"name":"Otind","kind":"hamlet","population":null,"osmId":2377108011},"geometry":{"type":"Point","coordinates":[78.60957,29.99061]}},{"type":"Feature","properties":{"name":"Pagāri","kind":"hamlet","population":null,"osmId":2377108012},"geometry":{"type":"Point","coordinates":[78.59804,29.98211]}},{"type":"Feature","properties":{"name":"Payānkhet","kind":"hamlet","population":null,"osmId":2377108013},"geometry":{"type":"Point","coordinates":[78.52763,29.98191]}},{"type":"Feature","properties":{"name":"Pharsūli","kind":"hamlet","population":null,"osmId":2377108014},"geometry":{"type":"Point","coordinates":[78.5886,29.98084]}},{"type":"Feature","properties":{"name":"Pulyāsu","kind":"hamlet","population":null,"osmId":2377108015},"geometry":{"type":"Point","coordinates":[78.61386,29.97752]}},{"type":"Feature","properties":{"name":"Pundoli","kind":"hamlet","population":null,"osmId":2377108016},"geometry":{"type":"Point","coordinates":[78.54901,29.95549]}},{"type":"Feature","properties":{"name":"Rains","kind":"hamlet","population":null,"osmId":2377108017},"geometry":{"type":"Point","coordinates":[78.56958,29.97055]}},{"type":"Feature","properties":{"name":"Raneth","kind":"hamlet","population":null,"osmId":2377108018},"geometry":{"type":"Point","coordinates":[78.53221,29.99729]}},{"type":"Feature","properties":{"name":"Sar","kind":"hamlet","population":null,"osmId":2377108019},"geometry":{"type":"Point","coordinates":[78.50424,29.95561]}},{"type":"Feature","properties":{"name":"Thantoli","kind":"hamlet","population":null,"osmId":2377108020},"geometry":{"type":"Point","coordinates":[78.52668,29.99828]}},{"type":"Feature","properties":{"name":"Toli","kind":"hamlet","population":null,"osmId":2377108021},"geometry":{"type":"Point","coordinates":[78.63275,29.9954]}},{"type":"Feature","properties":{"name":"Wargadi","kind":"hamlet","population":null,"osmId":2377108022},"geometry":{"type":"Point","coordinates":[78.60192,29.98882]}},{"type":"Feature","properties":{"name":"Barsūri","kind":"hamlet","population":null,"osmId":2377119923},"geometry":{"type":"Point","coordinates":[78.64199,29.96136]}},{"type":"Feature","properties":{"name":"Bhargwāri","kind":"hamlet","population":null,"osmId":2377119926},"geometry":{"type":"Point","coordinates":[78.62868,29.98321]}},{"type":"Feature","properties":{"name":"Jītugaon","kind":"hamlet","population":null,"osmId":2377119939},"geometry":{"type":"Point","coordinates":[78.60404,29.96569]}},{"type":"Feature","properties":{"name":"Marora Palla","kind":"hamlet","population":null,"osmId":2377119951},"geometry":{"type":"Point","coordinates":[78.64278,29.98639]}},{"type":"Feature","properties":{"name":"Naini","kind":"hamlet","population":null,"osmId":2377119952},"geometry":{"type":"Point","coordinates":[78.64752,29.97632]}},{"type":"Feature","properties":{"name":"Sarora","kind":"hamlet","population":null,"osmId":2377119987},"geometry":{"type":"Point","coordinates":[78.64278,29.99028]}},{"type":"Feature","properties":{"name":"Silni","kind":"hamlet","population":null,"osmId":2377119993},"geometry":{"type":"Point","coordinates":[78.64171,29.97663]}},{"type":"Feature","properties":{"name":"Siālni","kind":"hamlet","population":null,"osmId":2377120002},"geometry":{"type":"Point","coordinates":[78.63191,29.96782]}},{"type":"Feature","properties":{"name":"Surālgaon","kind":"hamlet","population":null,"osmId":2377120007},"geometry":{"type":"Point","coordinates":[78.61879,29.96669]}},{"type":"Feature","properties":{"name":"Sīla","kind":"hamlet","population":null,"osmId":2377120011},"geometry":{"type":"Point","coordinates":[78.59966,29.96758]}},{"type":"Feature","properties":{"name":"Thāpla","kind":"hamlet","population":null,"osmId":2377120020},"geometry":{"type":"Point","coordinates":[78.58522,29.97249]}},{"type":"Feature","properties":{"name":"Akhori","kind":"hamlet","population":null,"osmId":2377268884},"geometry":{"type":"Point","coordinates":[78.61407,29.95844]}},{"type":"Feature","properties":{"name":"Amāldu","kind":"hamlet","population":null,"osmId":2377268889},"geometry":{"type":"Point","coordinates":[78.5302,29.92722]}},{"type":"Feature","properties":{"name":"Asīnkhāl","kind":"hamlet","population":null,"osmId":2377268890},"geometry":{"type":"Point","coordinates":[78.55006,29.95131]}},{"type":"Feature","properties":{"name":"Bamoli","kind":"hamlet","population":null,"osmId":2377268893},"geometry":{"type":"Point","coordinates":[78.56876,29.95169]}},{"type":"Feature","properties":{"name":"Bhalgaon","kind":"hamlet","population":null,"osmId":2377268900},"geometry":{"type":"Point","coordinates":[78.63085,29.95075]}},{"type":"Feature","properties":{"name":"Bhilargaon","kind":"hamlet","population":null,"osmId":2377268901},"geometry":{"type":"Point","coordinates":[78.63359,29.95364]}},{"type":"Feature","properties":{"name":"Bijoli","kind":"hamlet","population":null,"osmId":2377268904},"geometry":{"type":"Point","coordinates":[78.57764,29.91135]}},{"type":"Feature","properties":{"name":"Bāgi","kind":"hamlet","population":null,"osmId":2377268909},"geometry":{"type":"Point","coordinates":[78.50346,29.90191]}},{"type":"Feature","properties":{"name":"Chamsūl","kind":"hamlet","population":null,"osmId":2377268916},"geometry":{"type":"Point","coordinates":[78.52039,29.90773]}},{"type":"Feature","properties":{"name":"Chhām","kind":"hamlet","population":null,"osmId":2377268920},"geometry":{"type":"Point","coordinates":[78.59315,29.91227]}},{"type":"Feature","properties":{"name":"Chura","kind":"hamlet","population":null,"osmId":2377268922},"geometry":{"type":"Point","coordinates":[78.60337,29.92127]}},{"type":"Feature","properties":{"name":"Dasmeri","kind":"hamlet","population":null,"osmId":2377268924},"geometry":{"type":"Point","coordinates":[78.58034,29.95311]}},{"type":"Feature","properties":{"name":"Dauli","kind":"hamlet","population":null,"osmId":2377268925},"geometry":{"type":"Point","coordinates":[78.53279,29.93218]}},{"type":"Feature","properties":{"name":"Devīkhet","kind":"hamlet","population":null,"osmId":2377268928},"geometry":{"type":"Point","coordinates":[78.55513,29.90997]}},{"type":"Feature","properties":{"name":"Dhungya","kind":"hamlet","population":null,"osmId":2377268931},"geometry":{"type":"Point","coordinates":[78.5437,29.94917]}},{"type":"Feature","properties":{"name":"Dikhet","kind":"hamlet","population":null,"osmId":2377268934},"geometry":{"type":"Point","coordinates":[78.55573,29.91767]}},{"type":"Feature","properties":{"name":"Dobar","kind":"hamlet","population":null,"osmId":2377268936},"geometry":{"type":"Point","coordinates":[78.57225,29.91786]}},{"type":"Feature","properties":{"name":"Dābar","kind":"hamlet","population":null,"osmId":2377268937},"geometry":{"type":"Point","coordinates":[78.54891,29.90326]}},{"type":"Feature","properties":{"name":"Dāndri","kind":"hamlet","population":null,"osmId":2377268942},"geometry":{"type":"Point","coordinates":[78.56211,29.90536]}},{"type":"Feature","properties":{"name":"Dāngi","kind":"hamlet","population":null,"osmId":2377268945},"geometry":{"type":"Point","coordinates":[78.50929,29.92138]}},{"type":"Feature","properties":{"name":"Gahali","kind":"hamlet","population":null,"osmId":2377268956},"geometry":{"type":"Point","coordinates":[78.51767,29.92046]}},{"type":"Feature","properties":{"name":"Gaula","kind":"hamlet","population":null,"osmId":2377268965},"geometry":{"type":"Point","coordinates":[78.50211,29.90528]}},{"type":"Feature","properties":{"name":"Gawālgaon","kind":"hamlet","population":null,"osmId":2377268972},"geometry":{"type":"Point","coordinates":[78.61868,29.95242]}},{"type":"Feature","properties":{"name":"Ghursinghi","kind":"hamlet","population":null,"osmId":2377268978},"geometry":{"type":"Point","coordinates":[78.61925,29.94476]}},{"type":"Feature","properties":{"name":"Hilogi","kind":"hamlet","population":null,"osmId":2377268985},"geometry":{"type":"Point","coordinates":[78.57446,29.90869]}},{"type":"Feature","properties":{"name":"Hiyūnlāg","kind":"hamlet","population":null,"osmId":2377268986},"geometry":{"type":"Point","coordinates":[78.51494,29.92842]}},{"type":"Feature","properties":{"name":"Jaltha","kind":"hamlet","population":null,"osmId":2377268987},"geometry":{"type":"Point","coordinates":[78.52744,29.913]}},{"type":"Feature","properties":{"name":"Jiyālgaon","kind":"hamlet","population":null,"osmId":2377268993},"geometry":{"type":"Point","coordinates":[78.56227,29.92832]}},{"type":"Feature","properties":{"name":"Jud","kind":"hamlet","population":null,"osmId":2377268995},"geometry":{"type":"Point","coordinates":[78.56438,29.91885]}},{"type":"Feature","properties":{"name":"Kalauri","kind":"hamlet","population":null,"osmId":2377268998},"geometry":{"type":"Point","coordinates":[78.62722,29.9225]}},{"type":"Feature","properties":{"name":"Kalsi","kind":"hamlet","population":null,"osmId":2377268999},"geometry":{"type":"Point","coordinates":[78.57765,29.96059]}},{"type":"Feature","properties":{"name":"Kandwān","kind":"hamlet","population":null,"osmId":2377269000},"geometry":{"type":"Point","coordinates":[78.54222,29.90444]}},{"type":"Feature","properties":{"name":"Kandākhani","kind":"hamlet","population":null,"osmId":2377269001},"geometry":{"type":"Point","coordinates":[78.56532,29.93573]}},{"type":"Feature","properties":{"name":"Kathūr","kind":"hamlet","population":null,"osmId":2377269004},"geometry":{"type":"Point","coordinates":[78.52635,29.90282]}},{"type":"Feature","properties":{"name":"Khajri","kind":"hamlet","population":null,"osmId":2377269006},"geometry":{"type":"Point","coordinates":[78.61743,29.91517]}},{"type":"Feature","properties":{"name":"Khamana","kind":"hamlet","population":null,"osmId":2377269008},"geometry":{"type":"Point","coordinates":[78.52769,29.94713]}},{"type":"Feature","properties":{"name":"Khera","kind":"hamlet","population":null,"osmId":2377269010},"geometry":{"type":"Point","coordinates":[78.54878,29.93736]}},{"type":"Feature","properties":{"name":"Khetariya","kind":"hamlet","population":null,"osmId":2377269011},"geometry":{"type":"Point","coordinates":[78.59265,29.93526]}},{"type":"Feature","properties":{"name":"Khoba","kind":"hamlet","population":null,"osmId":2377269012},"geometry":{"type":"Point","coordinates":[78.5993,29.91342]}},{"type":"Feature","properties":{"name":"Khudila","kind":"hamlet","population":null,"osmId":2377269013},"geometry":{"type":"Point","coordinates":[78.60611,29.91045]}},{"type":"Feature","properties":{"name":"Khundkholi","kind":"hamlet","population":null,"osmId":2377269014},"geometry":{"type":"Point","coordinates":[78.59987,29.90796]}},{"type":"Feature","properties":{"name":"Kiyār","kind":"hamlet","population":null,"osmId":2377269016},"geometry":{"type":"Point","coordinates":[78.59291,29.95632]}},{"type":"Feature","properties":{"name":"Kukāni","kind":"hamlet","population":null,"osmId":2377269017},"geometry":{"type":"Point","coordinates":[78.61856,29.9262]}},{"type":"Feature","properties":{"name":"Kunti","kind":"hamlet","population":null,"osmId":2377269018},"geometry":{"type":"Point","coordinates":[78.58768,29.91949]}},{"type":"Feature","properties":{"name":"Kuntni","kind":"hamlet","population":null,"osmId":2377269019},"geometry":{"type":"Point","coordinates":[78.52466,29.93147]}},{"type":"Feature","properties":{"name":"Kyārd","kind":"hamlet","population":null,"osmId":2377269020},"geometry":{"type":"Point","coordinates":[78.63051,29.95545]}},{"type":"Feature","properties":{"name":"Kīch","kind":"hamlet","population":null,"osmId":2377269024},"geometry":{"type":"Point","coordinates":[78.61885,29.92985]}},{"type":"Feature","properties":{"name":"Margaon","kind":"hamlet","population":null,"osmId":2377269034},"geometry":{"type":"Point","coordinates":[78.62707,29.9555]}},{"type":"Feature","properties":{"name":"Masht","kind":"hamlet","population":null,"osmId":2377269036},"geometry":{"type":"Point","coordinates":[78.57803,29.96348]}},{"type":"Feature","properties":{"name":"Masogi","kind":"hamlet","population":null,"osmId":2377269039},"geometry":{"type":"Point","coordinates":[78.51597,29.9432]}},{"type":"Feature","properties":{"name":"Mathāra","kind":"hamlet","population":null,"osmId":2377269043},"geometry":{"type":"Point","coordinates":[78.57509,29.90116]}},{"type":"Feature","properties":{"name":"Nāgdeogarhi","kind":"hamlet","population":null,"osmId":2377269102},"geometry":{"type":"Point","coordinates":[78.58538,29.93839]}},{"type":"Feature","properties":{"name":"Nāra","kind":"hamlet","population":null,"osmId":2377269109},"geometry":{"type":"Point","coordinates":[78.51774,29.91437]}},{"type":"Feature","properties":{"name":"Pabekh","kind":"hamlet","population":null,"osmId":2377269132},"geometry":{"type":"Point","coordinates":[78.56589,29.91057]}},{"type":"Feature","properties":{"name":"Pachheīn","kind":"hamlet","population":null,"osmId":2377269137},"geometry":{"type":"Point","coordinates":[78.55757,29.94673]}},{"type":"Feature","properties":{"name":"Paranda","kind":"hamlet","population":null,"osmId":2377269152},"geometry":{"type":"Point","coordinates":[78.50366,29.93117]}},{"type":"Feature","properties":{"name":"Pāli","kind":"hamlet","population":null,"osmId":2377269199},"geometry":{"type":"Point","coordinates":[78.58797,29.95999]}},{"type":"Feature","properties":{"name":"Pāt","kind":"hamlet","population":null,"osmId":2377269203},"geometry":{"type":"Point","coordinates":[78.62019,29.95998]}},{"type":"Feature","properties":{"name":"Rauthia","kind":"hamlet","population":null,"osmId":2377269212},"geometry":{"type":"Point","coordinates":[78.56531,29.90208]}},{"type":"Feature","properties":{"name":"Sanet","kind":"hamlet","population":null,"osmId":2377269215},"geometry":{"type":"Point","coordinates":[78.59316,29.90277]}},{"type":"Feature","properties":{"name":"Saur","kind":"hamlet","population":null,"osmId":2377269219},"geometry":{"type":"Point","coordinates":[78.59722,29.92042]}},{"type":"Feature","properties":{"name":"Saurkhet","kind":"hamlet","population":null,"osmId":2377269220},"geometry":{"type":"Point","coordinates":[78.58709,29.90863]}},{"type":"Feature","properties":{"name":"Simalkhāl","kind":"hamlet","population":null,"osmId":2377269223},"geometry":{"type":"Point","coordinates":[78.53591,29.94004]}},{"type":"Feature","properties":{"name":"Simalya","kind":"hamlet","population":null,"osmId":2377269224},"geometry":{"type":"Point","coordinates":[78.59001,29.92538]}},{"type":"Feature","properties":{"name":"Siālna","kind":"hamlet","population":null,"osmId":2377269225},"geometry":{"type":"Point","coordinates":[78.53066,29.90166]}},{"type":"Feature","properties":{"name":"Sungriya","kind":"hamlet","population":null,"osmId":2377269228},"geometry":{"type":"Point","coordinates":[78.56338,29.93879]}},{"type":"Feature","properties":{"name":"Surāri","kind":"hamlet","population":null,"osmId":2377269229},"geometry":{"type":"Point","coordinates":[78.60934,29.92866]}},{"type":"Feature","properties":{"name":"Syālam","kind":"hamlet","population":null,"osmId":2377269230},"geometry":{"type":"Point","coordinates":[78.5611,29.94209]}},{"type":"Feature","properties":{"name":"Sīla","kind":"hamlet","population":null,"osmId":2377269233},"geometry":{"type":"Point","coordinates":[78.5365,29.94872]}},{"type":"Feature","properties":{"name":"Tail","kind":"hamlet","population":null,"osmId":2377269235},"geometry":{"type":"Point","coordinates":[78.50959,29.90754]}},{"type":"Feature","properties":{"name":"Tilphariya","kind":"hamlet","population":null,"osmId":2377269236},"geometry":{"type":"Point","coordinates":[78.55028,29.94395]}},{"type":"Feature","properties":{"name":"Timli","kind":"hamlet","population":null,"osmId":2377269237},"geometry":{"type":"Point","coordinates":[78.54667,29.90969]}},{"type":"Feature","properties":{"name":"Tolīyon","kind":"hamlet","population":null,"osmId":2377269238},"geometry":{"type":"Point","coordinates":[78.61331,29.91755]}},{"type":"Feature","properties":{"name":"Diyūsa","kind":"hamlet","population":null,"osmId":2377341034},"geometry":{"type":"Point","coordinates":[78.62961,29.90922]}},{"type":"Feature","properties":{"name":"Dābar","kind":"hamlet","population":null,"osmId":2377341053},"geometry":{"type":"Point","coordinates":[78.63635,29.90531]}},{"type":"Feature","properties":{"name":"Gūin","kind":"hamlet","population":null,"osmId":2377341147},"geometry":{"type":"Point","coordinates":[78.64551,29.93292]}},{"type":"Feature","properties":{"name":"Langūri","kind":"hamlet","population":null,"osmId":2377341383},"geometry":{"type":"Point","coordinates":[78.64051,29.90054]}},{"type":"Feature","properties":{"name":"Naikhāna Chhota","kind":"hamlet","population":null,"osmId":2377341497},"geometry":{"type":"Point","coordinates":[78.61937,29.90233]}},{"type":"Feature","properties":{"name":"Purangarhi","kind":"hamlet","population":null,"osmId":2377341610},"geometry":{"type":"Point","coordinates":[78.64262,29.92093]}},{"type":"Feature","properties":{"name":"Shimalya","kind":"hamlet","population":null,"osmId":2377341715},"geometry":{"type":"Point","coordinates":[78.64978,29.907]}},{"type":"Feature","properties":{"name":"Chhoti Bijni","kind":"hamlet","population":null,"osmId":2377440459},"geometry":{"type":"Point","coordinates":[78.40501,30.07004]}},{"type":"Feature","properties":{"name":"Jajal","kind":"hamlet","population":null,"osmId":2377440461},"geometry":{"type":"Point","coordinates":[78.36727,30.27012]}},{"type":"Feature","properties":{"name":"Jawālāpur","kind":"hamlet","population":null,"osmId":2377440462},"geometry":{"type":"Point","coordinates":[78.10757,29.92426]}},{"type":"Feature","properties":{"name":"Kandogal","kind":"hamlet","population":null,"osmId":2377440463},"geometry":{"type":"Point","coordinates":[78.21667,30.23333]}},{"type":"Feature","properties":{"name":"Kankhal","kind":"hamlet","population":null,"osmId":2377440464},"geometry":{"type":"Point","coordinates":[78.14526,29.92597]}},{"type":"Feature","properties":{"name":"Lachiwala","kind":"hamlet","population":null,"osmId":2377440466},"geometry":{"type":"Point","coordinates":[78.12496,30.19257]}},{"type":"Feature","properties":{"name":"Nakraunda","kind":"village","population":null,"osmId":2377440467},"geometry":{"type":"Point","coordinates":[78.11241,30.25324]}},{"type":"Feature","properties":{"name":"Rāiwāla Bara","kind":"hamlet","population":null,"osmId":2377440468},"geometry":{"type":"Point","coordinates":[78.21495,30.02182]}},{"type":"Feature","properties":{"name":"Sillar","kind":"hamlet","population":null,"osmId":2377440470},"geometry":{"type":"Point","coordinates":[78.38579,30.13348]}},{"type":"Feature","properties":{"name":"Virbhadra","kind":"hamlet","population":null,"osmId":2377440472},"geometry":{"type":"Point","coordinates":[78.28189,30.0712]}},{"type":"Feature","properties":{"name":"Molnau","kind":"hamlet","population":null,"osmId":2377985052},"geometry":{"type":"Point","coordinates":[78.59961,30.36877]}},{"type":"Feature","properties":{"name":"Saur","kind":"hamlet","population":null,"osmId":2377985116},"geometry":{"type":"Point","coordinates":[78.51667,30.25]}},{"type":"Feature","properties":{"name":"Upla","kind":"hamlet","population":null,"osmId":2379393093},"geometry":{"type":"Point","coordinates":[78.38578,30.35509]}},{"type":"Feature","properties":{"name":"Ghughatyani Talli","kind":"hamlet","population":null,"osmId":2505866220},"geometry":{"type":"Point","coordinates":[78.31668,30.13597]}},{"type":"Feature","properties":{"name":"Pali","kind":"hamlet","population":null,"osmId":2613452551},"geometry":{"type":"Point","coordinates":[78.40359,30.36571]}},{"type":"Feature","properties":{"name":"Pailyuan","kind":"hamlet","population":null,"osmId":2613454983},"geometry":{"type":"Point","coordinates":[78.45718,30.40299]}},{"type":"Feature","properties":{"name":"Syunta","kind":"hamlet","population":null,"osmId":2622060819},"geometry":{"type":"Point","coordinates":[78.38687,30.34148]}},{"type":"Feature","properties":{"name":"Mauita","kind":"hamlet","population":null,"osmId":3204131186},"geometry":{"type":"Point","coordinates":[78.46971,30.28517]}},{"type":"Feature","properties":{"name":"Rishikesh","kind":"town","population":null,"osmId":3735821429},"geometry":{"type":"Point","coordinates":[78.29162,30.10865]}},{"type":"Feature","properties":{"name":"Totla","kind":"hamlet","population":null,"osmId":3820748010},"geometry":{"type":"Point","coordinates":[78.34051,30.12698]}},{"type":"Feature","properties":{"name":"Indwaigaon","kind":"hamlet","population":null,"osmId":3912069873},"geometry":{"type":"Point","coordinates":[78.33034,30.35406]}},{"type":"Feature","properties":{"name":"Chhamund","kind":"hamlet","population":null,"osmId":4985286047},"geometry":{"type":"Point","coordinates":[78.43019,30.38042]}},{"type":"Feature","properties":{"name":"Moldhar","kind":"village","population":null,"osmId":4989193099},"geometry":{"type":"Point","coordinates":[78.43965,30.37584]}},{"type":"Feature","properties":{"name":"Baurari","kind":"village","population":null,"osmId":5057198933},"geometry":{"type":"Point","coordinates":[78.44071,30.37862]}},{"type":"Feature","properties":{"name":"Amola","kind":"hamlet","population":null,"osmId":5894155914},"geometry":{"type":"Point","coordinates":[78.3975,29.90861]}},{"type":"Feature","properties":{"name":"Virbhadra","kind":"town","population":null,"osmId":5954089237},"geometry":{"type":"Point","coordinates":[78.25201,30.07927]}},{"type":"Feature","properties":{"name":"Koti","kind":"hamlet","population":null,"osmId":6167218698},"geometry":{"type":"Point","coordinates":[78.45493,30.35565]}},{"type":"Feature","properties":{"name":"Kanda","kind":"hamlet","population":null,"osmId":6167218747},"geometry":{"type":"Point","coordinates":[78.44784,30.35267]}},{"type":"Feature","properties":{"name":"Syul","kind":"hamlet","population":null,"osmId":6169107784},"geometry":{"type":"Point","coordinates":[78.36223,30.34462]}},{"type":"Feature","properties":{"name":"Yamkeshwar","kind":"village","population":null,"osmId":7092850808},"geometry":{"type":"Point","coordinates":[78.41828,29.97626]}},{"type":"Feature","properties":{"name":"Guldi","kind":"hamlet","population":null,"osmId":7486353275},"geometry":{"type":"Point","coordinates":[78.39733,30.35362]}},{"type":"Feature","properties":{"name":"kwanli","kind":"hamlet","population":null,"osmId":7846778069},"geometry":{"type":"Point","coordinates":[78.61439,30.3623]}},{"type":"Feature","properties":{"name":"vanchuri","kind":"hamlet","population":null,"osmId":7846778072},"geometry":{"type":"Point","coordinates":[78.64061,30.39318]}},{"type":"Feature","properties":{"name":"salugi gad","kind":"hamlet","population":null,"osmId":7846778073},"geometry":{"type":"Point","coordinates":[78.6126,30.38812]}},{"type":"Feature","properties":{"name":"langu","kind":"hamlet","population":null,"osmId":7846778075},"geometry":{"type":"Point","coordinates":[78.61235,30.38467]}},{"type":"Feature","properties":{"name":"indrola","kind":"hamlet","population":null,"osmId":7846778077},"geometry":{"type":"Point","coordinates":[78.62035,30.39959]}},{"type":"Feature","properties":{"name":"pilkhi","kind":"hamlet","population":null,"osmId":7846778080},"geometry":{"type":"Point","coordinates":[78.63694,30.41569]}},{"type":"Feature","properties":{"name":"pipola","kind":"hamlet","population":null,"osmId":7846778083},"geometry":{"type":"Point","coordinates":[78.62122,30.41812]}},{"type":"Feature","properties":{"name":"kaphlog","kind":"hamlet","population":null,"osmId":7849319623},"geometry":{"type":"Point","coordinates":[78.5254,30.41785]}},{"type":"Feature","properties":{"name":"siloli","kind":"hamlet","population":null,"osmId":7849443768},"geometry":{"type":"Point","coordinates":[78.54511,30.39074]}},{"type":"Feature","properties":{"name":"kotchaunri","kind":"hamlet","population":null,"osmId":7849443769},"geometry":{"type":"Point","coordinates":[78.5424,30.39446]}},{"type":"Feature","properties":{"name":"bhasli","kind":"hamlet","population":null,"osmId":7849443771},"geometry":{"type":"Point","coordinates":[78.53075,30.39967]}},{"type":"Feature","properties":{"name":"pachri","kind":"hamlet","population":null,"osmId":7849443773},"geometry":{"type":"Point","coordinates":[78.53261,30.39139]}},{"type":"Feature","properties":{"name":"nargarh","kind":"hamlet","population":null,"osmId":7849443774},"geometry":{"type":"Point","coordinates":[78.52836,30.38588]}},{"type":"Feature","properties":{"name":"belthasaur","kind":"hamlet","population":null,"osmId":7849443776},"geometry":{"type":"Point","coordinates":[78.51449,30.38893]}},{"type":"Feature","properties":{"name":"ganoli","kind":"hamlet","population":null,"osmId":7849443777},"geometry":{"type":"Point","coordinates":[78.5108,30.39703]}},{"type":"Feature","properties":{"name":"nelra","kind":"village","population":null,"osmId":7849443779},"geometry":{"type":"Point","coordinates":[78.52106,30.40313]}},{"type":"Feature","properties":{"name":"kathuli","kind":"hamlet","population":null,"osmId":7849443781},"geometry":{"type":"Point","coordinates":[78.50296,30.40365]}},{"type":"Feature","properties":{"name":"badil","kind":"hamlet","population":null,"osmId":7849443784},"geometry":{"type":"Point","coordinates":[78.50819,30.40763]}},{"type":"Feature","properties":{"name":"bisatli","kind":"hamlet","population":null,"osmId":7849464486},"geometry":{"type":"Point","coordinates":[78.51171,30.41421]}},{"type":"Feature","properties":{"name":"rindol","kind":"hamlet","population":null,"osmId":7849464487},"geometry":{"type":"Point","coordinates":[78.50513,30.41462]}},{"type":"Feature","properties":{"name":"cholgaon","kind":"village","population":null,"osmId":7849487212},"geometry":{"type":"Point","coordinates":[78.53527,30.3663]}},{"type":"Feature","properties":{"name":"barkot","kind":"hamlet","population":null,"osmId":7849487213},"geometry":{"type":"Point","coordinates":[78.53519,30.37042]}},{"type":"Feature","properties":{"name":"bhatkanda","kind":"hamlet","population":null,"osmId":7849487216},"geometry":{"type":"Point","coordinates":[78.52655,30.36722]}},{"type":"Feature","properties":{"name":"pipola","kind":"hamlet","population":null,"osmId":7849487217},"geometry":{"type":"Point","coordinates":[78.52023,30.37573]}},{"type":"Feature","properties":{"name":"uthar","kind":"hamlet","population":null,"osmId":7849487218},"geometry":{"type":"Point","coordinates":[78.51467,30.37578]}},{"type":"Feature","properties":{"name":"geonli","kind":"hamlet","population":null,"osmId":7849487223},"geometry":{"type":"Point","coordinates":[78.51081,30.36207]}},{"type":"Feature","properties":{"name":"tipri","kind":"hamlet","population":null,"osmId":7849487224},"geometry":{"type":"Point","coordinates":[78.50206,30.36828]}},{"type":"Feature","properties":{"name":"tipri","kind":"hamlet","population":null,"osmId":7849487225},"geometry":{"type":"Point","coordinates":[78.5007,30.37601]}},{"type":"Feature","properties":{"name":"kandi","kind":"hamlet","population":null,"osmId":7850045838},"geometry":{"type":"Point","coordinates":[78.58081,30.36824]}},{"type":"Feature","properties":{"name":"gadoliya","kind":"hamlet","population":null,"osmId":7850045839},"geometry":{"type":"Point","coordinates":[78.57091,30.36421]}},{"type":"Feature","properties":{"name":"chah","kind":"hamlet","population":null,"osmId":7850045843},"geometry":{"type":"Point","coordinates":[78.56275,30.36291]}},{"type":"Feature","properties":{"name":"undoli","kind":"hamlet","population":null,"osmId":7850045844},"geometry":{"type":"Point","coordinates":[78.56339,30.36611]}},{"type":"Feature","properties":{"name":"raswari","kind":"hamlet","population":null,"osmId":7850045846},"geometry":{"type":"Point","coordinates":[78.5655,30.36969]}},{"type":"Feature","properties":{"name":"myunda","kind":"hamlet","population":null,"osmId":7850045854},"geometry":{"type":"Point","coordinates":[78.56786,30.38276]}},{"type":"Feature","properties":{"name":"chaund","kind":"hamlet","population":null,"osmId":7850045858},"geometry":{"type":"Point","coordinates":[78.55789,30.39622]}},{"type":"Feature","properties":{"name":"kolgaon","kind":"hamlet","population":null,"osmId":7850045859},"geometry":{"type":"Point","coordinates":[78.55585,30.39406]}},{"type":"Feature","properties":{"name":"bhatwara","kind":"hamlet","population":null,"osmId":7850045860},"geometry":{"type":"Point","coordinates":[78.55392,30.39811]}},{"type":"Feature","properties":{"name":"sarphal","kind":"hamlet","population":null,"osmId":7850045862},"geometry":{"type":"Point","coordinates":[78.5812,30.39894]}},{"type":"Feature","properties":{"name":"that","kind":"hamlet","population":null,"osmId":7850045865},"geometry":{"type":"Point","coordinates":[78.58081,30.41007]}},{"type":"Feature","properties":{"name":"nanuwan","kind":"hamlet","population":null,"osmId":7850089299},"geometry":{"type":"Point","coordinates":[78.59409,30.4038]}},{"type":"Feature","properties":{"name":"musankn","kind":"hamlet","population":null,"osmId":7850089300},"geometry":{"type":"Point","coordinates":[78.58319,30.40725]}},{"type":"Feature","properties":{"name":"ghanti","kind":"hamlet","population":null,"osmId":7850089301},"geometry":{"type":"Point","coordinates":[78.60023,30.40434]}},{"type":"Feature","properties":{"name":"padagali","kind":"hamlet","population":null,"osmId":7850089311},"geometry":{"type":"Point","coordinates":[78.60585,30.40084]}},{"type":"Feature","properties":{"name":"patala","kind":"hamlet","population":null,"osmId":7850089313},"geometry":{"type":"Point","coordinates":[78.60537,30.39384]}},{"type":"Feature","properties":{"name":"pauridhar","kind":"hamlet","population":null,"osmId":7850089314},"geometry":{"type":"Point","coordinates":[78.59788,30.3945]}},{"type":"Feature","properties":{"name":"Barakhali","kind":"hamlet","population":null,"osmId":7852043550},"geometry":{"type":"Point","coordinates":[78.48167,30.41252]}},{"type":"Feature","properties":{"name":"Barudi","kind":"hamlet","population":null,"osmId":7852043554},"geometry":{"type":"Point","coordinates":[78.49205,30.41499]}},{"type":"Feature","properties":{"name":"Dangi","kind":"hamlet","population":null,"osmId":7852043555},"geometry":{"type":"Point","coordinates":[78.48693,30.41896]}},{"type":"Feature","properties":{"name":"Khola","kind":"hamlet","population":null,"osmId":7852043556},"geometry":{"type":"Point","coordinates":[78.48886,30.4173]}},{"type":"Feature","properties":{"name":"Jalwalgoan Talla","kind":"hamlet","population":null,"osmId":7852043557},"geometry":{"type":"Point","coordinates":[78.48637,30.40597]}},{"type":"Feature","properties":{"name":"Jalwalgoan Malla","kind":"hamlet","population":null,"osmId":7852043558},"geometry":{"type":"Point","coordinates":[78.48972,30.40989]}},{"type":"Feature","properties":{"name":"Kangsali","kind":"hamlet","population":null,"osmId":7852043559},"geometry":{"type":"Point","coordinates":[78.48199,30.41811]}},{"type":"Feature","properties":{"name":"Nautar","kind":"hamlet","population":null,"osmId":7852043560},"geometry":{"type":"Point","coordinates":[78.47388,30.41989]}},{"type":"Feature","properties":{"name":"ganogi","kind":"hamlet","population":null,"osmId":7852995978},"geometry":{"type":"Point","coordinates":[78.38556,30.39542]}},{"type":"Feature","properties":{"name":"kanthargaon","kind":"hamlet","population":null,"osmId":7853017085},"geometry":{"type":"Point","coordinates":[78.37842,30.38146]}},{"type":"Feature","properties":{"name":"Silkoti","kind":"hamlet","population":null,"osmId":7853017086},"geometry":{"type":"Point","coordinates":[78.37885,30.37797]}},{"type":"Feature","properties":{"name":"manjyargaon","kind":"hamlet","population":null,"osmId":7853017087},"geometry":{"type":"Point","coordinates":[78.38455,30.3755]}},{"type":"Feature","properties":{"name":"Kulogi","kind":"hamlet","population":null,"osmId":7853017088},"geometry":{"type":"Point","coordinates":[78.39657,30.37491]}},{"type":"Feature","properties":{"name":"Kotigar","kind":"hamlet","population":null,"osmId":7853017089},"geometry":{"type":"Point","coordinates":[78.39299,30.37636]}},{"type":"Feature","properties":{"name":"Muriagaon","kind":"hamlet","population":null,"osmId":7853017090},"geometry":{"type":"Point","coordinates":[78.397,30.38078]}},{"type":"Feature","properties":{"name":"Dadur","kind":"hamlet","population":null,"osmId":7853017091},"geometry":{"type":"Point","coordinates":[78.39966,30.38315]}},{"type":"Feature","properties":{"name":"Nandgaon","kind":"hamlet","population":null,"osmId":7853017092},"geometry":{"type":"Point","coordinates":[78.40129,30.38541]}},{"type":"Feature","properties":{"name":"Kharikhal","kind":"hamlet","population":null,"osmId":7853017093},"geometry":{"type":"Point","coordinates":[78.38365,30.38528]}},{"type":"Feature","properties":{"name":"kemargaon","kind":"hamlet","population":null,"osmId":7853017094},"geometry":{"type":"Point","coordinates":[78.38507,30.38828]}},{"type":"Feature","properties":{"name":"Srikot","kind":"hamlet","population":null,"osmId":7853017095},"geometry":{"type":"Point","coordinates":[78.40481,30.39016]}},{"type":"Feature","properties":{"name":"Pali","kind":"hamlet","population":null,"osmId":7853017096},"geometry":{"type":"Point","coordinates":[78.42344,30.39996]}},{"type":"Feature","properties":{"name":"nagot","kind":"hamlet","population":null,"osmId":7853017097},"geometry":{"type":"Point","coordinates":[78.41756,30.39936]}},{"type":"Feature","properties":{"name":"Korai","kind":"hamlet","population":null,"osmId":7853017098},"geometry":{"type":"Point","coordinates":[78.41108,30.3989]}},{"type":"Feature","properties":{"name":"malathi","kind":"hamlet","population":null,"osmId":7853017099},"geometry":{"type":"Point","coordinates":[78.41438,30.40108]}},{"type":"Feature","properties":{"name":"nakot","kind":"hamlet","population":null,"osmId":7853017100},"geometry":{"type":"Point","coordinates":[78.41316,30.40558]}},{"type":"Feature","properties":{"name":"Bhaindi","kind":"hamlet","population":null,"osmId":7853017102},"geometry":{"type":"Point","coordinates":[78.39479,30.40858]}},{"type":"Feature","properties":{"name":"khark","kind":"hamlet","population":null,"osmId":7853017103},"geometry":{"type":"Point","coordinates":[78.39282,30.40995]}},{"type":"Feature","properties":{"name":"Gwalgaon","kind":"hamlet","population":null,"osmId":7853017104},"geometry":{"type":"Point","coordinates":[78.3917,30.41139]}},{"type":"Feature","properties":{"name":"Kaphalpani","kind":"hamlet","population":null,"osmId":7853017105},"geometry":{"type":"Point","coordinates":[78.39932,30.41274]}},{"type":"Feature","properties":{"name":"Semwalgaon","kind":"hamlet","population":null,"osmId":7853017106},"geometry":{"type":"Point","coordinates":[78.3982,30.41743]}},{"type":"Feature","properties":{"name":"margaon","kind":"hamlet","population":null,"osmId":7853017107},"geometry":{"type":"Point","coordinates":[78.39103,30.41722]}},{"type":"Feature","properties":{"name":"baur","kind":"hamlet","population":null,"osmId":7853017109},"geometry":{"type":"Point","coordinates":[78.41929,30.40479]}},{"type":"Feature","properties":{"name":"Jugargaon","kind":"hamlet","population":null,"osmId":7853017110},"geometry":{"type":"Point","coordinates":[78.40762,30.39383]}},{"type":"Feature","properties":{"name":"bergani","kind":"hamlet","population":null,"osmId":7853017111},"geometry":{"type":"Point","coordinates":[78.41672,30.39424]}},{"type":"Feature","properties":{"name":"jaspur","kind":"village","population":null,"osmId":7853017113},"geometry":{"type":"Point","coordinates":[78.43494,30.39524]}},{"type":"Feature","properties":{"name":"Jakh","kind":"hamlet","population":null,"osmId":7853017115},"geometry":{"type":"Point","coordinates":[78.44258,30.39668]}},{"type":"Feature","properties":{"name":"kutha","kind":"hamlet","population":null,"osmId":7853017116},"geometry":{"type":"Point","coordinates":[78.45401,30.39229]}},{"type":"Feature","properties":{"name":"Gajna","kind":"hamlet","population":null,"osmId":7853017117},"geometry":{"type":"Point","coordinates":[78.45931,30.39994]}},{"type":"Feature","properties":{"name":"Koti","kind":"hamlet","population":null,"osmId":7853017118},"geometry":{"type":"Point","coordinates":[78.45609,30.40399]}},{"type":"Feature","properties":{"name":"Balasi Dobata","kind":"village","population":null,"osmId":7853017119},"geometry":{"type":"Point","coordinates":[78.45318,30.41087]}},{"type":"Feature","properties":{"name":"Narsingh Dhar","kind":"hamlet","population":null,"osmId":7853017120},"geometry":{"type":"Point","coordinates":[78.40352,30.41789]}},{"type":"Feature","properties":{"name":"Dobri","kind":"hamlet","population":null,"osmId":7853017121},"geometry":{"type":"Point","coordinates":[78.40739,30.41902]}},{"type":"Feature","properties":{"name":"Dang talla","kind":"hamlet","population":null,"osmId":7853795292},"geometry":{"type":"Point","coordinates":[78.40178,30.40669]}},{"type":"Feature","properties":{"name":"Kirganni","kind":"hamlet","population":null,"osmId":7853795293},"geometry":{"type":"Point","coordinates":[78.4066,30.4034]}},{"type":"Feature","properties":{"name":"Sandana","kind":"hamlet","population":null,"osmId":7853795296},"geometry":{"type":"Point","coordinates":[78.49774,30.39518]}},{"type":"Feature","properties":{"name":"Bankot","kind":"hamlet","population":null,"osmId":7853797393},"geometry":{"type":"Point","coordinates":[78.39805,30.40445]}},{"type":"Feature","properties":{"name":"Baromangaon","kind":"hamlet","population":null,"osmId":7853797394},"geometry":{"type":"Point","coordinates":[78.41136,30.40897]}},{"type":"Feature","properties":{"name":"Dang malla","kind":"hamlet","population":null,"osmId":7853797395},"geometry":{"type":"Point","coordinates":[78.40921,30.40745]}},{"type":"Feature","properties":{"name":"Jaulangi","kind":"hamlet","population":null,"osmId":7853797396},"geometry":{"type":"Point","coordinates":[78.41404,30.40808]}},{"type":"Feature","properties":{"name":"Jaledi","kind":"hamlet","population":null,"osmId":7853797398},"geometry":{"type":"Point","coordinates":[78.41586,30.38013]}},{"type":"Feature","properties":{"name":"Pipli","kind":"village","population":null,"osmId":7853797400},"geometry":{"type":"Point","coordinates":[78.44618,30.38072]}},{"type":"Feature","properties":{"name":"Kemsari","kind":"village","population":null,"osmId":7853797401},"geometry":{"type":"Point","coordinates":[78.44356,30.37399]}},{"type":"Feature","properties":{"name":"khemra","kind":"hamlet","population":null,"osmId":7853797402},"geometry":{"type":"Point","coordinates":[78.46153,30.37184]}},{"type":"Feature","properties":{"name":"Alum","kind":"hamlet","population":null,"osmId":7853797403},"geometry":{"type":"Point","coordinates":[78.46786,30.37763]}},{"type":"Feature","properties":{"name":"Kathiagaon","kind":"hamlet","population":null,"osmId":7853797404},"geometry":{"type":"Point","coordinates":[78.46637,30.38039]}},{"type":"Feature","properties":{"name":"Dibanu","kind":"hamlet","population":null,"osmId":7853797405},"geometry":{"type":"Point","coordinates":[78.46652,30.38309]}},{"type":"Feature","properties":{"name":"pInola talla","kind":"hamlet","population":null,"osmId":7853797406},"geometry":{"type":"Point","coordinates":[78.45047,30.37815]}},{"type":"Feature","properties":{"name":"pInola Malla","kind":"hamlet","population":null,"osmId":7853797407},"geometry":{"type":"Point","coordinates":[78.45805,30.38152]}},{"type":"Feature","properties":{"name":"bagi","kind":"hamlet","population":null,"osmId":7853797408},"geometry":{"type":"Point","coordinates":[78.46071,30.38174]}},{"type":"Feature","properties":{"name":"Kund","kind":"hamlet","population":null,"osmId":7853797410},"geometry":{"type":"Point","coordinates":[78.45451,30.38159]}},{"type":"Feature","properties":{"name":"Jiundasu","kind":"hamlet","population":null,"osmId":7853797433},"geometry":{"type":"Point","coordinates":[78.42981,30.41683]}},{"type":"Feature","properties":{"name":"Nagar","kind":"hamlet","population":null,"osmId":7853797450},"geometry":{"type":"Point","coordinates":[78.4267,30.40227]}},{"type":"Feature","properties":{"name":"Ramgaon","kind":"hamlet","population":null,"osmId":7853797451},"geometry":{"type":"Point","coordinates":[78.4344,30.40532]}},{"type":"Feature","properties":{"name":"Jhulakgaon","kind":"hamlet","population":null,"osmId":7853797452},"geometry":{"type":"Point","coordinates":[78.43946,30.40869]}},{"type":"Feature","properties":{"name":"Tiwargaon","kind":"hamlet","population":null,"osmId":7853797453},"geometry":{"type":"Point","coordinates":[78.44526,30.41352]}},{"type":"Feature","properties":{"name":"Marora","kind":"hamlet","population":null,"osmId":7853797454},"geometry":{"type":"Point","coordinates":[78.44189,30.41811]}},{"type":"Feature","properties":{"name":"Dikholgaon","kind":"village","population":null,"osmId":7854142345},"geometry":{"type":"Point","coordinates":[78.39429,30.38769]}},{"type":"Feature","properties":{"name":"Saur","kind":"hamlet","population":null,"osmId":7856628347},"geometry":{"type":"Point","coordinates":[78.33387,30.39744]}},{"type":"Feature","properties":{"name":"khuret","kind":"hamlet","population":null,"osmId":7856628350},"geometry":{"type":"Point","coordinates":[78.31956,30.3982]}},{"type":"Feature","properties":{"name":"Pujalri","kind":"hamlet","population":null,"osmId":7856628351},"geometry":{"type":"Point","coordinates":[78.32316,30.39107]}},{"type":"Feature","properties":{"name":"Badyo","kind":"hamlet","population":null,"osmId":7856628354},"geometry":{"type":"Point","coordinates":[78.31572,30.37678]}},{"type":"Feature","properties":{"name":"Buranskanda","kind":"hamlet","population":null,"osmId":7856628355},"geometry":{"type":"Point","coordinates":[78.30231,30.3758]}},{"type":"Feature","properties":{"name":"Satyun","kind":"hamlet","population":null,"osmId":7856628356},"geometry":{"type":"Point","coordinates":[78.28439,30.37382]}},{"type":"Feature","properties":{"name":"Jargaon","kind":"hamlet","population":null,"osmId":7856628357},"geometry":{"type":"Point","coordinates":[78.28875,30.37173]}},{"type":"Feature","properties":{"name":"Pujiargaon","kind":"hamlet","population":null,"osmId":7856628358},"geometry":{"type":"Point","coordinates":[78.28306,30.37832]}},{"type":"Feature","properties":{"name":"Umelgaon","kind":"hamlet","population":null,"osmId":7856628359},"geometry":{"type":"Point","coordinates":[78.29651,30.39008]}},{"type":"Feature","properties":{"name":"Haveli","kind":"village","population":null,"osmId":7856628360},"geometry":{"type":"Point","coordinates":[78.28939,30.38961]}},{"type":"Feature","properties":{"name":"Raunshkhal","kind":"hamlet","population":null,"osmId":7856663551},"geometry":{"type":"Point","coordinates":[78.3283,30.41933]}},{"type":"Feature","properties":{"name":"Kanatal","kind":"village","population":null,"osmId":7856663552},"geometry":{"type":"Point","coordinates":[78.32119,30.41533]}},{"type":"Feature","properties":{"name":"Borgad","kind":"hamlet","population":null,"osmId":7856727584},"geometry":{"type":"Point","coordinates":[78.3475,30.41237]}},{"type":"Feature","properties":{"name":"Thangdhar","kind":"hamlet","population":null,"osmId":7856731285},"geometry":{"type":"Point","coordinates":[78.34179,30.41134]}},{"type":"Feature","properties":{"name":"Shangaon","kind":"hamlet","population":null,"osmId":7856731286},"geometry":{"type":"Point","coordinates":[78.32883,30.40852]}},{"type":"Feature","properties":{"name":"Bangoli","kind":"hamlet","population":null,"osmId":7856731287},"geometry":{"type":"Point","coordinates":[78.25476,30.37239]}},{"type":"Feature","properties":{"name":"Saolwani","kind":"hamlet","population":null,"osmId":7856731288},"geometry":{"type":"Point","coordinates":[78.25338,30.3795]}},{"type":"Feature","properties":{"name":"Chilam","kind":"hamlet","population":null,"osmId":7856839138},"geometry":{"type":"Point","coordinates":[78.34913,30.37534]}},{"type":"Feature","properties":{"name":"Ganogi","kind":"hamlet","population":null,"osmId":7856839139},"geometry":{"type":"Point","coordinates":[78.35788,30.3735]}},{"type":"Feature","properties":{"name":"Udkot Maniyar","kind":"village","population":null,"osmId":7856839140},"geometry":{"type":"Point","coordinates":[78.36445,30.38072]}},{"type":"Feature","properties":{"name":"Churardhar","kind":"hamlet","population":null,"osmId":7856839141},"geometry":{"type":"Point","coordinates":[78.36441,30.37995]}},{"type":"Feature","properties":{"name":"Dharkot","kind":"hamlet","population":null,"osmId":7856839142},"geometry":{"type":"Point","coordinates":[78.35305,30.38374]}},{"type":"Feature","properties":{"name":"Silogi","kind":"hamlet","population":null,"osmId":7856839143},"geometry":{"type":"Point","coordinates":[78.35357,30.38624]}},{"type":"Feature","properties":{"name":"Choprialgaon","kind":"hamlet","population":null,"osmId":7856839144},"geometry":{"type":"Point","coordinates":[78.36007,30.39016]}},{"type":"Feature","properties":{"name":"Chaurani","kind":"hamlet","population":null,"osmId":7856839145},"geometry":{"type":"Point","coordinates":[78.35196,30.39115]}},{"type":"Feature","properties":{"name":"Dhangdhar","kind":"hamlet","population":null,"osmId":7858004683},"geometry":{"type":"Point","coordinates":[78.34852,30.41892]}},{"type":"Feature","properties":{"name":"Molakharak","kind":"hamlet","population":null,"osmId":7858004684},"geometry":{"type":"Point","coordinates":[78.35765,30.41752]}},{"type":"Feature","properties":{"name":"Kalaban","kind":"hamlet","population":null,"osmId":7858062617},"geometry":{"type":"Point","coordinates":[78.28209,30.40232]}},{"type":"Feature","properties":{"name":"Chauki Chunnrani","kind":"hamlet","population":null,"osmId":7858062625},"geometry":{"type":"Point","coordinates":[78.3675,30.39638]}},{"type":"Feature","properties":{"name":"Nager","kind":"hamlet","population":null,"osmId":7858062626},"geometry":{"type":"Point","coordinates":[78.34102,30.39864]}},{"type":"Feature","properties":{"name":"kand","kind":"hamlet","population":null,"osmId":7858062627},"geometry":{"type":"Point","coordinates":[78.34576,30.39785]}},{"type":"Feature","properties":{"name":"DHungli","kind":"hamlet","population":null,"osmId":7858062628},"geometry":{"type":"Point","coordinates":[78.33758,30.39257]}},{"type":"Feature","properties":{"name":"Sonargaon","kind":"hamlet","population":null,"osmId":7858062629},"geometry":{"type":"Point","coordinates":[78.34336,30.38937]}},{"type":"Feature","properties":{"name":"kakhwari","kind":"hamlet","population":null,"osmId":7858062630},"geometry":{"type":"Point","coordinates":[78.34235,30.38657]}},{"type":"Feature","properties":{"name":"Tegna","kind":"hamlet","population":null,"osmId":7858062634},"geometry":{"type":"Point","coordinates":[78.27043,30.40506]}},{"type":"Feature","properties":{"name":"Patwaldhar","kind":"hamlet","population":null,"osmId":7858062648},"geometry":{"type":"Point","coordinates":[78.26313,30.41537]}},{"type":"Feature","properties":{"name":"magron","kind":"hamlet","population":null,"osmId":7861377454},"geometry":{"type":"Point","coordinates":[78.62728,30.35113]}},{"type":"Feature","properties":{"name":"silor","kind":"hamlet","population":null,"osmId":7861377455},"geometry":{"type":"Point","coordinates":[78.61687,30.34591]}},{"type":"Feature","properties":{"name":"paluni","kind":"hamlet","population":null,"osmId":7861377456},"geometry":{"type":"Point","coordinates":[78.6463,30.3589]}},{"type":"Feature","properties":{"name":"pali","kind":"hamlet","population":null,"osmId":7861377457},"geometry":{"type":"Point","coordinates":[78.63197,30.35886]}},{"type":"Feature","properties":{"name":"lavoigaon","kind":"hamlet","population":null,"osmId":7861377458},"geometry":{"type":"Point","coordinates":[78.60448,30.34947]}},{"type":"Feature","properties":{"name":"machyarri","kind":"hamlet","population":null,"osmId":7861409929},"geometry":{"type":"Point","coordinates":[78.62953,30.32457]}},{"type":"Feature","properties":{"name":"amoli","kind":"hamlet","population":null,"osmId":7861409930},"geometry":{"type":"Point","coordinates":[78.64697,30.33434]}},{"type":"Feature","properties":{"name":"dhaulangi","kind":"hamlet","population":null,"osmId":7861409931},"geometry":{"type":"Point","coordinates":[78.63886,30.33631]}},{"type":"Feature","properties":{"name":"kwili","kind":"hamlet","population":null,"osmId":7861409932},"geometry":{"type":"Point","coordinates":[78.6299,30.33948]}},{"type":"Feature","properties":{"name":"silor","kind":"hamlet","population":null,"osmId":7861409934},"geometry":{"type":"Point","coordinates":[78.61834,30.33427]}},{"type":"Feature","properties":{"name":"Kurialgaon","kind":"hamlet","population":null,"osmId":7862001384},"geometry":{"type":"Point","coordinates":[78.35132,30.34751]}},{"type":"Feature","properties":{"name":"Tilwalgaon","kind":"hamlet","population":null,"osmId":7862005641},"geometry":{"type":"Point","coordinates":[78.35977,30.36232]}},{"type":"Feature","properties":{"name":"Dangsari","kind":"hamlet","population":null,"osmId":7862005642},"geometry":{"type":"Point","coordinates":[78.35153,30.36043]}},{"type":"Feature","properties":{"name":"gwar","kind":"hamlet","population":null,"osmId":7862005643},"geometry":{"type":"Point","coordinates":[78.34655,30.35203]}},{"type":"Feature","properties":{"name":"kildagi","kind":"hamlet","population":null,"osmId":7862005644},"geometry":{"type":"Point","coordinates":[78.36142,30.33705]}},{"type":"Feature","properties":{"name":"Sudhara","kind":"hamlet","population":null,"osmId":7862005645},"geometry":{"type":"Point","coordinates":[78.36325,30.34097]}},{"type":"Feature","properties":{"name":"Kemrigaon","kind":"hamlet","population":null,"osmId":7862020085},"geometry":{"type":"Point","coordinates":[78.35535,30.35392]}},{"type":"Feature","properties":{"name":"Dyuu","kind":"hamlet","population":null,"osmId":7862020086},"geometry":{"type":"Point","coordinates":[78.36453,30.34884]}},{"type":"Feature","properties":{"name":"Manda","kind":"hamlet","population":null,"osmId":7862020087},"geometry":{"type":"Point","coordinates":[78.36301,30.33369]}},{"type":"Feature","properties":{"name":"Upli","kind":"hamlet","population":null,"osmId":7862020088},"geometry":{"type":"Point","coordinates":[78.36348,30.33008]}},{"type":"Feature","properties":{"name":"Bhaisaina","kind":"hamlet","population":null,"osmId":7862020089},"geometry":{"type":"Point","coordinates":[78.36582,30.32673]}},{"type":"Feature","properties":{"name":"Lawadhar","kind":"hamlet","population":null,"osmId":7862020090},"geometry":{"type":"Point","coordinates":[78.37511,30.32651]}},{"type":"Feature","properties":{"name":"bariyan","kind":"hamlet","population":null,"osmId":7862020091},"geometry":{"type":"Point","coordinates":[78.37144,30.32888]}},{"type":"Feature","properties":{"name":"Birkate","kind":"hamlet","population":null,"osmId":7862020092},"geometry":{"type":"Point","coordinates":[78.37505,30.3248]}},{"type":"Feature","properties":{"name":"Chopra","kind":"hamlet","population":null,"osmId":7862020093},"geometry":{"type":"Point","coordinates":[78.38342,30.3268]}},{"type":"Feature","properties":{"name":"Jardhargaon","kind":"village","population":null,"osmId":7862020094},"geometry":{"type":"Point","coordinates":[78.35138,30.33882]}},{"type":"Feature","properties":{"name":"Charmthangaon","kind":"hamlet","population":null,"osmId":7862020095},"geometry":{"type":"Point","coordinates":[78.33997,30.34605]}},{"type":"Feature","properties":{"name":"Jardhargaon","kind":"hamlet","population":null,"osmId":7862020096},"geometry":{"type":"Point","coordinates":[78.32971,30.34953]}},{"type":"Feature","properties":{"name":"Sunalgaon","kind":"hamlet","population":null,"osmId":7862020097},"geometry":{"type":"Point","coordinates":[78.33112,30.34682]}},{"type":"Feature","properties":{"name":"Kurmargaon","kind":"hamlet","population":null,"osmId":7862020098},"geometry":{"type":"Point","coordinates":[78.32577,30.35212]}},{"type":"Feature","properties":{"name":"Swari","kind":"hamlet","population":null,"osmId":7862020099},"geometry":{"type":"Point","coordinates":[78.33479,30.35773]}},{"type":"Feature","properties":{"name":"balog","kind":"hamlet","population":null,"osmId":7862020101},"geometry":{"type":"Point","coordinates":[78.32136,30.36548]}},{"type":"Feature","properties":{"name":"Simwalgaon Palla","kind":"hamlet","population":null,"osmId":7862020102},"geometry":{"type":"Point","coordinates":[78.28192,30.36438]}},{"type":"Feature","properties":{"name":"Chauklliya","kind":"hamlet","population":null,"osmId":7862020103},"geometry":{"type":"Point","coordinates":[78.28297,30.36839]}},{"type":"Feature","properties":{"name":"Maunder","kind":"hamlet","population":null,"osmId":7862020104},"geometry":{"type":"Point","coordinates":[78.27735,30.37275]}},{"type":"Feature","properties":{"name":"Nawagaon","kind":"hamlet","population":null,"osmId":7862020105},"geometry":{"type":"Point","coordinates":[78.27945,30.37117]}},{"type":"Feature","properties":{"name":"Kelwangaon","kind":"hamlet","population":null,"osmId":7862020106},"geometry":{"type":"Point","coordinates":[78.27375,30.36603]}},{"type":"Feature","properties":{"name":"manjgaon","kind":"hamlet","population":null,"osmId":7862020107},"geometry":{"type":"Point","coordinates":[78.26531,30.36495]}},{"type":"Feature","properties":{"name":"Palyuri","kind":"hamlet","population":null,"osmId":7862020108},"geometry":{"type":"Point","coordinates":[78.29623,30.36802]}},{"type":"Feature","properties":{"name":"Chhan","kind":"hamlet","population":null,"osmId":7862020109},"geometry":{"type":"Point","coordinates":[78.29598,30.37073]}},{"type":"Feature","properties":{"name":"paturi","kind":"hamlet","population":null,"osmId":7862020110},"geometry":{"type":"Point","coordinates":[78.36934,30.32226]}},{"type":"Feature","properties":{"name":"Maund","kind":"hamlet","population":null,"osmId":7862020112},"geometry":{"type":"Point","coordinates":[78.3661,30.3138]}},{"type":"Feature","properties":{"name":"Khotiar","kind":"village","population":null,"osmId":7862020113},"geometry":{"type":"Point","coordinates":[78.36857,30.32023]}},{"type":"Feature","properties":{"name":"Katani","kind":"hamlet","population":null,"osmId":7862020114},"geometry":{"type":"Point","coordinates":[78.35831,30.32651]}},{"type":"Feature","properties":{"name":"Ghuson","kind":"hamlet","population":null,"osmId":7862020115},"geometry":{"type":"Point","coordinates":[78.35095,30.31853]}},{"type":"Feature","properties":{"name":"Nagani","kind":"hamlet","population":null,"osmId":7862020116},"geometry":{"type":"Point","coordinates":[78.35099,30.32158]}},{"type":"Feature","properties":{"name":"Than","kind":"hamlet","population":null,"osmId":7862020117},"geometry":{"type":"Point","coordinates":[78.35232,30.31673]}},{"type":"Feature","properties":{"name":"Silasaur","kind":"hamlet","population":null,"osmId":7862020118},"geometry":{"type":"Point","coordinates":[78.3423,30.31017]}},{"type":"Feature","properties":{"name":"Naur","kind":"hamlet","population":null,"osmId":7862020121},"geometry":{"type":"Point","coordinates":[78.35664,30.25299]}},{"type":"Feature","properties":{"name":"basu","kind":"hamlet","population":null,"osmId":7862020122},"geometry":{"type":"Point","coordinates":[78.35608,30.25692]}},{"type":"Feature","properties":{"name":"Salekh","kind":"hamlet","population":null,"osmId":7862020123},"geometry":{"type":"Point","coordinates":[78.35393,30.26429]}},{"type":"Feature","properties":{"name":"Pipleth","kind":"hamlet","population":null,"osmId":7862020124},"geometry":{"type":"Point","coordinates":[78.35599,30.27415]}},{"type":"Feature","properties":{"name":"Lamyali","kind":"hamlet","population":null,"osmId":7862020125},"geometry":{"type":"Point","coordinates":[78.37359,30.25886]}},{"type":"Feature","properties":{"name":"Chiriyali","kind":"village","population":null,"osmId":7862020126},"geometry":{"type":"Point","coordinates":[78.37368,30.27067]}},{"type":"Feature","properties":{"name":"Kumali","kind":"hamlet","population":null,"osmId":7862020127},"geometry":{"type":"Point","coordinates":[78.35887,30.28698]}},{"type":"Feature","properties":{"name":"Chaupna","kind":"hamlet","population":null,"osmId":7862020128},"geometry":{"type":"Point","coordinates":[78.35844,30.28182]}},{"type":"Feature","properties":{"name":"Bidon","kind":"hamlet","population":null,"osmId":7862020129},"geometry":{"type":"Point","coordinates":[78.35664,30.29687]}},{"type":"Feature","properties":{"name":"Than","kind":"hamlet","population":null,"osmId":7862020130},"geometry":{"type":"Point","coordinates":[78.35499,30.30165]}},{"type":"Feature","properties":{"name":"Khankai","kind":"hamlet","population":null,"osmId":7862020131},"geometry":{"type":"Point","coordinates":[78.36956,30.30206]}},{"type":"Feature","properties":{"name":"Sonarkut","kind":"hamlet","population":null,"osmId":7862020132},"geometry":{"type":"Point","coordinates":[78.37277,30.29802]}},{"type":"Feature","properties":{"name":"Palas","kind":"hamlet","population":null,"osmId":7862020133},"geometry":{"type":"Point","coordinates":[78.34574,30.32062]}},{"type":"Feature","properties":{"name":"Jilli","kind":"hamlet","population":null,"osmId":7862020134},"geometry":{"type":"Point","coordinates":[78.33844,30.31325]}},{"type":"Feature","properties":{"name":"kalban","kind":"hamlet","population":null,"osmId":7862020140},"geometry":{"type":"Point","coordinates":[78.27883,30.25832]}},{"type":"Feature","properties":{"name":"Kukhar Malli","kind":"hamlet","population":null,"osmId":7862020141},"geometry":{"type":"Point","coordinates":[78.30179,30.25543]}},{"type":"Feature","properties":{"name":"Kukhai Bichli","kind":"hamlet","population":null,"osmId":7862020142},"geometry":{"type":"Point","coordinates":[78.30076,30.26025]}},{"type":"Feature","properties":{"name":"Udkhanda","kind":"hamlet","population":null,"osmId":7862020144},"geometry":{"type":"Point","coordinates":[78.33269,30.27797]}},{"type":"Feature","properties":{"name":"Gwar","kind":"hamlet","population":null,"osmId":7862020145},"geometry":{"type":"Point","coordinates":[78.32834,30.2879]}},{"type":"Feature","properties":{"name":"kanigad","kind":"hamlet","population":null,"osmId":7862020147},"geometry":{"type":"Point","coordinates":[78.31647,30.308]}},{"type":"Feature","properties":{"name":"Bagi","kind":"hamlet","population":null,"osmId":7862020148},"geometry":{"type":"Point","coordinates":[78.32188,30.3253]}},{"type":"Feature","properties":{"name":"Chopri","kind":"hamlet","population":null,"osmId":7862020150},"geometry":{"type":"Point","coordinates":[78.30325,30.34842]}},{"type":"Feature","properties":{"name":"Badiyon","kind":"hamlet","population":null,"osmId":7862020151},"geometry":{"type":"Point","coordinates":[78.31031,30.3468]}},{"type":"Feature","properties":{"name":"Mathiangaon","kind":"hamlet","population":null,"osmId":7862020153},"geometry":{"type":"Point","coordinates":[78.3152,30.33527]}},{"type":"Feature","properties":{"name":"Hurkadanda","kind":"hamlet","population":null,"osmId":7862020154},"geometry":{"type":"Point","coordinates":[78.32293,30.33249]}},{"type":"Feature","properties":{"name":"Pujargaon","kind":"hamlet","population":null,"osmId":7862020155},"geometry":{"type":"Point","coordinates":[78.26662,30.35273]}},{"type":"Feature","properties":{"name":"Kujni","kind":"hamlet","population":null,"osmId":7862020159},"geometry":{"type":"Point","coordinates":[78.25637,30.33395]}},{"type":"Feature","properties":{"name":"mathiyangaon","kind":"hamlet","population":null,"osmId":7862020160},"geometry":{"type":"Point","coordinates":[78.27508,30.33321]}},{"type":"Feature","properties":{"name":"Kanj Gad","kind":"hamlet","population":null,"osmId":7862020161},"geometry":{"type":"Point","coordinates":[78.27834,30.32834]}},{"type":"Feature","properties":{"name":"Timli Gad","kind":"hamlet","population":null,"osmId":7862020165},"geometry":{"type":"Point","coordinates":[78.28026,30.34741]}},{"type":"Feature","properties":{"name":"Hatwaogaon","kind":"hamlet","population":null,"osmId":7862020167},"geometry":{"type":"Point","coordinates":[78.27892,30.33865]}},{"type":"Feature","properties":{"name":"Ringaliya","kind":"hamlet","population":null,"osmId":7862020168},"geometry":{"type":"Point","coordinates":[78.27178,30.31751]}},{"type":"Feature","properties":{"name":"banali","kind":"village","population":null,"osmId":7862020169},"geometry":{"type":"Point","coordinates":[78.2895,30.31615]}},{"type":"Feature","properties":{"name":"savchunni","kind":"hamlet","population":null,"osmId":7863446833},"geometry":{"type":"Point","coordinates":[78.63468,30.29706]}},{"type":"Feature","properties":{"name":"tyuna","kind":"hamlet","population":null,"osmId":7863446834},"geometry":{"type":"Point","coordinates":[78.64185,30.30069]}},{"type":"Feature","properties":{"name":"shakrisain","kind":"hamlet","population":null,"osmId":7863446836},"geometry":{"type":"Point","coordinates":[78.60999,30.2948]}},{"type":"Feature","properties":{"name":"jurana","kind":"hamlet","population":null,"osmId":7863446837},"geometry":{"type":"Point","coordinates":[78.61785,30.29967]}},{"type":"Feature","properties":{"name":"ghogas","kind":"hamlet","population":null,"osmId":7863446839},"geometry":{"type":"Point","coordinates":[78.60719,30.30711]}},{"type":"Feature","properties":{"name":"dobla","kind":"hamlet","population":null,"osmId":7863511835},"geometry":{"type":"Point","coordinates":[78.64028,30.26175]}},{"type":"Feature","properties":{"name":"dewalkandi","kind":"hamlet","population":null,"osmId":7863511836},"geometry":{"type":"Point","coordinates":[78.63126,30.26558]}},{"type":"Feature","properties":{"name":"bagi","kind":"hamlet","population":null,"osmId":7863511841},"geometry":{"type":"Point","coordinates":[78.64044,30.27334]}},{"type":"Feature","properties":{"name":"nausa","kind":"hamlet","population":null,"osmId":7863511843},"geometry":{"type":"Point","coordinates":[78.64559,30.27302]}},{"type":"Feature","properties":{"name":"khateli","kind":"hamlet","population":null,"osmId":7863511844},"geometry":{"type":"Point","coordinates":[78.63004,30.27799]}},{"type":"Feature","properties":{"name":"dobh","kind":"hamlet","population":null,"osmId":7863511847},"geometry":{"type":"Point","coordinates":[78.63534,30.25588]}},{"type":"Feature","properties":{"name":"silgarh","kind":"hamlet","population":null,"osmId":7863511848},"geometry":{"type":"Point","coordinates":[78.63945,30.25796]}},{"type":"Feature","properties":{"name":"bhainskot","kind":"hamlet","population":null,"osmId":7863511849},"geometry":{"type":"Point","coordinates":[78.62269,30.25047]}},{"type":"Feature","properties":{"name":"gausil","kind":"hamlet","population":null,"osmId":7863511850},"geometry":{"type":"Point","coordinates":[78.61512,30.25483]}},{"type":"Feature","properties":{"name":"wainspani","kind":"hamlet","population":null,"osmId":7863511851},"geometry":{"type":"Point","coordinates":[78.6118,30.26455]}},{"type":"Feature","properties":{"name":"bhaldana","kind":"hamlet","population":null,"osmId":7863511852},"geometry":{"type":"Point","coordinates":[78.61913,30.26442]}},{"type":"Feature","properties":{"name":"kanyari","kind":"hamlet","population":null,"osmId":7863511853},"geometry":{"type":"Point","coordinates":[78.6152,30.27895]}},{"type":"Feature","properties":{"name":"chameri","kind":"hamlet","population":null,"osmId":7863511854},"geometry":{"type":"Point","coordinates":[78.62413,30.27139]}},{"type":"Feature","properties":{"name":"toli","kind":"hamlet","population":null,"osmId":7863511855},"geometry":{"type":"Point","coordinates":[78.616,30.2834]}},{"type":"Feature","properties":{"name":"kadans","kind":"hamlet","population":null,"osmId":7863511858},"geometry":{"type":"Point","coordinates":[78.64211,30.28284]}},{"type":"Feature","properties":{"name":"burkot","kind":"hamlet","population":null,"osmId":7863511859},"geometry":{"type":"Point","coordinates":[78.6497,30.28561]}},{"type":"Feature","properties":{"name":"arota","kind":"hamlet","population":null,"osmId":7863511860},"geometry":{"type":"Point","coordinates":[78.64584,30.28775]}},{"type":"Feature","properties":{"name":"pujargaon","kind":"hamlet","population":null,"osmId":7863511862},"geometry":{"type":"Point","coordinates":[78.62986,30.28193]}},{"type":"Feature","properties":{"name":"jhaldgaon","kind":"hamlet","population":null,"osmId":7863511863},"geometry":{"type":"Point","coordinates":[78.6373,30.28914]}},{"type":"Feature","properties":{"name":"gurain","kind":"hamlet","population":null,"osmId":7863511865},"geometry":{"type":"Point","coordinates":[78.6279,30.28645]}},{"type":"Feature","properties":{"name":"lingwangaon","kind":"hamlet","population":null,"osmId":7863511866},"geometry":{"type":"Point","coordinates":[78.62093,30.28778]}},{"type":"Feature","properties":{"name":"jhaldgaon","kind":"hamlet","population":null,"osmId":7863511867},"geometry":{"type":"Point","coordinates":[78.61016,30.28608]}},{"type":"Feature","properties":{"name":"Satli","kind":"hamlet","population":null,"osmId":7864708563},"geometry":{"type":"Point","coordinates":[78.26512,30.28703]}},{"type":"Feature","properties":{"name":"Rethwangaon","kind":"hamlet","population":null,"osmId":7864708568},"geometry":{"type":"Point","coordinates":[78.28025,30.27753]}},{"type":"Feature","properties":{"name":"Khadi Malli","kind":"hamlet","population":null,"osmId":7864708578},"geometry":{"type":"Point","coordinates":[78.36964,30.2856]}},{"type":"Feature","properties":{"name":"Rampur","kind":"hamlet","population":null,"osmId":7864708579},"geometry":{"type":"Point","coordinates":[78.37775,30.29035]}},{"type":"Feature","properties":{"name":"Paliga","kind":"hamlet","population":null,"osmId":7864708580},"geometry":{"type":"Point","coordinates":[78.37801,30.2839]}},{"type":"Feature","properties":{"name":"Bhandargaon","kind":"hamlet","population":null,"osmId":7864708581},"geometry":{"type":"Point","coordinates":[78.37629,30.28649]}},{"type":"Feature","properties":{"name":"Kaud","kind":"hamlet","population":null,"osmId":7864708582},"geometry":{"type":"Point","coordinates":[78.36282,30.29954]}},{"type":"Feature","properties":{"name":"Tibli","kind":"hamlet","population":null,"osmId":7864708583},"geometry":{"type":"Point","coordinates":[78.36762,30.29005]}},{"type":"Feature","properties":{"name":"Bahera","kind":"hamlet","population":null,"osmId":7864715095},"geometry":{"type":"Point","coordinates":[78.36788,30.35484]}},{"type":"Feature","properties":{"name":"Dhaulyani","kind":"hamlet","population":null,"osmId":7864715096},"geometry":{"type":"Point","coordinates":[78.37715,30.3531]}},{"type":"Feature","properties":{"name":"Talli","kind":"hamlet","population":null,"osmId":7864715097},"geometry":{"type":"Point","coordinates":[78.37041,30.35136]}},{"type":"Feature","properties":{"name":"Dyuri","kind":"hamlet","population":null,"osmId":7864715098},"geometry":{"type":"Point","coordinates":[78.37689,30.35158]}},{"type":"Feature","properties":{"name":"Saimwari","kind":"hamlet","population":null,"osmId":7864715099},"geometry":{"type":"Point","coordinates":[78.37434,30.34316]}},{"type":"Feature","properties":{"name":"Satiariyon","kind":"hamlet","population":null,"osmId":7864715100},"geometry":{"type":"Point","coordinates":[78.36642,30.34381]}},{"type":"Feature","properties":{"name":"Gad","kind":"hamlet","population":null,"osmId":7864715101},"geometry":{"type":"Point","coordinates":[78.36938,30.34869]}},{"type":"Feature","properties":{"name":"Khettu","kind":"hamlet","population":null,"osmId":7864715102},"geometry":{"type":"Point","coordinates":[78.37226,30.34507]}},{"type":"Feature","properties":{"name":"Nyugalgaon","kind":"hamlet","population":null,"osmId":7864715103},"geometry":{"type":"Point","coordinates":[78.35026,30.35088]}},{"type":"Feature","properties":{"name":"Garainch","kind":"hamlet","population":null,"osmId":7864715104},"geometry":{"type":"Point","coordinates":[78.35963,30.34771]}},{"type":"Feature","properties":{"name":"kati","kind":"hamlet","population":null,"osmId":7864715105},"geometry":{"type":"Point","coordinates":[78.36192,30.3464]}},{"type":"Feature","properties":{"name":"Jaul","kind":"hamlet","population":null,"osmId":7864715106},"geometry":{"type":"Point","coordinates":[78.37136,30.34269]}},{"type":"Feature","properties":{"name":"Chhiyun","kind":"hamlet","population":null,"osmId":7864715107},"geometry":{"type":"Point","coordinates":[78.37239,30.34047]}},{"type":"Feature","properties":{"name":"Bhandargaon","kind":"hamlet","population":null,"osmId":7864715108},"geometry":{"type":"Point","coordinates":[78.37084,30.33766]}},{"type":"Feature","properties":{"name":"Tipkhalgaon","kind":"hamlet","population":null,"osmId":7864715110},"geometry":{"type":"Point","coordinates":[78.34398,30.35412]}},{"type":"Feature","properties":{"name":"Kumargaon","kind":"hamlet","population":null,"osmId":7864715111},"geometry":{"type":"Point","coordinates":[78.34064,30.35754]}},{"type":"Feature","properties":{"name":"Nidwalgaon","kind":"hamlet","population":null,"osmId":7864715112},"geometry":{"type":"Point","coordinates":[78.34168,30.35632]}},{"type":"Feature","properties":{"name":"Kurialgaon","kind":"hamlet","population":null,"osmId":7864715113},"geometry":{"type":"Point","coordinates":[78.35093,30.35762]}},{"type":"Feature","properties":{"name":"Arogi","kind":"hamlet","population":null,"osmId":7864715114},"geometry":{"type":"Point","coordinates":[78.36056,30.35883]}},{"type":"Feature","properties":{"name":"nakot","kind":"hamlet","population":null,"osmId":7864715115},"geometry":{"type":"Point","coordinates":[78.36411,30.3594]}},{"type":"Feature","properties":{"name":"hadam Malla","kind":"hamlet","population":null,"osmId":7864715116},"geometry":{"type":"Point","coordinates":[78.3758,30.36771]}},{"type":"Feature","properties":{"name":"Arakot","kind":"village","population":null,"osmId":7864715117},"geometry":{"type":"Point","coordinates":[78.37749,30.36491]}},{"type":"Feature","properties":{"name":"Walla","kind":"hamlet","population":null,"osmId":7864715124},"geometry":{"type":"Point","coordinates":[78.27171,30.36973]}},{"type":"Feature","properties":{"name":"Lamkane","kind":"hamlet","population":null,"osmId":7864715126},"geometry":{"type":"Point","coordinates":[78.26759,30.34575]}},{"type":"Feature","properties":{"name":"Pakiya","kind":"hamlet","population":null,"osmId":7864715127},"geometry":{"type":"Point","coordinates":[78.25718,30.3193]}},{"type":"Feature","properties":{"name":"kund","kind":"hamlet","population":null,"osmId":7864715130},"geometry":{"type":"Point","coordinates":[78.25373,30.30643]}},{"type":"Feature","properties":{"name":"Chauban","kind":"hamlet","population":null,"osmId":7865297080},"geometry":{"type":"Point","coordinates":[78.28589,30.25744]}},{"type":"Feature","properties":{"name":"mariao","kind":"hamlet","population":null,"osmId":7865552909},"geometry":{"type":"Point","coordinates":[78.53227,30.35543]}},{"type":"Feature","properties":{"name":"koti","kind":"hamlet","population":null,"osmId":7865552911},"geometry":{"type":"Point","coordinates":[78.50894,30.34645]}},{"type":"Feature","properties":{"name":"rama","kind":"hamlet","population":null,"osmId":7865581957},"geometry":{"type":"Point","coordinates":[78.53816,30.30674]}},{"type":"Feature","properties":{"name":"belkandi","kind":"hamlet","population":null,"osmId":7865581958},"geometry":{"type":"Point","coordinates":[78.53025,30.30208]}},{"type":"Feature","properties":{"name":"bhatkot","kind":"hamlet","population":null,"osmId":7865581960},"geometry":{"type":"Point","coordinates":[78.50937,30.3101]}},{"type":"Feature","properties":{"name":"sankund","kind":"hamlet","population":null,"osmId":7865581962},"geometry":{"type":"Point","coordinates":[78.52236,30.31206]}},{"type":"Feature","properties":{"name":"kandadang","kind":"village","population":null,"osmId":7865581963},"geometry":{"type":"Point","coordinates":[78.52974,30.30463]}},{"type":"Feature","properties":{"name":"malyakot","kind":"hamlet","population":null,"osmId":7865581964},"geometry":{"type":"Point","coordinates":[78.52876,30.32088]}},{"type":"Feature","properties":{"name":"parsari","kind":"hamlet","population":null,"osmId":7865581965},"geometry":{"type":"Point","coordinates":[78.539,30.32509]}},{"type":"Feature","properties":{"name":"chheti","kind":"hamlet","population":null,"osmId":7865581966},"geometry":{"type":"Point","coordinates":[78.52314,30.32415]}},{"type":"Feature","properties":{"name":"kapholgaon","kind":"hamlet","population":null,"osmId":7865581967},"geometry":{"type":"Point","coordinates":[78.50599,30.3219]}},{"type":"Feature","properties":{"name":"marora","kind":"hamlet","population":null,"osmId":7865581968},"geometry":{"type":"Point","coordinates":[78.50453,30.31751]}},{"type":"Feature","properties":{"name":"khandi","kind":"hamlet","population":null,"osmId":7865581969},"geometry":{"type":"Point","coordinates":[78.50705,30.31952]}},{"type":"Feature","properties":{"name":"kumardhar","kind":"hamlet","population":null,"osmId":7865581970},"geometry":{"type":"Point","coordinates":[78.51213,30.32772]}},{"type":"Feature","properties":{"name":"sain","kind":"hamlet","population":null,"osmId":7865581971},"geometry":{"type":"Point","coordinates":[78.50271,30.33176]}},{"type":"Feature","properties":{"name":"tipri","kind":"hamlet","population":null,"osmId":7865581972},"geometry":{"type":"Point","coordinates":[78.5265,30.33212]}},{"type":"Feature","properties":{"name":"ratoli","kind":"hamlet","population":null,"osmId":7865581973},"geometry":{"type":"Point","coordinates":[78.53926,30.33111]}},{"type":"Feature","properties":{"name":"petab","kind":"hamlet","population":null,"osmId":7865581975},"geometry":{"type":"Point","coordinates":[78.53439,30.34232]}},{"type":"Feature","properties":{"name":"nawakot","kind":"hamlet","population":null,"osmId":7865581977},"geometry":{"type":"Point","coordinates":[78.5191,30.33306]}},{"type":"Feature","properties":{"name":"ragda pipola","kind":"hamlet","population":null,"osmId":7865581978},"geometry":{"type":"Point","coordinates":[78.50443,30.337]}},{"type":"Feature","properties":{"name":"jakhnidhar","kind":"village","population":null,"osmId":7865581979},"geometry":{"type":"Point","coordinates":[78.51088,30.33409]}},{"type":"Feature","properties":{"name":"nagar","kind":"hamlet","population":null,"osmId":7865636906},"geometry":{"type":"Point","coordinates":[78.53064,30.25259]}},{"type":"Feature","properties":{"name":"saingaon","kind":"hamlet","population":null,"osmId":7865636907},"geometry":{"type":"Point","coordinates":[78.50166,30.25118]}},{"type":"Feature","properties":{"name":"pendars","kind":"hamlet","population":null,"osmId":7865636908},"geometry":{"type":"Point","coordinates":[78.50495,30.26212]}},{"type":"Feature","properties":{"name":"saina","kind":"hamlet","population":null,"osmId":7865636910},"geometry":{"type":"Point","coordinates":[78.53653,30.27045]}},{"type":"Feature","properties":{"name":"syuta","kind":"hamlet","population":null,"osmId":7865636913},"geometry":{"type":"Point","coordinates":[78.54015,30.28076]}},{"type":"Feature","properties":{"name":"pichwara","kind":"hamlet","population":null,"osmId":7865636914},"geometry":{"type":"Point","coordinates":[78.53133,30.28056]}},{"type":"Feature","properties":{"name":"chaka","kind":"hamlet","population":null,"osmId":7865636915},"geometry":{"type":"Point","coordinates":[78.5333,30.28363]}},{"type":"Feature","properties":{"name":"amilda","kind":"hamlet","population":null,"osmId":7865636916},"geometry":{"type":"Point","coordinates":[78.53904,30.28701]}},{"type":"Feature","properties":{"name":"bhadli","kind":"hamlet","population":null,"osmId":7865636917},"geometry":{"type":"Point","coordinates":[78.53247,30.28787]}},{"type":"Feature","properties":{"name":"jamti","kind":"hamlet","population":null,"osmId":7865636918},"geometry":{"type":"Point","coordinates":[78.52288,30.28929]}},{"type":"Feature","properties":{"name":"dob","kind":"hamlet","population":null,"osmId":7865636919},"geometry":{"type":"Point","coordinates":[78.51919,30.2827]}},{"type":"Feature","properties":{"name":"simlasu","kind":"hamlet","population":null,"osmId":7865636922},"geometry":{"type":"Point","coordinates":[78.51266,30.29145]}},{"type":"Feature","properties":{"name":"gwalka","kind":"hamlet","population":null,"osmId":7865669010},"geometry":{"type":"Point","coordinates":[78.55882,30.34726]}},{"type":"Feature","properties":{"name":"akhorisain","kind":"hamlet","population":null,"osmId":7865669011},"geometry":{"type":"Point","coordinates":[78.55306,30.34685]}},{"type":"Feature","properties":{"name":"swari","kind":"hamlet","population":null,"osmId":7865669012},"geometry":{"type":"Point","coordinates":[78.57985,30.35798]}},{"type":"Feature","properties":{"name":"chaunthi","kind":"hamlet","population":null,"osmId":7865669013},"geometry":{"type":"Point","coordinates":[78.56156,30.35761]}},{"type":"Feature","properties":{"name":"manthal","kind":"hamlet","population":null,"osmId":7865669014},"geometry":{"type":"Point","coordinates":[78.55788,30.35604]}},{"type":"Feature","properties":{"name":"mathyali","kind":"hamlet","population":null,"osmId":7865669015},"geometry":{"type":"Point","coordinates":[78.54655,30.35843]}},{"type":"Feature","properties":{"name":"nuali","kind":"hamlet","population":null,"osmId":7865755895},"geometry":{"type":"Point","coordinates":[78.57625,30.32405]}},{"type":"Feature","properties":{"name":"kunetha","kind":"hamlet","population":null,"osmId":7865755896},"geometry":{"type":"Point","coordinates":[78.57055,30.31615]}},{"type":"Feature","properties":{"name":"paidula","kind":"hamlet","population":null,"osmId":7865755897},"geometry":{"type":"Point","coordinates":[78.57749,30.29244]}},{"type":"Feature","properties":{"name":"pata","kind":"hamlet","population":null,"osmId":7865755899},"geometry":{"type":"Point","coordinates":[78.55598,30.2916]}},{"type":"Feature","properties":{"name":"marora","kind":"hamlet","population":null,"osmId":7865755900},"geometry":{"type":"Point","coordinates":[78.54559,30.29447]}},{"type":"Feature","properties":{"name":"kapholgaon","kind":"hamlet","population":null,"osmId":7865755901},"geometry":{"type":"Point","coordinates":[78.5636,30.29807]}},{"type":"Feature","properties":{"name":"panjanu","kind":"hamlet","population":null,"osmId":7865755903},"geometry":{"type":"Point","coordinates":[78.57724,30.30006]}},{"type":"Feature","properties":{"name":"saina","kind":"hamlet","population":null,"osmId":7865755904},"geometry":{"type":"Point","coordinates":[78.58297,30.30227]}},{"type":"Feature","properties":{"name":"bargaon","kind":"hamlet","population":null,"osmId":7865755905},"geometry":{"type":"Point","coordinates":[78.57596,30.30723]}},{"type":"Feature","properties":{"name":"gansari","kind":"hamlet","population":null,"osmId":7865755906},"geometry":{"type":"Point","coordinates":[78.56361,30.30297]}},{"type":"Feature","properties":{"name":"pajyara","kind":"hamlet","population":null,"osmId":7865755908},"geometry":{"type":"Point","coordinates":[78.54699,30.30623]}},{"type":"Feature","properties":{"name":"garakot","kind":"hamlet","population":null,"osmId":7865755909},"geometry":{"type":"Point","coordinates":[78.56558,30.31034]}},{"type":"Feature","properties":{"name":"karakot","kind":"hamlet","population":null,"osmId":7865755910},"geometry":{"type":"Point","coordinates":[78.57147,30.30941]}},{"type":"Feature","properties":{"name":"moli","kind":"hamlet","population":null,"osmId":7865755911},"geometry":{"type":"Point","coordinates":[78.58018,30.31373]}},{"type":"Feature","properties":{"name":"chadyara","kind":"hamlet","population":null,"osmId":7865755912},"geometry":{"type":"Point","coordinates":[78.57795,30.30939]}},{"type":"Feature","properties":{"name":"chaund (jaspur)","kind":"hamlet","population":null,"osmId":7865755913},"geometry":{"type":"Point","coordinates":[78.55177,30.31511]}},{"type":"Feature","properties":{"name":"lantar","kind":"hamlet","population":null,"osmId":7865755914},"geometry":{"type":"Point","coordinates":[78.56273,30.31791]}},{"type":"Feature","properties":{"name":"palkot","kind":"hamlet","population":null,"osmId":7865755915},"geometry":{"type":"Point","coordinates":[78.56336,30.32169]}},{"type":"Feature","properties":{"name":"baunsta","kind":"hamlet","population":null,"osmId":7865755916},"geometry":{"type":"Point","coordinates":[78.56817,30.32406]}},{"type":"Feature","properties":{"name":"bagi","kind":"hamlet","population":null,"osmId":7865755917},"geometry":{"type":"Point","coordinates":[78.56999,30.32702]}},{"type":"Feature","properties":{"name":"saundhar","kind":"hamlet","population":null,"osmId":7865755918},"geometry":{"type":"Point","coordinates":[78.56306,30.32693]}},{"type":"Feature","properties":{"name":"saipal","kind":"hamlet","population":null,"osmId":7865755919},"geometry":{"type":"Point","coordinates":[78.54761,30.32766]}},{"type":"Feature","properties":{"name":"khand","kind":"hamlet","population":null,"osmId":7865755920},"geometry":{"type":"Point","coordinates":[78.54146,30.32143]}},{"type":"Feature","properties":{"name":"matkhani","kind":"hamlet","population":null,"osmId":7865755922},"geometry":{"type":"Point","coordinates":[78.54957,30.32415]}},{"type":"Feature","properties":{"name":"jelam","kind":"hamlet","population":null,"osmId":7865755923},"geometry":{"type":"Point","coordinates":[78.55881,30.32824]}},{"type":"Feature","properties":{"name":"khandogi","kind":"hamlet","population":null,"osmId":7865755924},"geometry":{"type":"Point","coordinates":[78.55621,30.3306]}},{"type":"Feature","properties":{"name":"molkhali","kind":"hamlet","population":null,"osmId":7865755927},"geometry":{"type":"Point","coordinates":[78.57179,30.33766]}},{"type":"Feature","properties":{"name":"shrikot","kind":"hamlet","population":null,"osmId":7865773087},"geometry":{"type":"Point","coordinates":[78.5765,30.28439]}},{"type":"Feature","properties":{"name":"malu maruda","kind":"hamlet","population":null,"osmId":7865773088},"geometry":{"type":"Point","coordinates":[78.58297,30.25671]}},{"type":"Feature","properties":{"name":"khudoli malli","kind":"hamlet","population":null,"osmId":7865773089},"geometry":{"type":"Point","coordinates":[78.57094,30.25257]}},{"type":"Feature","properties":{"name":"rikhwani","kind":"hamlet","population":null,"osmId":7865773090},"geometry":{"type":"Point","coordinates":[78.56906,30.26088]}},{"type":"Feature","properties":{"name":"chapoli","kind":"village","population":null,"osmId":7865773091},"geometry":{"type":"Point","coordinates":[78.55007,30.2569]}},{"type":"Feature","properties":{"name":"bagi","kind":"hamlet","population":null,"osmId":7865773093},"geometry":{"type":"Point","coordinates":[78.54586,30.26459]}},{"type":"Feature","properties":{"name":"khon","kind":"hamlet","population":null,"osmId":7865773094},"geometry":{"type":"Point","coordinates":[78.54279,30.26747]}},{"type":"Feature","properties":{"name":"nandoli","kind":"hamlet","population":null,"osmId":7865773095},"geometry":{"type":"Point","coordinates":[78.55337,30.26309]}},{"type":"Feature","properties":{"name":"jogdhar","kind":"hamlet","population":null,"osmId":7865773096},"geometry":{"type":"Point","coordinates":[78.55418,30.2766]}},{"type":"Feature","properties":{"name":"dasholi","kind":"hamlet","population":null,"osmId":7865773097},"geometry":{"type":"Point","coordinates":[78.54314,30.27478]}},{"type":"Feature","properties":{"name":"kumrata","kind":"hamlet","population":null,"osmId":7865773098},"geometry":{"type":"Point","coordinates":[78.55801,30.28333]}},{"type":"Feature","properties":{"name":"singoli","kind":"hamlet","population":null,"osmId":7865773100},"geometry":{"type":"Point","coordinates":[78.54952,30.28347]}},{"type":"Feature","properties":{"name":"negyana","kind":"hamlet","population":null,"osmId":7865779860},"geometry":{"type":"Point","coordinates":[78.59711,30.34915]}},{"type":"Feature","properties":{"name":"juili","kind":"hamlet","population":null,"osmId":7865779861},"geometry":{"type":"Point","coordinates":[78.59364,30.35355]}},{"type":"Feature","properties":{"name":"jhurangaon","kind":"village","population":null,"osmId":7865779862},"geometry":{"type":"Point","coordinates":[78.60563,30.35988]}},{"type":"Feature","properties":{"name":"asena","kind":"hamlet","population":null,"osmId":7865779863},"geometry":{"type":"Point","coordinates":[78.59313,30.38349]}},{"type":"Feature","properties":{"name":"malda","kind":"hamlet","population":null,"osmId":7865789490},"geometry":{"type":"Point","coordinates":[78.58376,30.29149]}},{"type":"Feature","properties":{"name":"karans","kind":"hamlet","population":null,"osmId":7865789491},"geometry":{"type":"Point","coordinates":[78.59883,30.29592]}},{"type":"Feature","properties":{"name":"kaphulna","kind":"hamlet","population":null,"osmId":7865789492},"geometry":{"type":"Point","coordinates":[78.59707,30.29934]}},{"type":"Feature","properties":{"name":"bainsoli","kind":"hamlet","population":null,"osmId":7865789493},"geometry":{"type":"Point","coordinates":[78.59082,30.30193]}},{"type":"Feature","properties":{"name":"andreti","kind":"hamlet","population":null,"osmId":7865789494},"geometry":{"type":"Point","coordinates":[78.60446,30.30133]}},{"type":"Feature","properties":{"name":"kaintholi","kind":"hamlet","population":null,"osmId":7865789496},"geometry":{"type":"Point","coordinates":[78.59926,30.30689]}},{"type":"Feature","properties":{"name":"dasholi","kind":"hamlet","population":null,"osmId":7865789497},"geometry":{"type":"Point","coordinates":[78.58551,30.31213]}},{"type":"Feature","properties":{"name":"kalana","kind":"hamlet","population":null,"osmId":7865789498},"geometry":{"type":"Point","coordinates":[78.58797,30.31066]}},{"type":"Feature","properties":{"name":"migwali","kind":"hamlet","population":null,"osmId":7865789499},"geometry":{"type":"Point","coordinates":[78.5922,30.31277]}},{"type":"Feature","properties":{"name":"anjanisain","kind":"village","population":null,"osmId":7865789500},"geometry":{"type":"Point","coordinates":[78.58779,30.31433]}},{"type":"Feature","properties":{"name":"jogyana","kind":"hamlet","population":null,"osmId":7865803520},"geometry":{"type":"Point","coordinates":[78.61777,30.27059]}},{"type":"Feature","properties":{"name":"sirmauli","kind":"hamlet","population":null,"osmId":7865803524},"geometry":{"type":"Point","coordinates":[78.59028,30.25311]}},{"type":"Feature","properties":{"name":"jarola","kind":"hamlet","population":null,"osmId":7865803527},"geometry":{"type":"Point","coordinates":[78.59913,30.2604]}},{"type":"Feature","properties":{"name":"kandi","kind":"hamlet","population":null,"osmId":7865803528},"geometry":{"type":"Point","coordinates":[78.59497,30.27223]}},{"type":"Feature","properties":{"name":"kashigaon","kind":"hamlet","population":null,"osmId":7865803529},"geometry":{"type":"Point","coordinates":[78.5898,30.26761]}},{"type":"Feature","properties":{"name":"panchur","kind":"hamlet","population":null,"osmId":7865803530},"geometry":{"type":"Point","coordinates":[78.58451,30.27212]}},{"type":"Feature","properties":{"name":"dharun","kind":"hamlet","population":null,"osmId":7865803532},"geometry":{"type":"Point","coordinates":[78.5886,30.27914]}},{"type":"Feature","properties":{"name":"raurdhar","kind":"hamlet","population":null,"osmId":7865803533},"geometry":{"type":"Point","coordinates":[78.5935,30.28436]}},{"type":"Feature","properties":{"name":"Manjur","kind":"hamlet","population":null,"osmId":7872911820},"geometry":{"type":"Point","coordinates":[78.39614,30.34368]}},{"type":"Feature","properties":{"name":"Dikhalgaon","kind":"hamlet","population":null,"osmId":7872911821},"geometry":{"type":"Point","coordinates":[78.39664,30.34145]}},{"type":"Feature","properties":{"name":"Chimargaon","kind":"hamlet","population":null,"osmId":7872911822},"geometry":{"type":"Point","coordinates":[78.39694,30.33829]}},{"type":"Feature","properties":{"name":"Than","kind":"hamlet","population":null,"osmId":7872911823},"geometry":{"type":"Point","coordinates":[78.3925,30.33085]}},{"type":"Feature","properties":{"name":"Syunta Bara","kind":"hamlet","population":null,"osmId":7872911824},"geometry":{"type":"Point","coordinates":[78.38387,30.33662]}},{"type":"Feature","properties":{"name":"Narangi","kind":"hamlet","population":null,"osmId":7872911825},"geometry":{"type":"Point","coordinates":[78.37996,30.33364]}},{"type":"Feature","properties":{"name":"Kalnchh","kind":"hamlet","population":null,"osmId":7872911826},"geometry":{"type":"Point","coordinates":[78.44097,30.29635]}},{"type":"Feature","properties":{"name":"Surkhot","kind":"hamlet","population":null,"osmId":7872911827},"geometry":{"type":"Point","coordinates":[78.4047,30.35355]}},{"type":"Feature","properties":{"name":"Behalcol","kind":"hamlet","population":null,"osmId":7872911828},"geometry":{"type":"Point","coordinates":[78.3838,30.37188]}},{"type":"Feature","properties":{"name":"Bhangarkhola","kind":"hamlet","population":null,"osmId":7872911829},"geometry":{"type":"Point","coordinates":[78.39468,30.36912]}},{"type":"Feature","properties":{"name":"Gajana","kind":"hamlet","population":null,"osmId":7872911830},"geometry":{"type":"Point","coordinates":[78.40462,30.35784]}},{"type":"Feature","properties":{"name":"Bhedari","kind":"hamlet","population":null,"osmId":7872911831},"geometry":{"type":"Point","coordinates":[78.40957,30.35529]}},{"type":"Feature","properties":{"name":"Basuglbagi","kind":"hamlet","population":null,"osmId":7872911832},"geometry":{"type":"Point","coordinates":[78.41642,30.34849]}},{"type":"Feature","properties":{"name":"Bhurabagi","kind":"hamlet","population":null,"osmId":7872911833},"geometry":{"type":"Point","coordinates":[78.41761,30.35323]}},{"type":"Feature","properties":{"name":"Batykhem","kind":"hamlet","population":null,"osmId":7872911834},"geometry":{"type":"Point","coordinates":[78.42524,30.35218]}},{"type":"Feature","properties":{"name":"Badshahithaul","kind":"hamlet","population":null,"osmId":7872911836},"geometry":{"type":"Point","coordinates":[78.40741,30.33977]}},{"type":"Feature","properties":{"name":"Tharsalgaon","kind":"hamlet","population":null,"osmId":7872911837},"geometry":{"type":"Point","coordinates":[78.40578,30.33516]}},{"type":"Feature","properties":{"name":"Saundkoti","kind":"hamlet","population":null,"osmId":7872911838},"geometry":{"type":"Point","coordinates":[78.41792,30.33627]}},{"type":"Feature","properties":{"name":"Chamdi","kind":"hamlet","population":null,"osmId":7872911839},"geometry":{"type":"Point","coordinates":[78.4403,30.32938]}},{"type":"Feature","properties":{"name":"Bhaun","kind":"hamlet","population":null,"osmId":7872911841},"geometry":{"type":"Point","coordinates":[78.44693,30.33545]}},{"type":"Feature","properties":{"name":"Koldhar","kind":"hamlet","population":null,"osmId":7872911843},"geometry":{"type":"Point","coordinates":[78.44689,30.33431]}},{"type":"Feature","properties":{"name":"Sagwangaon","kind":"hamlet","population":null,"osmId":7872911845},"geometry":{"type":"Point","coordinates":[78.46805,30.34051]}},{"type":"Feature","properties":{"name":"Lawadhar","kind":"hamlet","population":null,"osmId":7872911846},"geometry":{"type":"Point","coordinates":[78.45963,30.34455]}},{"type":"Feature","properties":{"name":"Gyansu","kind":"hamlet","population":null,"osmId":7872911847},"geometry":{"type":"Point","coordinates":[78.45805,30.35014]}},{"type":"Feature","properties":{"name":"pata","kind":"hamlet","population":null,"osmId":7872911848},"geometry":{"type":"Point","coordinates":[78.46539,30.35523]}},{"type":"Feature","properties":{"name":"Bhotkoti","kind":"hamlet","population":null,"osmId":7872911849},"geometry":{"type":"Point","coordinates":[78.46762,30.35938]}},{"type":"Feature","properties":{"name":"Pasi","kind":"hamlet","population":null,"osmId":7872911850},"geometry":{"type":"Point","coordinates":[78.43876,30.3581]}},{"type":"Feature","properties":{"name":"Chawaikher","kind":"hamlet","population":null,"osmId":7872911851},"geometry":{"type":"Point","coordinates":[78.42562,30.36223]}},{"type":"Feature","properties":{"name":"Budogi","kind":"hamlet","population":null,"osmId":7872911852},"geometry":{"type":"Point","coordinates":[78.43346,30.36658]}},{"type":"Feature","properties":{"name":"Pangar","kind":"hamlet","population":null,"osmId":7872911853},"geometry":{"type":"Point","coordinates":[78.44316,30.3661]}},{"type":"Feature","properties":{"name":"Bhaintogi","kind":"hamlet","population":null,"osmId":7872911854},"geometry":{"type":"Point","coordinates":[78.45105,30.36843]}},{"type":"Feature","properties":{"name":"Balma","kind":"hamlet","population":null,"osmId":7872911855},"geometry":{"type":"Point","coordinates":[78.45685,30.36173]}},{"type":"Feature","properties":{"name":"badongaon","kind":"hamlet","population":null,"osmId":7872911856},"geometry":{"type":"Point","coordinates":[78.42389,30.34099]}},{"type":"Feature","properties":{"name":"Lamkot","kind":"hamlet","population":null,"osmId":7872911857},"geometry":{"type":"Point","coordinates":[78.4305,30.34521]}},{"type":"Feature","properties":{"name":"Kemwaigaon","kind":"hamlet","population":null,"osmId":7872911858},"geometry":{"type":"Point","coordinates":[78.435,30.33725]}},{"type":"Feature","properties":{"name":"Samalta","kind":"hamlet","population":null,"osmId":7872911859},"geometry":{"type":"Point","coordinates":[78.42932,30.32703]}},{"type":"Feature","properties":{"name":"ranichauri","kind":"hamlet","population":null,"osmId":7872911860},"geometry":{"type":"Point","coordinates":[78.40702,30.32073]}},{"type":"Feature","properties":{"name":"Jagdhar","kind":"hamlet","population":null,"osmId":7872911861},"geometry":{"type":"Point","coordinates":[78.41054,30.3251]}},{"type":"Feature","properties":{"name":"Toli","kind":"hamlet","population":null,"osmId":7872911862},"geometry":{"type":"Point","coordinates":[78.41481,30.27734]}},{"type":"Feature","properties":{"name":"Manda","kind":"hamlet","population":null,"osmId":7872911863},"geometry":{"type":"Point","coordinates":[78.40479,30.27397]}},{"type":"Feature","properties":{"name":"Paligaon","kind":"hamlet","population":null,"osmId":7872911864},"geometry":{"type":"Point","coordinates":[78.38168,30.2846]}},{"type":"Feature","properties":{"name":"Suir","kind":"hamlet","population":null,"osmId":7872911865},"geometry":{"type":"Point","coordinates":[78.3902,30.28108]}},{"type":"Feature","properties":{"name":"Koti","kind":"hamlet","population":null,"osmId":7872911866},"geometry":{"type":"Point","coordinates":[78.38318,30.27908]}},{"type":"Feature","properties":{"name":"Nala","kind":"hamlet","population":null,"osmId":7872911868},"geometry":{"type":"Point","coordinates":[78.3844,30.28323]}},{"type":"Feature","properties":{"name":"Kakrasari","kind":"hamlet","population":null,"osmId":7872911869},"geometry":{"type":"Point","coordinates":[78.38643,30.28864]}},{"type":"Feature","properties":{"name":"Kuti","kind":"hamlet","population":null,"osmId":7872911870},"geometry":{"type":"Point","coordinates":[78.38865,30.29242]}},{"type":"Feature","properties":{"name":"atali","kind":"hamlet","population":null,"osmId":7872911871},"geometry":{"type":"Point","coordinates":[78.38363,30.29628]}},{"type":"Feature","properties":{"name":"Maun","kind":"hamlet","population":null,"osmId":7872911873},"geometry":{"type":"Point","coordinates":[78.39535,30.30335]}},{"type":"Feature","properties":{"name":"Khatyar","kind":"hamlet","population":null,"osmId":7872911874},"geometry":{"type":"Point","coordinates":[78.38728,30.30417]}},{"type":"Feature","properties":{"name":"Pantnagar","kind":"hamlet","population":null,"osmId":7872911875},"geometry":{"type":"Point","coordinates":[78.40861,30.3121]}},{"type":"Feature","properties":{"name":"Dagri","kind":"hamlet","population":null,"osmId":7872911876},"geometry":{"type":"Point","coordinates":[78.41914,30.31954]}},{"type":"Feature","properties":{"name":"Vid","kind":"hamlet","population":null,"osmId":7872911877},"geometry":{"type":"Point","coordinates":[78.42011,30.31462]}},{"type":"Feature","properties":{"name":"Dowsara","kind":"hamlet","population":null,"osmId":7872911879},"geometry":{"type":"Point","coordinates":[78.44764,30.32134]}},{"type":"Feature","properties":{"name":"palli","kind":"hamlet","population":null,"osmId":7872911880},"geometry":{"type":"Point","coordinates":[78.43303,30.31947]}},{"type":"Feature","properties":{"name":"drgothi","kind":"hamlet","population":null,"osmId":7872911881},"geometry":{"type":"Point","coordinates":[78.43753,30.28694]}},{"type":"Feature","properties":{"name":"mamooya ka Paur","kind":"hamlet","population":null,"osmId":7872911882},"geometry":{"type":"Point","coordinates":[78.42586,30.29278]}},{"type":"Feature","properties":{"name":"Mathyasan","kind":"hamlet","population":null,"osmId":7872921386},"geometry":{"type":"Point","coordinates":[78.45414,30.30521]}},{"type":"Feature","properties":{"name":"Tingri","kind":"hamlet","population":null,"osmId":7872921387},"geometry":{"type":"Point","coordinates":[78.45551,30.2932]}},{"type":"Feature","properties":{"name":"jagathi","kind":"hamlet","population":null,"osmId":7872921388},"geometry":{"type":"Point","coordinates":[78.45865,30.29502]}},{"type":"Feature","properties":{"name":"khandkari","kind":"hamlet","population":null,"osmId":7872921389},"geometry":{"type":"Point","coordinates":[78.45551,30.30091]}},{"type":"Feature","properties":{"name":"Koti math","kind":"hamlet","population":null,"osmId":7872921390},"geometry":{"type":"Point","coordinates":[78.46184,30.30723]}},{"type":"Feature","properties":{"name":"Tungoli","kind":"hamlet","population":null,"osmId":7872921391},"geometry":{"type":"Point","coordinates":[78.45963,30.31821]}},{"type":"Feature","properties":{"name":"Khal","kind":"hamlet","population":null,"osmId":7872921392},"geometry":{"type":"Point","coordinates":[78.45998,30.30487]}},{"type":"Feature","properties":{"name":"Ramolgaon","kind":"hamlet","population":null,"osmId":7872921393},"geometry":{"type":"Point","coordinates":[78.46268,30.31125]}},{"type":"Feature","properties":{"name":"Manda","kind":"hamlet","population":null,"osmId":7872921394},"geometry":{"type":"Point","coordinates":[78.46324,30.32377]}},{"type":"Feature","properties":{"name":"Chhati","kind":"hamlet","population":null,"osmId":7872921395},"geometry":{"type":"Point","coordinates":[78.47448,30.31614]}},{"type":"Feature","properties":{"name":"Bhalli","kind":"hamlet","population":null,"osmId":7872921396},"geometry":{"type":"Point","coordinates":[78.46903,30.3105]}},{"type":"Feature","properties":{"name":"Bajaber","kind":"hamlet","population":null,"osmId":7872921397},"geometry":{"type":"Point","coordinates":[78.47165,30.30598]}},{"type":"Feature","properties":{"name":"Palam","kind":"hamlet","population":null,"osmId":7872921400},"geometry":{"type":"Point","coordinates":[78.48732,30.30606]}},{"type":"Feature","properties":{"name":"dandeli","kind":"hamlet","population":null,"osmId":7872921401},"geometry":{"type":"Point","coordinates":[78.4832,30.31121]}},{"type":"Feature","properties":{"name":"danderi","kind":"hamlet","population":null,"osmId":7872921402},"geometry":{"type":"Point","coordinates":[78.48427,30.3228]}},{"type":"Feature","properties":{"name":"Kyari","kind":"hamlet","population":null,"osmId":7872921403},"geometry":{"type":"Point","coordinates":[78.48564,30.32747]}},{"type":"Feature","properties":{"name":"Dobra","kind":"hamlet","population":null,"osmId":7872921404},"geometry":{"type":"Point","coordinates":[78.48268,30.3344]}},{"type":"Feature","properties":{"name":"Chopra","kind":"hamlet","population":null,"osmId":7872921405},"geometry":{"type":"Point","coordinates":[78.4877,30.34329]}},{"type":"Feature","properties":{"name":"Marh","kind":"hamlet","population":null,"osmId":7872921406},"geometry":{"type":"Point","coordinates":[78.4762,30.34766]}},{"type":"Feature","properties":{"name":"Gargad","kind":"hamlet","population":null,"osmId":7872921407},"geometry":{"type":"Point","coordinates":[78.49064,30.34912]}},{"type":"Feature","properties":{"name":"Godmu","kind":"hamlet","population":null,"osmId":7872921409},"geometry":{"type":"Point","coordinates":[78.43695,30.39161]}},{"type":"Feature","properties":{"name":"Doosari","kind":"hamlet","population":null,"osmId":7872921411},"geometry":{"type":"Point","coordinates":[78.49008,30.3639]}},{"type":"Feature","properties":{"name":"Kulpi","kind":"hamlet","population":null,"osmId":7873054406},"geometry":{"type":"Point","coordinates":[78.48686,30.27728]}},{"type":"Feature","properties":{"name":"kundakhet","kind":"hamlet","population":null,"osmId":7873054407},"geometry":{"type":"Point","coordinates":[78.47182,30.27788]}},{"type":"Feature","properties":{"name":"Kurgoli","kind":"hamlet","population":null,"osmId":7873054408},"geometry":{"type":"Point","coordinates":[78.47757,30.2764]}},{"type":"Feature","properties":{"name":"gwar","kind":"hamlet","population":null,"osmId":7873054420},"geometry":{"type":"Point","coordinates":[78.44773,30.35746]}},{"type":"Feature","properties":{"name":"Kandakhali","kind":"hamlet","population":null,"osmId":7873054421},"geometry":{"type":"Point","coordinates":[78.43987,30.35301]}},{"type":"Feature","properties":{"name":"Bichla Hadam","kind":"hamlet","population":null,"osmId":7873054437},"geometry":{"type":"Point","coordinates":[78.3944,30.35943]}},{"type":"Feature","properties":{"name":"Dandasali","kind":"hamlet","population":null,"osmId":7873054438},"geometry":{"type":"Point","coordinates":[78.40514,30.36494]}},{"type":"Feature","properties":{"name":"Hadam Talla","kind":"hamlet","population":null,"osmId":7873054439},"geometry":{"type":"Point","coordinates":[78.40406,30.36075]}},{"type":"Feature","properties":{"name":"Hadaon","kind":"hamlet","population":null,"osmId":7873054440},"geometry":{"type":"Point","coordinates":[78.3914,30.35332]}},{"type":"Feature","properties":{"name":"Sudhara","kind":"hamlet","population":null,"osmId":7873054441},"geometry":{"type":"Point","coordinates":[78.38089,30.35044]}},{"type":"Feature","properties":{"name":"Jakoth","kind":"hamlet","population":null,"osmId":7873054442},"geometry":{"type":"Point","coordinates":[78.37874,30.34681]}},{"type":"Feature","properties":{"name":"Gaja","kind":"hamlet","population":null,"osmId":7873054444},"geometry":{"type":"Point","coordinates":[78.42226,30.26896]}},{"type":"Feature","properties":{"name":"Kapolgaoo","kind":"hamlet","population":null,"osmId":7873054446},"geometry":{"type":"Point","coordinates":[78.3782,30.27243]}},{"type":"Feature","properties":{"name":"Ampata","kind":"hamlet","population":null,"osmId":7873054447},"geometry":{"type":"Point","coordinates":[78.37943,30.26845]}},{"type":"Feature","properties":{"name":"gaind","kind":"hamlet","population":null,"osmId":7873054448},"geometry":{"type":"Point","coordinates":[78.39642,30.26407]}},{"type":"Feature","properties":{"name":"Timwari","kind":"hamlet","population":null,"osmId":7873054449},"geometry":{"type":"Point","coordinates":[78.40163,30.26657]}},{"type":"Feature","properties":{"name":"gaindi","kind":"hamlet","population":null,"osmId":7873054450},"geometry":{"type":"Point","coordinates":[78.38825,30.2687]}},{"type":"Feature","properties":{"name":"Dadwa","kind":"hamlet","population":null,"osmId":7873054451},"geometry":{"type":"Point","coordinates":[78.39013,30.27161]}},{"type":"Feature","properties":{"name":"Kirthwalgaon","kind":"hamlet","population":null,"osmId":7873054452},"geometry":{"type":"Point","coordinates":[78.44192,30.26378]}},{"type":"Feature","properties":{"name":"Birmangaon","kind":"hamlet","population":null,"osmId":7873054453},"geometry":{"type":"Point","coordinates":[78.44882,30.26429]}},{"type":"Feature","properties":{"name":"Dubakoti","kind":"hamlet","population":null,"osmId":7873054454},"geometry":{"type":"Point","coordinates":[78.4374,30.27412]}},{"type":"Feature","properties":{"name":"Chaurkhet","kind":"hamlet","population":null,"osmId":7873054455},"geometry":{"type":"Point","coordinates":[78.44238,30.27749]}},{"type":"Feature","properties":{"name":"virogi","kind":"hamlet","population":null,"osmId":7873054456},"geometry":{"type":"Point","coordinates":[78.44039,30.27006]}},{"type":"Feature","properties":{"name":"Barsurgaon","kind":"hamlet","population":null,"osmId":7873054457},"geometry":{"type":"Point","coordinates":[78.46057,30.26652]}},{"type":"Feature","properties":{"name":"Bagid","kind":"hamlet","population":null,"osmId":7873054458},"geometry":{"type":"Point","coordinates":[78.45622,30.26626]}},{"type":"Feature","properties":{"name":"Chargaon","kind":"hamlet","population":null,"osmId":7873054459},"geometry":{"type":"Point","coordinates":[78.45406,30.2789]}},{"type":"Feature","properties":{"name":"Phipalti","kind":"hamlet","population":null,"osmId":7873054463},"geometry":{"type":"Point","coordinates":[78.475,30.28864]}},{"type":"Feature","properties":{"name":"kathur","kind":"hamlet","population":null,"osmId":7873054464},"geometry":{"type":"Point","coordinates":[78.4638,30.27145]}},{"type":"Feature","properties":{"name":"Pavalgaon","kind":"hamlet","population":null,"osmId":7873054465},"geometry":{"type":"Point","coordinates":[78.48508,30.26689]}},{"type":"Feature","properties":{"name":"Chamogi","kind":"hamlet","population":null,"osmId":7873054466},"geometry":{"type":"Point","coordinates":[78.47637,30.26941]}},{"type":"Feature","properties":{"name":"Khand","kind":"hamlet","population":null,"osmId":7873054467},"geometry":{"type":"Point","coordinates":[78.47577,30.26327]}},{"type":"Feature","properties":{"name":"Sauntilgaon","kind":"hamlet","population":null,"osmId":7873054468},"geometry":{"type":"Point","coordinates":[78.48772,30.25682]}},{"type":"Feature","properties":{"name":"mangaon","kind":"hamlet","population":null,"osmId":7873054469},"geometry":{"type":"Point","coordinates":[78.4868,30.2543]}},{"type":"Feature","properties":{"name":"Samnarkhoti","kind":"hamlet","population":null,"osmId":7873054470},"geometry":{"type":"Point","coordinates":[78.48088,30.25138]}},{"type":"Feature","properties":{"name":"Dandeli","kind":"hamlet","population":null,"osmId":7873054471},"geometry":{"type":"Point","coordinates":[78.4587,30.25759]}},{"type":"Feature","properties":{"name":"Palogi","kind":"hamlet","population":null,"osmId":7873054472},"geometry":{"type":"Point","coordinates":[78.46062,30.2488]}},{"type":"Feature","properties":{"name":"Bamangaon","kind":"hamlet","population":null,"osmId":7873054473},"geometry":{"type":"Point","coordinates":[78.45504,30.25062]}},{"type":"Feature","properties":{"name":"Andarphiogaon","kind":"hamlet","population":null,"osmId":7873054474},"geometry":{"type":"Point","coordinates":[78.45039,30.2537]}},{"type":"Feature","properties":{"name":"Bhatoni","kind":"hamlet","population":null,"osmId":7873054475},"geometry":{"type":"Point","coordinates":[78.44444,30.25323]}},{"type":"Feature","properties":{"name":"Dabara","kind":"hamlet","population":null,"osmId":7873054476},"geometry":{"type":"Point","coordinates":[78.43957,30.25039]}},{"type":"Feature","properties":{"name":"Bhali","kind":"hamlet","population":null,"osmId":7873054478},"geometry":{"type":"Point","coordinates":[78.43249,30.25946]}},{"type":"Feature","properties":{"name":"Pali","kind":"hamlet","population":null,"osmId":7873054479},"geometry":{"type":"Point","coordinates":[78.43004,30.26298]}},{"type":"Feature","properties":{"name":"Gaunsan","kind":"hamlet","population":null,"osmId":7873054480},"geometry":{"type":"Point","coordinates":[78.42221,30.26329]}},{"type":"Feature","properties":{"name":"Jaikot","kind":"hamlet","population":null,"osmId":7873054481},"geometry":{"type":"Point","coordinates":[78.42125,30.2587]}},{"type":"Feature","properties":{"name":"sera","kind":"hamlet","population":null,"osmId":7874408750},"geometry":{"type":"Point","coordinates":[78.13543,30.4051]}},{"type":"Feature","properties":{"name":"Sahastradhara","kind":"village","population":null,"osmId":7874408752},"geometry":{"type":"Point","coordinates":[78.12982,30.38531]}},{"type":"Feature","properties":{"name":"dhanaula","kind":"village","population":null,"osmId":7874408753},"geometry":{"type":"Point","coordinates":[78.11807,30.38354]}},{"type":"Feature","properties":{"name":"patali","kind":"hamlet","population":null,"osmId":7874408757},"geometry":{"type":"Point","coordinates":[78.13019,30.41074]}},{"type":"Feature","properties":{"name":"kaligad","kind":"hamlet","population":null,"osmId":7874408758},"geometry":{"type":"Point","coordinates":[78.13889,30.40322]}},{"type":"Feature","properties":{"name":"rajrajeshwari","kind":"village","population":null,"osmId":7874408759},"geometry":{"type":"Point","coordinates":[78.13234,30.39925]}},{"type":"Feature","properties":{"name":"silkoti","kind":"hamlet","population":null,"osmId":7874408760},"geometry":{"type":"Point","coordinates":[78.13437,30.39554]}},{"type":"Feature","properties":{"name":"khopariya","kind":"hamlet","population":null,"osmId":7874408761},"geometry":{"type":"Point","coordinates":[78.13388,30.38901]}},{"type":"Feature","properties":{"name":"tachhla","kind":"hamlet","population":null,"osmId":7874408762},"geometry":{"type":"Point","coordinates":[78.16727,30.38029]}},{"type":"Feature","properties":{"name":"sita riwar","kind":"hamlet","population":null,"osmId":7874408763},"geometry":{"type":"Point","coordinates":[78.15451,30.37276]}},{"type":"Feature","properties":{"name":"rangargaon","kind":"hamlet","population":null,"osmId":7874408766},"geometry":{"type":"Point","coordinates":[78.14245,30.37919]}},{"type":"Feature","properties":{"name":"kathyun","kind":"hamlet","population":null,"osmId":7874408768},"geometry":{"type":"Point","coordinates":[78.14927,30.3918]}},{"type":"Feature","properties":{"name":"sarona","kind":"hamlet","population":null,"osmId":7874408770},"geometry":{"type":"Point","coordinates":[78.15798,30.39608]}},{"type":"Feature","properties":{"name":"domgaon","kind":"hamlet","population":null,"osmId":7874408771},"geometry":{"type":"Point","coordinates":[78.15642,30.41064]}},{"type":"Feature","properties":{"name":"bhorkhandi","kind":"hamlet","population":null,"osmId":7874433652},"geometry":{"type":"Point","coordinates":[78.14416,30.36623]}},{"type":"Feature","properties":{"name":"kedwala","kind":"hamlet","population":null,"osmId":7875573501},"geometry":{"type":"Point","coordinates":[78.17307,30.4188]}},{"type":"Feature","properties":{"name":"tal","kind":"hamlet","population":null,"osmId":7875579213},"geometry":{"type":"Point","coordinates":[78.20241,30.38204]}},{"type":"Feature","properties":{"name":"jhamtiyalgaon","kind":"hamlet","population":null,"osmId":7875579215},"geometry":{"type":"Point","coordinates":[78.20232,30.39336]}},{"type":"Feature","properties":{"name":"simyari","kind":"hamlet","population":null,"osmId":7875579218},"geometry":{"type":"Point","coordinates":[78.20539,30.40078]}},{"type":"Feature","properties":{"name":"ranwali","kind":"hamlet","population":null,"osmId":7875579219},"geometry":{"type":"Point","coordinates":[78.20414,30.39939]}},{"type":"Feature","properties":{"name":"chamrol","kind":"hamlet","population":null,"osmId":7875579220},"geometry":{"type":"Point","coordinates":[78.17658,30.39143]}},{"type":"Feature","properties":{"name":"kaphalda","kind":"hamlet","population":null,"osmId":7875579221},"geometry":{"type":"Point","coordinates":[78.18587,30.39663]}},{"type":"Feature","properties":{"name":"phulet","kind":"hamlet","population":null,"osmId":7875579222},"geometry":{"type":"Point","coordinates":[78.1874,30.40177]}},{"type":"Feature","properties":{"name":"kulthana","kind":"hamlet","population":null,"osmId":7875579223},"geometry":{"type":"Point","coordinates":[78.17595,30.40426]}},{"type":"Feature","properties":{"name":"sila","kind":"hamlet","population":null,"osmId":7875579227},"geometry":{"type":"Point","coordinates":[78.19753,30.41223]}},{"type":"Feature","properties":{"name":"kaphalta","kind":"hamlet","population":null,"osmId":7875579228},"geometry":{"type":"Point","coordinates":[78.18788,30.41723]}},{"type":"Feature","properties":{"name":"tunetha","kind":"hamlet","population":null,"osmId":7875593299},"geometry":{"type":"Point","coordinates":[78.20846,30.3721]}},{"type":"Feature","properties":{"name":"sila","kind":"hamlet","population":null,"osmId":7875593301},"geometry":{"type":"Point","coordinates":[78.17443,30.36313]}},{"type":"Feature","properties":{"name":"gheria","kind":"hamlet","population":null,"osmId":7875593304},"geometry":{"type":"Point","coordinates":[78.19459,30.37544]}},{"type":"Feature","properties":{"name":"chulistan","kind":"hamlet","population":null,"osmId":7875660274},"geometry":{"type":"Point","coordinates":[78.24527,30.41684]}},{"type":"Feature","properties":{"name":"bhamarkhal","kind":"hamlet","population":null,"osmId":7875660275},"geometry":{"type":"Point","coordinates":[78.23106,30.41784]}},{"type":"Feature","properties":{"name":"bhainsiyan","kind":"hamlet","population":null,"osmId":7875669309},"geometry":{"type":"Point","coordinates":[78.21142,30.37958]}},{"type":"Feature","properties":{"name":"bhutsi","kind":"hamlet","population":null,"osmId":7875669313},"geometry":{"type":"Point","coordinates":[78.21119,30.39533]}},{"type":"Feature","properties":{"name":"kardar","kind":"hamlet","population":null,"osmId":7875669314},"geometry":{"type":"Point","coordinates":[78.23179,30.39354]}},{"type":"Feature","properties":{"name":"chhoti gad","kind":"hamlet","population":null,"osmId":7875669316},"geometry":{"type":"Point","coordinates":[78.2332,30.40108]}},{"type":"Feature","properties":{"name":"jhalki","kind":"hamlet","population":null,"osmId":7875669318},"geometry":{"type":"Point","coordinates":[78.2443,30.4028]}},{"type":"Feature","properties":{"name":"kyara","kind":"hamlet","population":null,"osmId":7875669320},"geometry":{"type":"Point","coordinates":[78.21644,30.40591]}},{"type":"Feature","properties":{"name":"Goth","kind":"hamlet","population":null,"osmId":7875669322},"geometry":{"type":"Point","coordinates":[78.22461,30.40393]}},{"type":"Feature","properties":{"name":"khetu","kind":"hamlet","population":null,"osmId":7875669323},"geometry":{"type":"Point","coordinates":[78.2359,30.40604]}},{"type":"Feature","properties":{"name":"chorgarh","kind":"hamlet","population":null,"osmId":7875669326},"geometry":{"type":"Point","coordinates":[78.24706,30.41312]}},{"type":"Feature","properties":{"name":"Kairwangaon","kind":"hamlet","population":null,"osmId":7876329587},"geometry":{"type":"Point","coordinates":[78.10233,30.40556]}},{"type":"Feature","properties":{"name":"bashwalgaon","kind":"hamlet","population":null,"osmId":7876329589},"geometry":{"type":"Point","coordinates":[78.11908,30.4108]}},{"type":"Feature","properties":{"name":"rainiwala","kind":"hamlet","population":null,"osmId":7876381324},"geometry":{"type":"Point","coordinates":[78.11623,30.34879]}},{"type":"Feature","properties":{"name":"karmalda","kind":"hamlet","population":null,"osmId":7876381326},"geometry":{"type":"Point","coordinates":[78.13618,30.34365]}},{"type":"Feature","properties":{"name":"sripur","kind":"hamlet","population":null,"osmId":7876381327},"geometry":{"type":"Point","coordinates":[78.13967,30.3442]}},{"type":"Feature","properties":{"name":"narayanpur","kind":"hamlet","population":null,"osmId":7876381336},"geometry":{"type":"Point","coordinates":[78.15223,30.33918]}},{"type":"Feature","properties":{"name":"nihaldanda","kind":"hamlet","population":null,"osmId":7876381337},"geometry":{"type":"Point","coordinates":[78.1613,30.33797]}},{"type":"Feature","properties":{"name":"loarkha","kind":"hamlet","population":null,"osmId":7876381339},"geometry":{"type":"Point","coordinates":[78.15045,30.3507]}},{"type":"Feature","properties":{"name":"bauta","kind":"hamlet","population":null,"osmId":7876381340},"geometry":{"type":"Point","coordinates":[78.13107,30.3618]}},{"type":"Feature","properties":{"name":"bhupal","kind":"village","population":null,"osmId":7884439199},"geometry":{"type":"Point","coordinates":[78.15073,30.26214]}},{"type":"Feature","properties":{"name":"sirwalgarn","kind":"village","population":null,"osmId":7884439200},"geometry":{"type":"Point","coordinates":[78.14912,30.28129]}},{"type":"Feature","properties":{"name":"simbalwala","kind":"hamlet","population":null,"osmId":7884439202},"geometry":{"type":"Point","coordinates":[78.13514,30.28895]}},{"type":"Feature","properties":{"name":"saura jodhpur","kind":"hamlet","population":null,"osmId":7884439203},"geometry":{"type":"Point","coordinates":[78.12899,30.29706]}},{"type":"Feature","properties":{"name":"saura saroli","kind":"village","population":null,"osmId":7884439204},"geometry":{"type":"Point","coordinates":[78.12906,30.29205]}},{"type":"Feature","properties":{"name":"saura dwara","kind":"hamlet","population":null,"osmId":7884439205},"geometry":{"type":"Point","coordinates":[78.1261,30.30142]}},{"type":"Feature","properties":{"name":"akhrani","kind":"hamlet","population":null,"osmId":7884439206},"geometry":{"type":"Point","coordinates":[78.1645,30.29734]}},{"type":"Feature","properties":{"name":"bhilang","kind":"hamlet","population":null,"osmId":7884439207},"geometry":{"type":"Point","coordinates":[78.16274,30.30109]}},{"type":"Feature","properties":{"name":"sakrao khala","kind":"hamlet","population":null,"osmId":7884439209},"geometry":{"type":"Point","coordinates":[78.14161,30.29927]}},{"type":"Feature","properties":{"name":"kandi","kind":"hamlet","population":null,"osmId":7884439212},"geometry":{"type":"Point","coordinates":[78.13442,30.30502]}},{"type":"Feature","properties":{"name":"baghat","kind":"hamlet","population":null,"osmId":7884439216},"geometry":{"type":"Point","coordinates":[78.15403,30.31397]}},{"type":"Feature","properties":{"name":"joliyan","kind":"hamlet","population":null,"osmId":7884439217},"geometry":{"type":"Point","coordinates":[78.15589,30.30683]}},{"type":"Feature","properties":{"name":"borsi","kind":"hamlet","population":null,"osmId":7884439218},"geometry":{"type":"Point","coordinates":[78.14625,30.31485]}},{"type":"Feature","properties":{"name":"bangaon","kind":"hamlet","population":null,"osmId":7884439219},"geometry":{"type":"Point","coordinates":[78.1439,30.31741]}},{"type":"Feature","properties":{"name":"biniyal","kind":"hamlet","population":null,"osmId":7884439221},"geometry":{"type":"Point","coordinates":[78.12311,30.33413]}},{"type":"Feature","properties":{"name":"dwara","kind":"hamlet","population":null,"osmId":7884439222},"geometry":{"type":"Point","coordinates":[78.13202,30.32258]}},{"type":"Feature","properties":{"name":"samoli","kind":"hamlet","population":null,"osmId":7884439224},"geometry":{"type":"Point","coordinates":[78.14067,30.3198]}},{"type":"Feature","properties":{"name":"kund","kind":"hamlet","population":null,"osmId":7884439225},"geometry":{"type":"Point","coordinates":[78.15024,30.31888]}},{"type":"Feature","properties":{"name":"dubra","kind":"hamlet","population":null,"osmId":7884439227},"geometry":{"type":"Point","coordinates":[78.16108,30.32856]}},{"type":"Feature","properties":{"name":"mahendrapur","kind":"hamlet","population":null,"osmId":7884439228},"geometry":{"type":"Point","coordinates":[78.1482,30.33052]}},{"type":"Feature","properties":{"name":"dhaulagiri","kind":"hamlet","population":null,"osmId":7884467264},"geometry":{"type":"Point","coordinates":[78.17837,30.34671]}},{"type":"Feature","properties":{"name":"khetu","kind":"hamlet","population":null,"osmId":7884467265},"geometry":{"type":"Point","coordinates":[78.17122,30.3486]}},{"type":"Feature","properties":{"name":"pasni","kind":"hamlet","population":null,"osmId":7884488772},"geometry":{"type":"Point","coordinates":[78.24533,30.29215]}},{"type":"Feature","properties":{"name":"haldwari","kind":"hamlet","population":null,"osmId":7884488775},"geometry":{"type":"Point","coordinates":[78.22976,30.29057]}},{"type":"Feature","properties":{"name":"banderna khurd","kind":"hamlet","population":null,"osmId":7884488777},"geometry":{"type":"Point","coordinates":[78.21757,30.27434]}},{"type":"Feature","properties":{"name":"banderna kalan","kind":"hamlet","population":null,"osmId":7884488778},"geometry":{"type":"Point","coordinates":[78.22197,30.27063]}},{"type":"Feature","properties":{"name":"nahi kalan","kind":"hamlet","population":null,"osmId":7884488779},"geometry":{"type":"Point","coordinates":[78.23465,30.2639]}},{"type":"Feature","properties":{"name":"nahi khurd","kind":"hamlet","population":null,"osmId":7884488781},"geometry":{"type":"Point","coordinates":[78.24172,30.26364]}},{"type":"Feature","properties":{"name":"kairwangaon","kind":"hamlet","population":null,"osmId":7884488782},"geometry":{"type":"Point","coordinates":[78.24356,30.25543]}},{"type":"Feature","properties":{"name":"sindhwalgaon","kind":"hamlet","population":null,"osmId":7884488783},"geometry":{"type":"Point","coordinates":[78.22901,30.25239]}},{"type":"Feature","properties":{"name":"kothi","kind":"hamlet","population":null,"osmId":7884499754},"geometry":{"type":"Point","coordinates":[78.20664,30.30371]}},{"type":"Feature","properties":{"name":"paled","kind":"hamlet","population":null,"osmId":7884499757},"geometry":{"type":"Point","coordinates":[78.1961,30.29292]}},{"type":"Feature","properties":{"name":"niuni","kind":"hamlet","population":null,"osmId":7884499760},"geometry":{"type":"Point","coordinates":[78.17405,30.29806]}},{"type":"Feature","properties":{"name":"hitaswali","kind":"hamlet","population":null,"osmId":7884499761},"geometry":{"type":"Point","coordinates":[78.17237,30.30274]}},{"type":"Feature","properties":{"name":"sondana","kind":"hamlet","population":null,"osmId":7884499763},"geometry":{"type":"Point","coordinates":[78.18265,30.30395]}},{"type":"Feature","properties":{"name":"kharangaon","kind":"hamlet","population":null,"osmId":7884499766},"geometry":{"type":"Point","coordinates":[78.1725,30.3107]}},{"type":"Feature","properties":{"name":"jaintwari","kind":"hamlet","population":null,"osmId":7884499770},"geometry":{"type":"Point","coordinates":[78.16972,30.31723]}},{"type":"Feature","properties":{"name":"muriagaon","kind":"hamlet","population":null,"osmId":7884499771},"geometry":{"type":"Point","coordinates":[78.19152,30.32358]}},{"type":"Feature","properties":{"name":"gawalidande","kind":"hamlet","population":null,"osmId":7884499772},"geometry":{"type":"Point","coordinates":[78.19876,30.3198]}},{"type":"Feature","properties":{"name":"chiphaldi","kind":"hamlet","population":null,"osmId":7884499773},"geometry":{"type":"Point","coordinates":[78.18232,30.32188]}},{"type":"Feature","properties":{"name":"kokliyalgaon","kind":"hamlet","population":null,"osmId":7884499775},"geometry":{"type":"Point","coordinates":[78.1697,30.32931]}},{"type":"Feature","properties":{"name":"barasi","kind":"village","population":null,"osmId":7884530789},"geometry":{"type":"Point","coordinates":[78.16865,30.25538]}},{"type":"Feature","properties":{"name":"simiand","kind":"hamlet","population":null,"osmId":7884530790},"geometry":{"type":"Point","coordinates":[78.20645,30.26531]}},{"type":"Feature","properties":{"name":"katkor","kind":"hamlet","population":null,"osmId":7884530791},"geometry":{"type":"Point","coordinates":[78.19999,30.26789]}},{"type":"Feature","properties":{"name":"dharkot","kind":"hamlet","population":null,"osmId":7884530793},"geometry":{"type":"Point","coordinates":[78.20553,30.27119]}},{"type":"Feature","properties":{"name":"garh","kind":"hamlet","population":null,"osmId":7884530794},"geometry":{"type":"Point","coordinates":[78.20807,30.28446]}},{"type":"Feature","properties":{"name":"tungoli","kind":"hamlet","population":null,"osmId":7884530795},"geometry":{"type":"Point","coordinates":[78.20743,30.28072]}},{"type":"Feature","properties":{"name":"talai","kind":"hamlet","population":null,"osmId":7884530796},"geometry":{"type":"Point","coordinates":[78.19385,30.27801]}},{"type":"Feature","properties":{"name":"ghaisain","kind":"hamlet","population":null,"osmId":7884530797},"geometry":{"type":"Point","coordinates":[78.18759,30.2753]}},{"type":"Feature","properties":{"name":"chittaur","kind":"hamlet","population":null,"osmId":7884530798},"geometry":{"type":"Point","coordinates":[78.17667,30.26891]}},{"type":"Feature","properties":{"name":"godi","kind":"hamlet","population":null,"osmId":7884554887},"geometry":{"type":"Point","coordinates":[78.22156,30.26009]}},{"type":"Feature","properties":{"name":"pokhri","kind":"hamlet","population":null,"osmId":7884554888},"geometry":{"type":"Point","coordinates":[78.21329,30.26008]}},{"type":"Feature","properties":{"name":"thal","kind":"hamlet","population":null,"osmId":7884554889},"geometry":{"type":"Point","coordinates":[78.20869,30.26278]}},{"type":"Feature","properties":{"name":"kendanda","kind":"hamlet","population":null,"osmId":7884560831},"geometry":{"type":"Point","coordinates":[78.21433,30.31815]}},{"type":"Feature","properties":{"name":"aralgaon","kind":"hamlet","population":null,"osmId":7884560835},"geometry":{"type":"Point","coordinates":[78.22966,30.3108]}},{"type":"Feature","properties":{"name":"sera","kind":"hamlet","population":null,"osmId":7884560837},"geometry":{"type":"Point","coordinates":[78.23314,30.30408]}},{"type":"Feature","properties":{"name":"rangalgaon","kind":"hamlet","population":null,"osmId":7884560839},"geometry":{"type":"Point","coordinates":[78.21592,30.31066]}},{"type":"Feature","properties":{"name":"ladwakot","kind":"hamlet","population":null,"osmId":7884560841},"geometry":{"type":"Point","coordinates":[78.21623,30.30092]}},{"type":"Feature","properties":{"name":"marura","kind":"hamlet","population":null,"osmId":7884608099},"geometry":{"type":"Point","coordinates":[78.24512,30.3616]}},{"type":"Feature","properties":{"name":"satengal","kind":"hamlet","population":null,"osmId":7884608102},"geometry":{"type":"Point","coordinates":[78.21725,30.35431]}},{"type":"Feature","properties":{"name":"ringalgarh","kind":"hamlet","population":null,"osmId":7884608103},"geometry":{"type":"Point","coordinates":[78.23472,30.35244]}},{"type":"Feature","properties":{"name":"darwa","kind":"hamlet","population":null,"osmId":7884608105},"geometry":{"type":"Point","coordinates":[78.23778,30.34225]}},{"type":"Feature","properties":{"name":"hatwalgaon","kind":"hamlet","population":null,"osmId":7884608106},"geometry":{"type":"Point","coordinates":[78.24381,30.34045]}},{"type":"Feature","properties":{"name":"darak","kind":"hamlet","population":null,"osmId":7884608107},"geometry":{"type":"Point","coordinates":[78.22699,30.34168]}},{"type":"Feature","properties":{"name":"Pyanthali","kind":"hamlet","population":null,"osmId":7886507852},"geometry":{"type":"Point","coordinates":[78.4226,30.20838]}},{"type":"Feature","properties":{"name":"Gogani","kind":"hamlet","population":null,"osmId":7886507859},"geometry":{"type":"Point","coordinates":[78.44219,30.23235]}},{"type":"Feature","properties":{"name":"Phalsari","kind":"hamlet","population":null,"osmId":7886507861},"geometry":{"type":"Point","coordinates":[78.42213,30.24847]}},{"type":"Feature","properties":{"name":"Chhidwan","kind":"hamlet","population":null,"osmId":7886507862},"geometry":{"type":"Point","coordinates":[78.417,30.23916]}},{"type":"Feature","properties":{"name":"Chauri","kind":"hamlet","population":null,"osmId":7886507864},"geometry":{"type":"Point","coordinates":[78.44155,30.24481]}},{"type":"Feature","properties":{"name":"Lawabdara","kind":"hamlet","population":null,"osmId":7886507865},"geometry":{"type":"Point","coordinates":[78.44517,30.24201]}},{"type":"Feature","properties":{"name":"Kandarigaon","kind":"hamlet","population":null,"osmId":7886507866},"geometry":{"type":"Point","coordinates":[78.45084,30.24808]}},{"type":"Feature","properties":{"name":"Thanyul","kind":"hamlet","population":null,"osmId":7886507867},"geometry":{"type":"Point","coordinates":[78.45622,30.24316]}},{"type":"Feature","properties":{"name":"Amsari","kind":"hamlet","population":null,"osmId":7886507868},"geometry":{"type":"Point","coordinates":[78.46974,30.24061]}},{"type":"Feature","properties":{"name":"Maldhar","kind":"hamlet","population":null,"osmId":7886507869},"geometry":{"type":"Point","coordinates":[78.46581,30.24231]}},{"type":"Feature","properties":{"name":"Kot","kind":"hamlet","population":null,"osmId":7886507870},"geometry":{"type":"Point","coordinates":[78.47236,30.24669]}},{"type":"Feature","properties":{"name":"Payalgaon","kind":"hamlet","population":null,"osmId":7886507871},"geometry":{"type":"Point","coordinates":[78.47903,30.24368]}},{"type":"Feature","properties":{"name":"Banatu Ka Gaon","kind":"hamlet","population":null,"osmId":7886507872},"geometry":{"type":"Point","coordinates":[78.47918,30.23148]}},{"type":"Feature","properties":{"name":"Goni Ka Marara","kind":"hamlet","population":null,"osmId":7886507873},"geometry":{"type":"Point","coordinates":[78.48274,30.2296]}},{"type":"Feature","properties":{"name":"Gumalgaon","kind":"hamlet","population":null,"osmId":7886507874},"geometry":{"type":"Point","coordinates":[78.48537,30.23749]}},{"type":"Feature","properties":{"name":"Lawgaon","kind":"hamlet","population":null,"osmId":7886507875},"geometry":{"type":"Point","coordinates":[78.49238,30.23782]}},{"type":"Feature","properties":{"name":"Kirara","kind":"hamlet","population":null,"osmId":7886507876},"geometry":{"type":"Point","coordinates":[78.49227,30.23399]}},{"type":"Feature","properties":{"name":"Kemsur","kind":"hamlet","population":null,"osmId":7886507877},"geometry":{"type":"Point","coordinates":[78.48768,30.22577]}},{"type":"Feature","properties":{"name":"Saundari","kind":"hamlet","population":null,"osmId":7886507878},"geometry":{"type":"Point","coordinates":[78.49279,30.228]}},{"type":"Feature","properties":{"name":"Sain","kind":"hamlet","population":null,"osmId":7886624336},"geometry":{"type":"Point","coordinates":[78.43492,30.16689]}},{"type":"Feature","properties":{"name":"Berni Badi","kind":"hamlet","population":null,"osmId":7886624337},"geometry":{"type":"Point","coordinates":[78.39183,30.23378]}},{"type":"Feature","properties":{"name":"Berni Choti","kind":"hamlet","population":null,"osmId":7886624338},"geometry":{"type":"Point","coordinates":[78.39715,30.23805]}},{"type":"Feature","properties":{"name":"Shivpuri","kind":"hamlet","population":null,"osmId":7886624339},"geometry":{"type":"Point","coordinates":[78.39217,30.13808]}},{"type":"Feature","properties":{"name":"Khaneti","kind":"hamlet","population":null,"osmId":7886624340},"geometry":{"type":"Point","coordinates":[78.4156,30.16624]}},{"type":"Feature","properties":{"name":"Timli","kind":"hamlet","population":null,"osmId":7886624341},"geometry":{"type":"Point","coordinates":[78.41187,30.15426]}},{"type":"Feature","properties":{"name":"Tail","kind":"hamlet","population":null,"osmId":7886624342},"geometry":{"type":"Point","coordinates":[78.40749,30.14806]}},{"type":"Feature","properties":{"name":"Kota","kind":"hamlet","population":null,"osmId":7886624344},"geometry":{"type":"Point","coordinates":[78.41024,30.12232]}},{"type":"Feature","properties":{"name":"Phulari","kind":"hamlet","population":null,"osmId":7886624345},"geometry":{"type":"Point","coordinates":[78.40575,30.12306]}},{"type":"Feature","properties":{"name":"Dhunargaon","kind":"hamlet","population":null,"osmId":7886624346},"geometry":{"type":"Point","coordinates":[78.38975,30.11886]}},{"type":"Feature","properties":{"name":"Khagori","kind":"hamlet","population":null,"osmId":7886624347},"geometry":{"type":"Point","coordinates":[78.37466,30.13058]}},{"type":"Feature","properties":{"name":"Baral","kind":"village","population":null,"osmId":7886624349},"geometry":{"type":"Point","coordinates":[78.37994,30.14498]}},{"type":"Feature","properties":{"name":"Chauk","kind":"hamlet","population":null,"osmId":7886624350},"geometry":{"type":"Point","coordinates":[78.39056,30.15305]}},{"type":"Feature","properties":{"name":"Kathiya","kind":"hamlet","population":null,"osmId":7886624351},"geometry":{"type":"Point","coordinates":[78.37166,30.1527]}},{"type":"Feature","properties":{"name":"Lamdhar","kind":"hamlet","population":null,"osmId":7886624353},"geometry":{"type":"Point","coordinates":[78.39088,30.16717]}},{"type":"Feature","properties":{"name":"Naudu","kind":"hamlet","population":null,"osmId":7886624354},"geometry":{"type":"Point","coordinates":[78.37878,30.17771]}},{"type":"Feature","properties":{"name":"Pungad","kind":"hamlet","population":null,"osmId":7886624355},"geometry":{"type":"Point","coordinates":[78.39,30.18487]}},{"type":"Feature","properties":{"name":"Naudu","kind":"hamlet","population":null,"osmId":7886624356},"geometry":{"type":"Point","coordinates":[78.38388,30.18409]}},{"type":"Feature","properties":{"name":"Gauri Danda","kind":"hamlet","population":null,"osmId":7886624357},"geometry":{"type":"Point","coordinates":[78.39751,30.19196]}},{"type":"Feature","properties":{"name":"Badhan","kind":"hamlet","population":null,"osmId":7886624358},"geometry":{"type":"Point","coordinates":[78.39672,30.19395]}},{"type":"Feature","properties":{"name":"Talain Malli","kind":"hamlet","population":null,"osmId":7886624359},"geometry":{"type":"Point","coordinates":[78.38571,30.19631]}},{"type":"Feature","properties":{"name":"Talain Talli","kind":"hamlet","population":null,"osmId":7886624360},"geometry":{"type":"Point","coordinates":[78.38187,30.20399]}},{"type":"Feature","properties":{"name":"Pasar","kind":"hamlet","population":null,"osmId":7886624362},"geometry":{"type":"Point","coordinates":[78.39992,30.20451]}},{"type":"Feature","properties":{"name":"Kyark","kind":"hamlet","population":null,"osmId":7886624363},"geometry":{"type":"Point","coordinates":[78.39919,30.20937]}},{"type":"Feature","properties":{"name":"Pokhri","kind":"hamlet","population":null,"osmId":7886624364},"geometry":{"type":"Point","coordinates":[78.39434,30.21103]}},{"type":"Feature","properties":{"name":"Banali Talli","kind":"hamlet","population":null,"osmId":7886624365},"geometry":{"type":"Point","coordinates":[78.39962,30.21821]}},{"type":"Feature","properties":{"name":"Banal","kind":"hamlet","population":null,"osmId":7886624366},"geometry":{"type":"Point","coordinates":[78.39172,30.22123]}},{"type":"Feature","properties":{"name":"Palogi","kind":"hamlet","population":null,"osmId":7886624367},"geometry":{"type":"Point","coordinates":[78.39252,30.21886]}},{"type":"Feature","properties":{"name":"Amol","kind":"hamlet","population":null,"osmId":7886624368},"geometry":{"type":"Point","coordinates":[78.3867,30.21528]}},{"type":"Feature","properties":{"name":"Odara","kind":"hamlet","population":null,"osmId":7886624369},"geometry":{"type":"Point","coordinates":[78.38048,30.22023]}},{"type":"Feature","properties":{"name":"Tamoli","kind":"hamlet","population":null,"osmId":7886624370},"geometry":{"type":"Point","coordinates":[78.38166,30.22692]}},{"type":"Feature","properties":{"name":"Raundeli","kind":"hamlet","population":null,"osmId":7886624371},"geometry":{"type":"Point","coordinates":[78.38063,30.23163]}},{"type":"Feature","properties":{"name":"Hadisera","kind":"hamlet","population":null,"osmId":7886624372},"geometry":{"type":"Point","coordinates":[78.37162,30.23686]}},{"type":"Feature","properties":{"name":"Sunargaon","kind":"hamlet","population":null,"osmId":7886624373},"geometry":{"type":"Point","coordinates":[78.38637,30.24406]}},{"type":"Feature","properties":{"name":"Mansera","kind":"hamlet","population":null,"osmId":7886624374},"geometry":{"type":"Point","coordinates":[78.38024,30.24758]}},{"type":"Feature","properties":{"name":"Adwani","kind":"village","population":null,"osmId":7886624375},"geometry":{"type":"Point","coordinates":[78.39245,30.2472]}},{"type":"Feature","properties":{"name":"Kala","kind":"hamlet","population":null,"osmId":7886624376},"geometry":{"type":"Point","coordinates":[78.40668,30.24656]}},{"type":"Feature","properties":{"name":"Bon","kind":"hamlet","population":null,"osmId":7886624377},"geometry":{"type":"Point","coordinates":[78.41417,30.24611]}},{"type":"Feature","properties":{"name":"Tamiyar","kind":"hamlet","population":null,"osmId":7886624378},"geometry":{"type":"Point","coordinates":[78.40504,30.22651]}},{"type":"Feature","properties":{"name":"Kathurgaon","kind":"hamlet","population":null,"osmId":7886624379},"geometry":{"type":"Point","coordinates":[78.3993,30.22733]}},{"type":"Feature","properties":{"name":"Kothdi","kind":"hamlet","population":null,"osmId":7886624380},"geometry":{"type":"Point","coordinates":[78.39056,30.2275]}},{"type":"Feature","properties":{"name":"Sera","kind":"hamlet","population":null,"osmId":7886624381},"geometry":{"type":"Point","coordinates":[78.4094,30.22596]}},{"type":"Feature","properties":{"name":"Chhar Gad","kind":"hamlet","population":null,"osmId":7886624384},"geometry":{"type":"Point","coordinates":[78.46719,30.20436]}},{"type":"Feature","properties":{"name":"Pangad","kind":"hamlet","population":null,"osmId":7886655685},"geometry":{"type":"Point","coordinates":[78.46457,30.19277]}},{"type":"Feature","properties":{"name":"Kotar","kind":"hamlet","population":null,"osmId":7886655686},"geometry":{"type":"Point","coordinates":[78.46124,30.19572]}},{"type":"Feature","properties":{"name":"Sainbhagenti","kind":"hamlet","population":null,"osmId":7886655687},"geometry":{"type":"Point","coordinates":[78.45083,30.18761]}},{"type":"Feature","properties":{"name":"Bhangla","kind":"hamlet","population":null,"osmId":7886655688},"geometry":{"type":"Point","coordinates":[78.4626,30.18681]}},{"type":"Feature","properties":{"name":"Gheradhar","kind":"hamlet","population":null,"osmId":7886655689},"geometry":{"type":"Point","coordinates":[78.45676,30.18514]}},{"type":"Feature","properties":{"name":"Kakhur","kind":"hamlet","population":null,"osmId":7886655690},"geometry":{"type":"Point","coordinates":[78.45706,30.17197]}},{"type":"Feature","properties":{"name":"Patia","kind":"hamlet","population":null,"osmId":7886655691},"geometry":{"type":"Point","coordinates":[78.44429,30.17667]}},{"type":"Feature","properties":{"name":"Amari","kind":"hamlet","population":null,"osmId":7886655692},"geometry":{"type":"Point","coordinates":[78.43721,30.18307]}},{"type":"Feature","properties":{"name":"Mathesera","kind":"hamlet","population":null,"osmId":7886655693},"geometry":{"type":"Point","coordinates":[78.44144,30.18657]}},{"type":"Feature","properties":{"name":"Tilban","kind":"hamlet","population":null,"osmId":7886655694},"geometry":{"type":"Point","coordinates":[78.43937,30.19103]}},{"type":"Feature","properties":{"name":"Timli Tolki Nala","kind":"hamlet","population":null,"osmId":7886655695},"geometry":{"type":"Point","coordinates":[78.41054,30.17826]}},{"type":"Feature","properties":{"name":"Jawanutol","kind":"hamlet","population":null,"osmId":7886655696},"geometry":{"type":"Point","coordinates":[78.40372,30.18097]}},{"type":"Feature","properties":{"name":"Manjyari","kind":"hamlet","population":null,"osmId":7886655697},"geometry":{"type":"Point","coordinates":[78.41865,30.18674]}},{"type":"Feature","properties":{"name":"Katal","kind":"hamlet","population":null,"osmId":7886655698},"geometry":{"type":"Point","coordinates":[78.4251,30.19177]}},{"type":"Feature","properties":{"name":"Kundaliya","kind":"hamlet","population":null,"osmId":7886655699},"geometry":{"type":"Point","coordinates":[78.41769,30.19974]}},{"type":"Feature","properties":{"name":"Mathyali","kind":"hamlet","population":null,"osmId":7886655700},"geometry":{"type":"Point","coordinates":[78.42341,30.19512]}},{"type":"Feature","properties":{"name":"Parshpani","kind":"hamlet","population":null,"osmId":7886655701},"geometry":{"type":"Point","coordinates":[78.42638,30.20304]}},{"type":"Feature","properties":{"name":"Kua","kind":"hamlet","population":null,"osmId":7886655702},"geometry":{"type":"Point","coordinates":[78.44539,30.19458]}},{"type":"Feature","properties":{"name":"Kyara","kind":"hamlet","population":null,"osmId":7886655703},"geometry":{"type":"Point","coordinates":[78.45292,30.20057]}},{"type":"Feature","properties":{"name":"Jamola","kind":"hamlet","population":null,"osmId":7886655704},"geometry":{"type":"Point","coordinates":[78.45667,30.20521]}},{"type":"Feature","properties":{"name":"Anetha","kind":"hamlet","population":null,"osmId":7886655705},"geometry":{"type":"Point","coordinates":[78.44526,30.2089]}},{"type":"Feature","properties":{"name":"Bagwan","kind":"hamlet","population":null,"osmId":7886719413},"geometry":{"type":"Point","coordinates":[78.44054,30.11794]}},{"type":"Feature","properties":{"name":"Khaglia","kind":"hamlet","population":null,"osmId":7886719414},"geometry":{"type":"Point","coordinates":[78.42442,30.12137]}},{"type":"Feature","properties":{"name":"Gal","kind":"hamlet","population":null,"osmId":7886719416},"geometry":{"type":"Point","coordinates":[78.44049,30.12728]}},{"type":"Feature","properties":{"name":"Kakhil","kind":"village","population":null,"osmId":7886719417},"geometry":{"type":"Point","coordinates":[78.45461,30.13563]}},{"type":"Feature","properties":{"name":"Chameli","kind":"hamlet","population":null,"osmId":7886719418},"geometry":{"type":"Point","coordinates":[78.43889,30.13791]}},{"type":"Feature","properties":{"name":"Bhatia","kind":"hamlet","population":null,"osmId":7886719420},"geometry":{"type":"Point","coordinates":[78.41987,30.14275]}},{"type":"Feature","properties":{"name":"Bansktal","kind":"village","population":null,"osmId":7886755227},"geometry":{"type":"Point","coordinates":[78.48611,30.18475]}},{"type":"Feature","properties":{"name":"Kwi Gad","kind":"hamlet","population":null,"osmId":7886755228},"geometry":{"type":"Point","coordinates":[78.47882,30.1706]}},{"type":"Feature","properties":{"name":"Tipri","kind":"hamlet","population":null,"osmId":7886755229},"geometry":{"type":"Point","coordinates":[78.4691,30.1708]}},{"type":"Feature","properties":{"name":"Sain Gadna","kind":"hamlet","population":null,"osmId":7886755232},"geometry":{"type":"Point","coordinates":[78.48763,30.17198]}},{"type":"Feature","properties":{"name":"Bhairgad","kind":"hamlet","population":null,"osmId":7886755233},"geometry":{"type":"Point","coordinates":[78.49324,30.17366]}},{"type":"Feature","properties":{"name":"Jand","kind":"hamlet","population":null,"osmId":7886755236},"geometry":{"type":"Point","coordinates":[78.49395,30.13442]}},{"type":"Feature","properties":{"name":"Ghyugar","kind":"hamlet","population":null,"osmId":7886755237},"geometry":{"type":"Point","coordinates":[78.48742,30.15429]}},{"type":"Feature","properties":{"name":"Chopra","kind":"hamlet","population":null,"osmId":7886755238},"geometry":{"type":"Point","coordinates":[78.47715,30.15503]}},{"type":"Feature","properties":{"name":"Pajaingaon","kind":"hamlet","population":null,"osmId":7886755239},"geometry":{"type":"Point","coordinates":[78.47729,30.14626]}},{"type":"Feature","properties":{"name":"Bairgaon","kind":"hamlet","population":null,"osmId":7886755240},"geometry":{"type":"Point","coordinates":[78.46487,30.14426]}},{"type":"Feature","properties":{"name":"Silkani","kind":"village","population":null,"osmId":7886755241},"geometry":{"type":"Point","coordinates":[78.46684,30.15414]}},{"type":"Feature","properties":{"name":"Bagi","kind":"hamlet","population":null,"osmId":7886755242},"geometry":{"type":"Point","coordinates":[78.47592,30.13939]}},{"type":"Feature","properties":{"name":"Naigaon","kind":"hamlet","population":null,"osmId":7886755243},"geometry":{"type":"Point","coordinates":[78.4803,30.13832]}},{"type":"Feature","properties":{"name":"Naigaon","kind":"hamlet","population":null,"osmId":7886755246},"geometry":{"type":"Point","coordinates":[78.47908,30.129]}},{"type":"Feature","properties":{"name":"Chaundli","kind":"village","population":null,"osmId":7886755247},"geometry":{"type":"Point","coordinates":[78.47367,30.12208]}},{"type":"Feature","properties":{"name":"Jamun","kind":"hamlet","population":null,"osmId":7886755248},"geometry":{"type":"Point","coordinates":[78.463,30.12128]}},{"type":"Feature","properties":{"name":"Itharna","kind":"hamlet","population":null,"osmId":7886990216},"geometry":{"type":"Point","coordinates":[78.27134,30.24374]}},{"type":"Feature","properties":{"name":"Chaldgaon","kind":"hamlet","population":null,"osmId":7886990218},"geometry":{"type":"Point","coordinates":[78.31999,30.24179]}},{"type":"Feature","properties":{"name":"Kasmoli","kind":"hamlet","population":null,"osmId":7886990219},"geometry":{"type":"Point","coordinates":[78.32681,30.23701]}},{"type":"Feature","properties":{"name":"Badera","kind":"hamlet","population":null,"osmId":7886990220},"geometry":{"type":"Point","coordinates":[78.31917,30.23034]}},{"type":"Feature","properties":{"name":"Kakhil","kind":"hamlet","population":null,"osmId":7886990221},"geometry":{"type":"Point","coordinates":[78.30814,30.23363]}},{"type":"Feature","properties":{"name":"Berdhal","kind":"hamlet","population":null,"osmId":7886990222},"geometry":{"type":"Point","coordinates":[78.30407,30.22414]}},{"type":"Feature","properties":{"name":"Dewli","kind":"hamlet","population":null,"osmId":7886990224},"geometry":{"type":"Point","coordinates":[78.2931,30.22182]}},{"type":"Feature","properties":{"name":"Karki","kind":"hamlet","population":null,"osmId":7886990225},"geometry":{"type":"Point","coordinates":[78.29576,30.22081]}},{"type":"Feature","properties":{"name":"Berakharak","kind":"hamlet","population":null,"osmId":7886990228},"geometry":{"type":"Point","coordinates":[78.26206,30.20941]}},{"type":"Feature","properties":{"name":"Nawakot","kind":"hamlet","population":null,"osmId":7886990229},"geometry":{"type":"Point","coordinates":[78.25096,30.21272]}},{"type":"Feature","properties":{"name":"Kol","kind":"hamlet","population":null,"osmId":7886990230},"geometry":{"type":"Point","coordinates":[78.25006,30.20002]}},{"type":"Feature","properties":{"name":"Kodarna","kind":"hamlet","population":null,"osmId":7886990231},"geometry":{"type":"Point","coordinates":[78.26066,30.19712]}},{"type":"Feature","properties":{"name":"Ghera","kind":"hamlet","population":null,"osmId":7886990232},"geometry":{"type":"Point","coordinates":[78.26044,30.20048]}},{"type":"Feature","properties":{"name":"Amendi","kind":"hamlet","population":null,"osmId":7886990233},"geometry":{"type":"Point","coordinates":[78.26778,30.20621]}},{"type":"Feature","properties":{"name":"Kund","kind":"hamlet","population":null,"osmId":7886990234},"geometry":{"type":"Point","coordinates":[78.27909,30.20664]}},{"type":"Feature","properties":{"name":"Kaljoti","kind":"hamlet","population":null,"osmId":7886990235},"geometry":{"type":"Point","coordinates":[78.27551,30.20028]}},{"type":"Feature","properties":{"name":"Haud","kind":"hamlet","population":null,"osmId":7886990236},"geometry":{"type":"Point","coordinates":[78.28493,30.19905]}},{"type":"Feature","properties":{"name":"Tandil","kind":"hamlet","population":null,"osmId":7886990238},"geometry":{"type":"Point","coordinates":[78.29051,30.20944]}},{"type":"Feature","properties":{"name":"Bhitali","kind":"hamlet","population":null,"osmId":7886990239},"geometry":{"type":"Point","coordinates":[78.28735,30.20549]}},{"type":"Feature","properties":{"name":"Mundasev","kind":"hamlet","population":null,"osmId":7886990240},"geometry":{"type":"Point","coordinates":[78.29797,30.20623]}},{"type":"Feature","properties":{"name":"Daukard","kind":"hamlet","population":null,"osmId":7886990241},"geometry":{"type":"Point","coordinates":[78.29958,30.20185]}},{"type":"Feature","properties":{"name":"Bhainsark","kind":"hamlet","population":null,"osmId":7886990242},"geometry":{"type":"Point","coordinates":[78.30641,30.19709]}},{"type":"Feature","properties":{"name":"Kanda","kind":"hamlet","population":null,"osmId":7886990243},"geometry":{"type":"Point","coordinates":[78.3181,30.20208]}},{"type":"Feature","properties":{"name":"Gwar","kind":"hamlet","population":null,"osmId":7886990244},"geometry":{"type":"Point","coordinates":[78.31284,30.20499]}},{"type":"Feature","properties":{"name":"Syur","kind":"hamlet","population":null,"osmId":7886990245},"geometry":{"type":"Point","coordinates":[78.31769,30.21074]}},{"type":"Feature","properties":{"name":"Kharagad","kind":"hamlet","population":null,"osmId":7886990246},"geometry":{"type":"Point","coordinates":[78.31595,30.21534]}},{"type":"Feature","properties":{"name":"Phart","kind":"hamlet","population":null,"osmId":7886990247},"geometry":{"type":"Point","coordinates":[78.30553,30.21517]}},{"type":"Feature","properties":{"name":"Badeda Malla","kind":"hamlet","population":null,"osmId":7886990248},"geometry":{"type":"Point","coordinates":[78.31586,30.22425]}},{"type":"Feature","properties":{"name":"Saldogi","kind":"hamlet","population":null,"osmId":7886990249},"geometry":{"type":"Point","coordinates":[78.31718,30.22681]}},{"type":"Feature","properties":{"name":"Bhengarki","kind":"hamlet","population":null,"osmId":7886990250},"geometry":{"type":"Point","coordinates":[78.32643,30.2217]}},{"type":"Feature","properties":{"name":"agar","kind":"hamlet","population":null,"osmId":7886990251},"geometry":{"type":"Point","coordinates":[78.33421,30.2193]}},{"type":"Feature","properties":{"name":"Gaithal","kind":"hamlet","population":null,"osmId":7886990252},"geometry":{"type":"Point","coordinates":[78.33692,30.21215]}},{"type":"Feature","properties":{"name":"Bhinnu","kind":"hamlet","population":null,"osmId":7886990253},"geometry":{"type":"Point","coordinates":[78.33456,30.22594]}},{"type":"Feature","properties":{"name":"Bhingarki","kind":"hamlet","population":null,"osmId":7886990254},"geometry":{"type":"Point","coordinates":[78.34475,30.21973]}},{"type":"Feature","properties":{"name":"Chilogi","kind":"hamlet","population":null,"osmId":7886990255},"geometry":{"type":"Point","coordinates":[78.34436,30.21834]}},{"type":"Feature","properties":{"name":"Chilogikhal","kind":"hamlet","population":null,"osmId":7886990256},"geometry":{"type":"Point","coordinates":[78.35005,30.21832]}},{"type":"Feature","properties":{"name":"Janglet","kind":"hamlet","population":null,"osmId":7886990257},"geometry":{"type":"Point","coordinates":[78.34518,30.22605]}},{"type":"Feature","properties":{"name":"Dhauryani","kind":"hamlet","population":null,"osmId":7886990258},"geometry":{"type":"Point","coordinates":[78.35602,30.22186]}},{"type":"Feature","properties":{"name":"Katkot","kind":"hamlet","population":null,"osmId":7886990259},"geometry":{"type":"Point","coordinates":[78.34838,30.23603]}},{"type":"Feature","properties":{"name":"Bhaintari","kind":"hamlet","population":null,"osmId":7886990260},"geometry":{"type":"Point","coordinates":[78.35505,30.23506]}},{"type":"Feature","properties":{"name":"Simlet","kind":"hamlet","population":null,"osmId":7886990261},"geometry":{"type":"Point","coordinates":[78.35705,30.24044]}},{"type":"Feature","properties":{"name":"Tachhla","kind":"hamlet","population":null,"osmId":7886990262},"geometry":{"type":"Point","coordinates":[78.36269,30.24398]}},{"type":"Feature","properties":{"name":"Malas","kind":"hamlet","population":null,"osmId":7886990263},"geometry":{"type":"Point","coordinates":[78.3585,30.24669]}},{"type":"Feature","properties":{"name":"Ghasera","kind":"hamlet","population":null,"osmId":7886990264},"geometry":{"type":"Point","coordinates":[78.36571,30.23423]}},{"type":"Feature","properties":{"name":"Bhagori","kind":"hamlet","population":null,"osmId":7886990265},"geometry":{"type":"Point","coordinates":[78.36775,30.23017]}},{"type":"Feature","properties":{"name":"Wasi","kind":"hamlet","population":null,"osmId":7886990266},"geometry":{"type":"Point","coordinates":[78.3676,30.22767]}},{"type":"Feature","properties":{"name":"Damgaon","kind":"hamlet","population":null,"osmId":7886990267},"geometry":{"type":"Point","coordinates":[78.37185,30.24368]}},{"type":"Feature","properties":{"name":"Chamolgaon","kind":"hamlet","population":null,"osmId":7887076732},"geometry":{"type":"Point","coordinates":[78.336,30.17785]}},{"type":"Feature","properties":{"name":"Sarswar","kind":"hamlet","population":null,"osmId":7887076733},"geometry":{"type":"Point","coordinates":[78.3323,30.17949]}},{"type":"Feature","properties":{"name":"Adali","kind":"hamlet","population":null,"osmId":7887076734},"geometry":{"type":"Point","coordinates":[78.32967,30.18071]}},{"type":"Feature","properties":{"name":"Kheradhar","kind":"hamlet","population":null,"osmId":7887076735},"geometry":{"type":"Point","coordinates":[78.32427,30.18111]}},{"type":"Feature","properties":{"name":"Kheragad","kind":"hamlet","population":null,"osmId":7887076736},"geometry":{"type":"Point","coordinates":[78.31816,30.18247]}},{"type":"Feature","properties":{"name":"Banali","kind":"hamlet","population":null,"osmId":7887076737},"geometry":{"type":"Point","coordinates":[78.32464,30.18652]}},{"type":"Feature","properties":{"name":"Dwaldhar","kind":"hamlet","population":null,"osmId":7887076738},"geometry":{"type":"Point","coordinates":[78.32166,30.19447]}},{"type":"Feature","properties":{"name":"Danda","kind":"hamlet","population":null,"osmId":7887076739},"geometry":{"type":"Point","coordinates":[78.32836,30.19696]}},{"type":"Feature","properties":{"name":"Pilri","kind":"hamlet","population":null,"osmId":7887076740},"geometry":{"type":"Point","coordinates":[78.32851,30.19076]}},{"type":"Feature","properties":{"name":"Mugwar","kind":"hamlet","population":null,"osmId":7887076741},"geometry":{"type":"Point","coordinates":[78.33608,30.19028]}},{"type":"Feature","properties":{"name":"Chopra","kind":"hamlet","population":null,"osmId":7887076745},"geometry":{"type":"Point","coordinates":[78.2907,30.19162]}},{"type":"Feature","properties":{"name":"Saroli","kind":"hamlet","population":null,"osmId":7887076746},"geometry":{"type":"Point","coordinates":[78.29848,30.19181]}},{"type":"Feature","properties":{"name":"Dagar","kind":"village","population":null,"osmId":7887076748},"geometry":{"type":"Point","coordinates":[78.29102,30.17873]}},{"type":"Feature","properties":{"name":"Bagargaon","kind":"hamlet","population":null,"osmId":7887076749},"geometry":{"type":"Point","coordinates":[78.30132,30.17821]}},{"type":"Feature","properties":{"name":"Kunjapur","kind":"hamlet","population":null,"osmId":7887076750},"geometry":{"type":"Point","coordinates":[78.31443,30.17412]}},{"type":"Feature","properties":{"name":"Pater","kind":"hamlet","population":null,"osmId":7887076751},"geometry":{"type":"Point","coordinates":[78.31997,30.16995]}},{"type":"Feature","properties":{"name":"Barkot","kind":"hamlet","population":null,"osmId":7887076752},"geometry":{"type":"Point","coordinates":[78.3133,30.1651]}},{"type":"Feature","properties":{"name":"Kumharkhera","kind":"hamlet","population":null,"osmId":7887076753},"geometry":{"type":"Point","coordinates":[78.30304,30.1612]}},{"type":"Feature","properties":{"name":"Kinwani","kind":"hamlet","population":null,"osmId":7887076754},"geometry":{"type":"Point","coordinates":[78.29596,30.15479]}},{"type":"Feature","properties":{"name":"Oni","kind":"hamlet","population":null,"osmId":7887076755},"geometry":{"type":"Point","coordinates":[78.26613,30.15081]}},{"type":"Feature","properties":{"name":"Daun","kind":"hamlet","population":null,"osmId":7887076756},"geometry":{"type":"Point","coordinates":[78.28693,30.17054]}},{"type":"Feature","properties":{"name":"Talain","kind":"hamlet","population":null,"osmId":7887076757},"geometry":{"type":"Point","coordinates":[78.27767,30.16962]}},{"type":"Feature","properties":{"name":"Guirara","kind":"hamlet","population":null,"osmId":7887076758},"geometry":{"type":"Point","coordinates":[78.26967,30.18488]}},{"type":"Feature","properties":{"name":"Talla Kodana","kind":"hamlet","population":null,"osmId":7887076759},"geometry":{"type":"Point","coordinates":[78.26298,30.18917]}},{"type":"Feature","properties":{"name":"Manki","kind":"hamlet","population":null,"osmId":7887076760},"geometry":{"type":"Point","coordinates":[78.25141,30.2226]}},{"type":"Feature","properties":{"name":"Madsi","kind":"hamlet","population":null,"osmId":7887076761},"geometry":{"type":"Point","coordinates":[78.26802,30.22917]}},{"type":"Feature","properties":{"name":"Bamet","kind":"hamlet","population":null,"osmId":7887076763},"geometry":{"type":"Point","coordinates":[78.25184,30.23338]}},{"type":"Feature","properties":{"name":"Palsara","kind":"hamlet","population":null,"osmId":7887157121},"geometry":{"type":"Point","coordinates":[78.29465,30.14348]}},{"type":"Feature","properties":{"name":"Ghughatyani Malli","kind":"hamlet","population":null,"osmId":7887157122},"geometry":{"type":"Point","coordinates":[78.31527,30.14121]}},{"type":"Feature","properties":{"name":"Dhoulsot","kind":"hamlet","population":null,"osmId":7887157123},"geometry":{"type":"Point","coordinates":[78.31516,30.14769]}},{"type":"Feature","properties":{"name":"Chhareni","kind":"hamlet","population":null,"osmId":7887157124},"geometry":{"type":"Point","coordinates":[78.30857,30.155]}},{"type":"Feature","properties":{"name":"Pathaur","kind":"hamlet","population":null,"osmId":7887157125},"geometry":{"type":"Point","coordinates":[78.30862,30.13563]}},{"type":"Feature","properties":{"name":"Nirgad","kind":"hamlet","population":null,"osmId":7887157126},"geometry":{"type":"Point","coordinates":[78.34718,30.13902]}},{"type":"Feature","properties":{"name":"Kyarki","kind":"hamlet","population":null,"osmId":7887157127},"geometry":{"type":"Point","coordinates":[78.35162,30.13941]}},{"type":"Feature","properties":{"name":"Kodarna","kind":"hamlet","population":null,"osmId":7887157128},"geometry":{"type":"Point","coordinates":[78.32243,30.16275]}},{"type":"Feature","properties":{"name":"Dharkot","kind":"hamlet","population":null,"osmId":7887157129},"geometry":{"type":"Point","coordinates":[78.33001,30.15923]}},{"type":"Feature","properties":{"name":"Koli","kind":"hamlet","population":null,"osmId":7887157130},"geometry":{"type":"Point","coordinates":[78.33568,30.16368]}},{"type":"Feature","properties":{"name":"Juddi","kind":"hamlet","population":null,"osmId":7887157131},"geometry":{"type":"Point","coordinates":[78.35793,30.15973]}},{"type":"Feature","properties":{"name":"Kakhur","kind":"hamlet","population":null,"osmId":7887157132},"geometry":{"type":"Point","coordinates":[78.35222,30.16082]}},{"type":"Feature","properties":{"name":"Kothli","kind":"hamlet","population":null,"osmId":7887157133},"geometry":{"type":"Point","coordinates":[78.34754,30.15847]}},{"type":"Feature","properties":{"name":"Nir","kind":"hamlet","population":null,"osmId":7887157134},"geometry":{"type":"Point","coordinates":[78.3417,30.15691]}},{"type":"Feature","properties":{"name":"Kur","kind":"hamlet","population":null,"osmId":7887157136},"geometry":{"type":"Point","coordinates":[78.34679,30.14748]}},{"type":"Feature","properties":{"name":"Kusram","kind":"hamlet","population":null,"osmId":7887157137},"geometry":{"type":"Point","coordinates":[78.35329,30.15021]}},{"type":"Feature","properties":{"name":"Bhiret","kind":"hamlet","population":null,"osmId":7887157138},"geometry":{"type":"Point","coordinates":[78.36007,30.15307]}},{"type":"Feature","properties":{"name":"Dandala","kind":"hamlet","population":null,"osmId":7887157139},"geometry":{"type":"Point","coordinates":[78.36726,30.16145]}},{"type":"Feature","properties":{"name":"Rakhara","kind":"hamlet","population":null,"osmId":7887157140},"geometry":{"type":"Point","coordinates":[78.36443,30.1708]}},{"type":"Feature","properties":{"name":"Bandriam","kind":"hamlet","population":null,"osmId":7887157142},"geometry":{"type":"Point","coordinates":[78.35665,30.17492]}},{"type":"Feature","properties":{"name":"Kotali","kind":"hamlet","population":null,"osmId":7887157143},"geometry":{"type":"Point","coordinates":[78.35117,30.17535]}},{"type":"Feature","properties":{"name":"Jakhani","kind":"hamlet","population":null,"osmId":7887157144},"geometry":{"type":"Point","coordinates":[78.34128,30.16989]}},{"type":"Feature","properties":{"name":"Kandar","kind":"hamlet","population":null,"osmId":7887157145},"geometry":{"type":"Point","coordinates":[78.34568,30.17285]}},{"type":"Feature","properties":{"name":"Bhengarki Talli","kind":"hamlet","population":null,"osmId":7887157146},"geometry":{"type":"Point","coordinates":[78.32783,30.17336]}},{"type":"Feature","properties":{"name":"Devaldhar","kind":"hamlet","population":null,"osmId":7887157147},"geometry":{"type":"Point","coordinates":[78.33276,30.1745]}},{"type":"Feature","properties":{"name":"Dhapou","kind":"hamlet","population":null,"osmId":7887157148},"geometry":{"type":"Point","coordinates":[78.33893,30.17578]}},{"type":"Feature","properties":{"name":"Simret","kind":"hamlet","population":null,"osmId":7887160927},"geometry":{"type":"Point","coordinates":[78.27823,30.23223]}},{"type":"Feature","properties":{"name":"Khemat","kind":"hamlet","population":null,"osmId":7887160928},"geometry":{"type":"Point","coordinates":[78.27845,30.22978]}},{"type":"Feature","properties":{"name":"Garbari","kind":"hamlet","population":null,"osmId":7887160929},"geometry":{"type":"Point","coordinates":[78.2857,30.23664]}},{"type":"Feature","properties":{"name":"Chhichhami","kind":"hamlet","population":null,"osmId":7887160930},"geometry":{"type":"Point","coordinates":[78.29016,30.23356]}},{"type":"Feature","properties":{"name":"Kharangaon","kind":"hamlet","population":null,"osmId":7887543641},"geometry":{"type":"Point","coordinates":[78.3799,30.09153]}},{"type":"Feature","properties":{"name":"Simalkhat","kind":"hamlet","population":null,"osmId":7887543642},"geometry":{"type":"Point","coordinates":[78.37153,30.10123]}},{"type":"Feature","properties":{"name":"Kharodi","kind":"hamlet","population":null,"osmId":7887543643},"geometry":{"type":"Point","coordinates":[78.37996,30.09912]}},{"type":"Feature","properties":{"name":"Pastora","kind":"hamlet","population":null,"osmId":7887543644},"geometry":{"type":"Point","coordinates":[78.38622,30.09639]}},{"type":"Feature","properties":{"name":"Palyalgaon","kind":"hamlet","population":null,"osmId":7887543645},"geometry":{"type":"Point","coordinates":[78.40342,30.10348]}},{"type":"Feature","properties":{"name":"Pulani","kind":"hamlet","population":null,"osmId":7887543646},"geometry":{"type":"Point","coordinates":[78.40958,30.11593]}},{"type":"Feature","properties":{"name":"Gular Dogi","kind":"hamlet","population":null,"osmId":7887543647},"geometry":{"type":"Point","coordinates":[78.43614,30.11722]}},{"type":"Feature","properties":{"name":"Kunir Gad","kind":"hamlet","population":null,"osmId":7887543648},"geometry":{"type":"Point","coordinates":[78.4444,30.09917]}},{"type":"Feature","properties":{"name":"Kandasu Gad","kind":"hamlet","population":null,"osmId":7887543649},"geometry":{"type":"Point","coordinates":[78.43957,30.09693]}},{"type":"Feature","properties":{"name":"Sirasu","kind":"hamlet","population":null,"osmId":7887543650},"geometry":{"type":"Point","coordinates":[78.42979,30.10873]}},{"type":"Feature","properties":{"name":"Wilogi","kind":"hamlet","population":null,"osmId":7887543652},"geometry":{"type":"Point","coordinates":[78.44612,30.11367]}},{"type":"Feature","properties":{"name":"Gattu Gad","kind":"hamlet","population":null,"osmId":7887543653},"geometry":{"type":"Point","coordinates":[78.45159,30.1166]}},{"type":"Feature","properties":{"name":"Devi Danda","kind":"hamlet","population":null,"osmId":7887543654},"geometry":{"type":"Point","coordinates":[78.46016,30.09798]}},{"type":"Feature","properties":{"name":"Lorsi","kind":"hamlet","population":null,"osmId":7887543655},"geometry":{"type":"Point","coordinates":[78.45693,30.10771]}},{"type":"Feature","properties":{"name":"Badir","kind":"hamlet","population":null,"osmId":7887543656},"geometry":{"type":"Point","coordinates":[78.48412,30.08478]}},{"type":"Feature","properties":{"name":"Daindh","kind":"hamlet","population":null,"osmId":7887543657},"geometry":{"type":"Point","coordinates":[78.49663,30.09453]}},{"type":"Feature","properties":{"name":"Bugala","kind":"hamlet","population":null,"osmId":7887543658},"geometry":{"type":"Point","coordinates":[78.4862,30.10018]}},{"type":"Feature","properties":{"name":"Gangalsi","kind":"hamlet","population":null,"osmId":7887543659},"geometry":{"type":"Point","coordinates":[78.48122,30.09598]}},{"type":"Feature","properties":{"name":"Nasogi","kind":"hamlet","population":null,"osmId":7887543660},"geometry":{"type":"Point","coordinates":[78.47897,30.10168]}},{"type":"Feature","properties":{"name":"Mundala","kind":"hamlet","population":null,"osmId":7887543661},"geometry":{"type":"Point","coordinates":[78.4735,30.10704]}},{"type":"Feature","properties":{"name":"Mandiyargaon","kind":"hamlet","population":null,"osmId":7887543662},"geometry":{"type":"Point","coordinates":[78.47659,30.11363]}},{"type":"Feature","properties":{"name":"Godi","kind":"hamlet","population":null,"osmId":7888622577},"geometry":{"type":"Point","coordinates":[78.48251,30.00294]}},{"type":"Feature","properties":{"name":"Baldwan","kind":"hamlet","population":null,"osmId":7888622579},"geometry":{"type":"Point","coordinates":[78.48933,30.00572]}},{"type":"Feature","properties":{"name":"Diwa","kind":"hamlet","population":null,"osmId":7888622580},"geometry":{"type":"Point","coordinates":[78.49706,30.01097]}},{"type":"Feature","properties":{"name":"Dhanunar","kind":"hamlet","population":null,"osmId":7888622581},"geometry":{"type":"Point","coordinates":[78.49371,30.02433]}},{"type":"Feature","properties":{"name":"Uchchar","kind":"hamlet","population":null,"osmId":7888622582},"geometry":{"type":"Point","coordinates":[78.4942,30.01549]}},{"type":"Feature","properties":{"name":"Dhasi","kind":"hamlet","population":null,"osmId":7888622583},"geometry":{"type":"Point","coordinates":[78.48641,30.01799]}},{"type":"Feature","properties":{"name":"Amsain","kind":"hamlet","population":null,"osmId":7888622584},"geometry":{"type":"Point","coordinates":[78.46699,30.01197]}},{"type":"Feature","properties":{"name":"Jaskot","kind":"hamlet","population":null,"osmId":7888665185},"geometry":{"type":"Point","coordinates":[78.45985,30.01869]}},{"type":"Feature","properties":{"name":"Shirkot","kind":"hamlet","population":null,"osmId":7888665186},"geometry":{"type":"Point","coordinates":[78.46953,30.02158]}},{"type":"Feature","properties":{"name":"Bargid","kind":"hamlet","population":null,"osmId":7888665187},"geometry":{"type":"Point","coordinates":[78.4813,30.02809]}},{"type":"Feature","properties":{"name":"Kauriala","kind":"hamlet","population":null,"osmId":7888665190},"geometry":{"type":"Point","coordinates":[78.49457,30.07775]}},{"type":"Feature","properties":{"name":"Manjilgaon","kind":"hamlet","population":null,"osmId":7888665192},"geometry":{"type":"Point","coordinates":[78.45324,30.07554]}},{"type":"Feature","properties":{"name":"Kandarasain","kind":"hamlet","population":null,"osmId":7888665194},"geometry":{"type":"Point","coordinates":[78.47165,30.07087]}},{"type":"Feature","properties":{"name":"Singtal","kind":"hamlet","population":null,"osmId":7888665195},"geometry":{"type":"Point","coordinates":[78.48457,30.06297]}},{"type":"Feature","properties":{"name":"Mahadev Dhar","kind":"hamlet","population":null,"osmId":7888665197},"geometry":{"type":"Point","coordinates":[78.49993,30.05563]}},{"type":"Feature","properties":{"name":"Jair Chhota","kind":"hamlet","population":null,"osmId":7888665198},"geometry":{"type":"Point","coordinates":[78.49365,30.05619]}},{"type":"Feature","properties":{"name":"Jair Bhara","kind":"hamlet","population":null,"osmId":7888665199},"geometry":{"type":"Point","coordinates":[78.48326,30.04904]}},{"type":"Feature","properties":{"name":"Ranagarh","kind":"hamlet","population":null,"osmId":7888665200},"geometry":{"type":"Point","coordinates":[78.4893,30.0526]}},{"type":"Feature","properties":{"name":"Kula","kind":"hamlet","population":null,"osmId":7888665201},"geometry":{"type":"Point","coordinates":[78.49077,30.04163]}},{"type":"Feature","properties":{"name":"Khaira","kind":"hamlet","population":null,"osmId":7888665202},"geometry":{"type":"Point","coordinates":[78.4753,30.04161]}},{"type":"Feature","properties":{"name":"Nand Talla","kind":"hamlet","population":null,"osmId":7888665203},"geometry":{"type":"Point","coordinates":[78.47015,30.05557]}},{"type":"Feature","properties":{"name":"Nand Malla","kind":"hamlet","population":null,"osmId":7888665204},"geometry":{"type":"Point","coordinates":[78.46386,30.05236]}},{"type":"Feature","properties":{"name":"Kind","kind":"hamlet","population":null,"osmId":7888665205},"geometry":{"type":"Point","coordinates":[78.45324,30.05734]}},{"type":"Feature","properties":{"name":"Uchchakot","kind":"hamlet","population":null,"osmId":7888665206},"geometry":{"type":"Point","coordinates":[78.45361,30.05136]}},{"type":"Feature","properties":{"name":"Bari Bijani","kind":"hamlet","population":null,"osmId":7888665213},"geometry":{"type":"Point","coordinates":[78.418,30.06226]}},{"type":"Feature","properties":{"name":"Nakurohi","kind":"hamlet","population":null,"osmId":7888665214},"geometry":{"type":"Point","coordinates":[78.44056,30.0685]}},{"type":"Feature","properties":{"name":"Serainala","kind":"hamlet","population":null,"osmId":7888665215},"geometry":{"type":"Point","coordinates":[78.43097,30.08542]}},{"type":"Feature","properties":{"name":"Bansani","kind":"hamlet","population":null,"osmId":7888665216},"geometry":{"type":"Point","coordinates":[78.42148,30.09076]}},{"type":"Feature","properties":{"name":"Mala","kind":"hamlet","population":null,"osmId":7888665217},"geometry":{"type":"Point","coordinates":[78.4098,30.08938]}},{"type":"Feature","properties":{"name":"Jinguikhal","kind":"hamlet","population":null,"osmId":7888719786},"geometry":{"type":"Point","coordinates":[78.45785,30.04781]}},{"type":"Feature","properties":{"name":"Jukala","kind":"hamlet","population":null,"osmId":7888719788},"geometry":{"type":"Point","coordinates":[78.43898,30.03192]}},{"type":"Feature","properties":{"name":"Salani","kind":"hamlet","population":null,"osmId":7888719789},"geometry":{"type":"Point","coordinates":[78.4479,30.03042]}},{"type":"Feature","properties":{"name":"Sind","kind":"hamlet","population":null,"osmId":7888719790},"geometry":{"type":"Point","coordinates":[78.45142,30.0197]}},{"type":"Feature","properties":{"name":"Saur","kind":"hamlet","population":null,"osmId":7888719791},"geometry":{"type":"Point","coordinates":[78.4482,30.02132]}},{"type":"Feature","properties":{"name":"Jamnie","kind":"hamlet","population":null,"osmId":7888719792},"geometry":{"type":"Point","coordinates":[78.44401,30.01636]}},{"type":"Feature","properties":{"name":"Godyara","kind":"hamlet","population":null,"osmId":7888719793},"geometry":{"type":"Point","coordinates":[78.39284,30.04265]}},{"type":"Feature","properties":{"name":"Khera Talla","kind":"hamlet","population":null,"osmId":7888719794},"geometry":{"type":"Point","coordinates":[78.38168,30.01558]}},{"type":"Feature","properties":{"name":"Khera Malla","kind":"hamlet","population":null,"osmId":7888719795},"geometry":{"type":"Point","coordinates":[78.38323,30.01988]}},{"type":"Feature","properties":{"name":"Binak","kind":"hamlet","population":null,"osmId":7888719796},"geometry":{"type":"Point","coordinates":[78.39615,30.03026]}},{"type":"Feature","properties":{"name":"Patli","kind":"hamlet","population":null,"osmId":7888719797},"geometry":{"type":"Point","coordinates":[78.38794,30.02707]}},{"type":"Feature","properties":{"name":"Nail","kind":"hamlet","population":null,"osmId":7888719798},"geometry":{"type":"Point","coordinates":[78.38524,30.03204]}},{"type":"Feature","properties":{"name":"Natura","kind":"hamlet","population":null,"osmId":7888719799},"geometry":{"type":"Point","coordinates":[78.37355,30.03249]}},{"type":"Feature","properties":{"name":"Phaldakot","kind":"hamlet","population":null,"osmId":7888719800},"geometry":{"type":"Point","coordinates":[78.3746,30.03669]}},{"type":"Feature","properties":{"name":"Kandwalgaon","kind":"hamlet","population":null,"osmId":7888719801},"geometry":{"type":"Point","coordinates":[78.3728,30.04042]}},{"type":"Feature","properties":{"name":"Kkretidhar","kind":"hamlet","population":null,"osmId":7888719802},"geometry":{"type":"Point","coordinates":[78.37756,30.04411]}},{"type":"Feature","properties":{"name":"Jogyana","kind":"hamlet","population":null,"osmId":7888719803},"geometry":{"type":"Point","coordinates":[78.40056,30.07506]}},{"type":"Feature","properties":{"name":"Tilwaigaon","kind":"hamlet","population":null,"osmId":7888719804},"geometry":{"type":"Point","coordinates":[78.39065,30.07977]}},{"type":"Feature","properties":{"name":"Mohanchatti","kind":"hamlet","population":null,"osmId":7888719806},"geometry":{"type":"Point","coordinates":[78.38713,30.06302]}},{"type":"Feature","properties":{"name":"Mahadevsen","kind":"hamlet","population":null,"osmId":7888719807},"geometry":{"type":"Point","coordinates":[78.38172,30.06867]}},{"type":"Feature","properties":{"name":"Bheldunga","kind":"hamlet","population":null,"osmId":7888719809},"geometry":{"type":"Point","coordinates":[78.36986,30.05613]}},{"type":"Feature","properties":{"name":"Ukhli","kind":"hamlet","population":null,"osmId":7888719811},"geometry":{"type":"Point","coordinates":[78.38635,30.05756]}},{"type":"Feature","properties":{"name":"Santankatal","kind":"hamlet","population":null,"osmId":7888719812},"geometry":{"type":"Point","coordinates":[78.39423,30.05873]}},{"type":"Feature","properties":{"name":"Kapurkata","kind":"hamlet","population":null,"osmId":7888719813},"geometry":{"type":"Point","coordinates":[78.40388,30.06108]}},{"type":"Feature","properties":{"name":"Kumartha","kind":"hamlet","population":null,"osmId":7888719814},"geometry":{"type":"Point","coordinates":[78.40233,30.05643]}},{"type":"Feature","properties":{"name":"Sinduri","kind":"hamlet","population":null,"osmId":7888719816},"geometry":{"type":"Point","coordinates":[78.39174,30.05041]}},{"type":"Feature","properties":{"name":"Birkatal","kind":"hamlet","population":null,"osmId":7888719817},"geometry":{"type":"Point","coordinates":[78.40305,30.04661]}},{"type":"Feature","properties":{"name":"Musrali","kind":"hamlet","population":null,"osmId":7888719818},"geometry":{"type":"Point","coordinates":[78.41078,30.05193]}},{"type":"Feature","properties":{"name":"Gadan","kind":"hamlet","population":null,"osmId":7888719819},"geometry":{"type":"Point","coordinates":[78.4165,30.05236]}},{"type":"Feature","properties":{"name":"Nail","kind":"hamlet","population":null,"osmId":7888719820},"geometry":{"type":"Point","coordinates":[78.42591,30.04351]}},{"type":"Feature","properties":{"name":"Gujrara","kind":"hamlet","population":null,"osmId":7888719821},"geometry":{"type":"Point","coordinates":[78.42777,30.04031]}},{"type":"Feature","properties":{"name":"Gaikhal","kind":"hamlet","population":null,"osmId":7888719822},"geometry":{"type":"Point","coordinates":[78.4262,30.02849]}},{"type":"Feature","properties":{"name":"Bonga","kind":"hamlet","population":null,"osmId":7888719823},"geometry":{"type":"Point","coordinates":[78.41646,30.03791]}},{"type":"Feature","properties":{"name":"Mangaliyagaon","kind":"hamlet","population":null,"osmId":7888719824},"geometry":{"type":"Point","coordinates":[78.40548,30.03904]}},{"type":"Feature","properties":{"name":"Daun","kind":"hamlet","population":null,"osmId":7888719825},"geometry":{"type":"Point","coordinates":[78.40198,30.03419]}},{"type":"Feature","properties":{"name":"Binak","kind":"hamlet","population":null,"osmId":7888719826},"geometry":{"type":"Point","coordinates":[78.40248,30.03005]}},{"type":"Feature","properties":{"name":"Pokhral","kind":"hamlet","population":null,"osmId":7888719827},"geometry":{"type":"Point","coordinates":[78.39415,30.03253]}},{"type":"Feature","properties":{"name":"Daurana","kind":"hamlet","population":null,"osmId":7888719828},"geometry":{"type":"Point","coordinates":[78.40952,30.02939]}},{"type":"Feature","properties":{"name":"Magatha","kind":"hamlet","population":null,"osmId":7888719829},"geometry":{"type":"Point","coordinates":[78.40702,30.02673]}},{"type":"Feature","properties":{"name":"Mahadevpuri","kind":"hamlet","population":null,"osmId":7888719830},"geometry":{"type":"Point","coordinates":[78.40361,30.02435]}},{"type":"Feature","properties":{"name":"Daketa","kind":"hamlet","population":null,"osmId":7888719831},"geometry":{"type":"Point","coordinates":[78.42676,30.02082]}},{"type":"Feature","properties":{"name":"Haldukhal","kind":"hamlet","population":null,"osmId":7888719832},"geometry":{"type":"Point","coordinates":[78.4376,30.01895]}},{"type":"Feature","properties":{"name":"Sigeddi","kind":"hamlet","population":null,"osmId":7888719833},"geometry":{"type":"Point","coordinates":[78.42349,30.01861]}},{"type":"Feature","properties":{"name":"Kharduna","kind":"hamlet","population":null,"osmId":7888719834},"geometry":{"type":"Point","coordinates":[78.41769,30.01188]}},{"type":"Feature","properties":{"name":"Ganeshpur","kind":"hamlet","population":null,"osmId":7888719835},"geometry":{"type":"Point","coordinates":[78.40495,30.01371]}},{"type":"Feature","properties":{"name":"Atta","kind":"hamlet","population":null,"osmId":7888719836},"geometry":{"type":"Point","coordinates":[78.40194,30.01694]}},{"type":"Feature","properties":{"name":"Galigaon","kind":"hamlet","population":null,"osmId":7888719837},"geometry":{"type":"Point","coordinates":[78.40006,30.01524]}},{"type":"Feature","properties":{"name":"Dalmogi","kind":"hamlet","population":null,"osmId":7888719838},"geometry":{"type":"Point","coordinates":[78.38686,30.00868]}},{"type":"Feature","properties":{"name":"Gankia Danda","kind":"hamlet","population":null,"osmId":7888719839},"geometry":{"type":"Point","coordinates":[78.39381,30.0092]}},{"type":"Feature","properties":{"name":"Talla Naugaon","kind":"hamlet","population":null,"osmId":7888719840},"geometry":{"type":"Point","coordinates":[78.37739,30.00197]}},{"type":"Feature","properties":{"name":"Pamba","kind":"hamlet","population":null,"osmId":7888719841},"geometry":{"type":"Point","coordinates":[78.39102,29.99985]}},{"type":"Feature","properties":{"name":"Melopani","kind":"hamlet","population":null,"osmId":7888719842},"geometry":{"type":"Point","coordinates":[78.39901,30.00413]}},{"type":"Feature","properties":{"name":"Silwar","kind":"hamlet","population":null,"osmId":7888719843},"geometry":{"type":"Point","coordinates":[78.40837,30.00603]}},{"type":"Feature","properties":{"name":"Tungkhal","kind":"hamlet","population":null,"osmId":7888719844},"geometry":{"type":"Point","coordinates":[78.41515,30.00166]}},{"type":"Feature","properties":{"name":"Saur","kind":"hamlet","population":null,"osmId":7888719845},"geometry":{"type":"Point","coordinates":[78.42798,30.00558]}},{"type":"Feature","properties":{"name":"Gumalgaon","kind":"hamlet","population":null,"osmId":7888719846},"geometry":{"type":"Point","coordinates":[78.43668,30.00285]}},{"type":"Feature","properties":{"name":"Chubyani","kind":"hamlet","population":null,"osmId":7888719847},"geometry":{"type":"Point","coordinates":[78.44386,30.00038]}},{"type":"Feature","properties":{"name":"Budholi","kind":"hamlet","population":null,"osmId":7888719848},"geometry":{"type":"Point","coordinates":[78.45268,30.00319]}},{"type":"Feature","properties":{"name":"Barkot","kind":"hamlet","population":null,"osmId":7888719849},"geometry":{"type":"Point","coordinates":[78.457,30.00573]}},{"type":"Feature","properties":{"name":"Kaprana","kind":"hamlet","population":null,"osmId":7888719850},"geometry":{"type":"Point","coordinates":[78.46297,29.99959]}},{"type":"Feature","properties":{"name":"Bairagarh","kind":"hamlet","population":null,"osmId":7889169906},"geometry":{"type":"Point","coordinates":[78.37318,30.06575]}},{"type":"Feature","properties":{"name":"Judda","kind":"hamlet","population":null,"osmId":7889169907},"geometry":{"type":"Point","coordinates":[78.35887,30.07925]}},{"type":"Feature","properties":{"name":"Talain","kind":"hamlet","population":null,"osmId":7889169908},"geometry":{"type":"Point","coordinates":[78.36767,30.08309]}},{"type":"Feature","properties":{"name":"Amri","kind":"hamlet","population":null,"osmId":7889169909},"geometry":{"type":"Point","coordinates":[78.36427,30.07291]}},{"type":"Feature","properties":{"name":"Gyuntha","kind":"hamlet","population":null,"osmId":7889169910},"geometry":{"type":"Point","coordinates":[78.35816,30.07]}},{"type":"Feature","properties":{"name":"Maun","kind":"hamlet","population":null,"osmId":7889169911},"geometry":{"type":"Point","coordinates":[78.35603,30.07462]}},{"type":"Feature","properties":{"name":"Iriya","kind":"hamlet","population":null,"osmId":7889169912},"geometry":{"type":"Point","coordinates":[78.35252,30.06757]}},{"type":"Feature","properties":{"name":"Kuthar","kind":"hamlet","population":null,"osmId":7889169913},"geometry":{"type":"Point","coordinates":[78.34821,30.06843]}},{"type":"Feature","properties":{"name":"Bhaun","kind":"hamlet","population":null,"osmId":7889169914},"geometry":{"type":"Point","coordinates":[78.3376,30.07244]}},{"type":"Feature","properties":{"name":"Kharosha","kind":"hamlet","population":null,"osmId":7889169915},"geometry":{"type":"Point","coordinates":[78.34048,30.06376]}},{"type":"Feature","properties":{"name":"Banstola","kind":"hamlet","population":null,"osmId":7889169916},"geometry":{"type":"Point","coordinates":[78.34475,30.06077]}},{"type":"Feature","properties":{"name":"Devrana","kind":"hamlet","population":null,"osmId":7889169917},"geometry":{"type":"Point","coordinates":[78.3431,30.05483]}},{"type":"Feature","properties":{"name":"Paiyan","kind":"hamlet","population":null,"osmId":7889169918},"geometry":{"type":"Point","coordinates":[78.36087,30.04519]}},{"type":"Feature","properties":{"name":"Juledi","kind":"hamlet","population":null,"osmId":7889169919},"geometry":{"type":"Point","coordinates":[78.35308,30.0511]}},{"type":"Feature","properties":{"name":"Chamanpuri","kind":"hamlet","population":null,"osmId":7889169920},"geometry":{"type":"Point","coordinates":[78.33749,30.04794]}},{"type":"Feature","properties":{"name":"Dhamand","kind":"village","population":null,"osmId":7889169921},"geometry":{"type":"Point","coordinates":[78.3296,30.04335]}},{"type":"Feature","properties":{"name":"Patna","kind":"hamlet","population":null,"osmId":7889169922},"geometry":{"type":"Point","coordinates":[78.36335,30.11172]}},{"type":"Feature","properties":{"name":"Haldogi","kind":"hamlet","population":null,"osmId":7889169923},"geometry":{"type":"Point","coordinates":[78.35779,30.10805]}},{"type":"Feature","properties":{"name":"Amsur","kind":"hamlet","population":null,"osmId":7889169924},"geometry":{"type":"Point","coordinates":[78.35022,30.09364]}},{"type":"Feature","properties":{"name":"Bhadasi","kind":"hamlet","population":null,"osmId":7889169925},"geometry":{"type":"Point","coordinates":[78.35231,30.09701]}},{"type":"Feature","properties":{"name":"Marai","kind":"hamlet","population":null,"osmId":7889169926},"geometry":{"type":"Point","coordinates":[78.35286,30.09282]}},{"type":"Feature","properties":{"name":"Toli","kind":"hamlet","population":null,"osmId":7889169927},"geometry":{"type":"Point","coordinates":[78.3416,30.08523]}},{"type":"Feature","properties":{"name":"Pundrasu","kind":"hamlet","population":null,"osmId":7889169928},"geometry":{"type":"Point","coordinates":[78.3328,30.08755]}},{"type":"Feature","properties":{"name":"Gudanugaon","kind":"hamlet","population":null,"osmId":7889169929},"geometry":{"type":"Point","coordinates":[78.33117,30.1061]}},{"type":"Feature","properties":{"name":"Umara","kind":"hamlet","population":null,"osmId":7889219695},"geometry":{"type":"Point","coordinates":[78.3675,30.03451]}},{"type":"Feature","properties":{"name":"Amgadi","kind":"hamlet","population":null,"osmId":7889219696},"geometry":{"type":"Point","coordinates":[78.36182,30.03204]}},{"type":"Feature","properties":{"name":"Kumrana","kind":"hamlet","population":null,"osmId":7889219697},"geometry":{"type":"Point","coordinates":[78.35825,30.03893]}},{"type":"Feature","properties":{"name":"Majendi","kind":"hamlet","population":null,"osmId":7889219698},"geometry":{"type":"Point","coordinates":[78.35393,30.03908]}},{"type":"Feature","properties":{"name":"Binjakhet","kind":"hamlet","population":null,"osmId":7889219699},"geometry":{"type":"Point","coordinates":[78.34691,30.03958]}},{"type":"Feature","properties":{"name":"Dhausain","kind":"hamlet","population":null,"osmId":7889219700},"geometry":{"type":"Point","coordinates":[78.34623,30.03003]}},{"type":"Feature","properties":{"name":"Ghorkatal","kind":"hamlet","population":null,"osmId":7889219701},"geometry":{"type":"Point","coordinates":[78.3455,30.02584]}},{"type":"Feature","properties":{"name":"Danni Katal","kind":"hamlet","population":null,"osmId":7889219703},"geometry":{"type":"Point","coordinates":[78.3495,30.02183]}},{"type":"Feature","properties":{"name":"Dubra","kind":"hamlet","population":null,"osmId":7889219704},"geometry":{"type":"Point","coordinates":[78.36625,30.02008]}},{"type":"Feature","properties":{"name":"Bukandi","kind":"hamlet","population":null,"osmId":7889219707},"geometry":{"type":"Point","coordinates":[78.34297,30.00542]}},{"type":"Feature","properties":{"name":"Silkoli","kind":"hamlet","population":null,"osmId":7889219708},"geometry":{"type":"Point","coordinates":[78.33752,30.01656]}},{"type":"Feature","properties":{"name":"tola","kind":"hamlet","population":null,"osmId":7889219709},"geometry":{"type":"Point","coordinates":[78.33909,30.01058]}},{"type":"Feature","properties":{"name":"Bewala","kind":"hamlet","population":null,"osmId":7889219710},"geometry":{"type":"Point","coordinates":[78.33153,30.01136]}},{"type":"Feature","properties":{"name":"Banadora","kind":"hamlet","population":null,"osmId":7889219711},"geometry":{"type":"Point","coordinates":[78.33069,30.00889]}},{"type":"Feature","properties":{"name":"Satrak","kind":"hamlet","population":null,"osmId":7889219712},"geometry":{"type":"Point","coordinates":[78.33002,30.00506]}},{"type":"Feature","properties":{"name":"Nalani","kind":"hamlet","population":null,"osmId":7889219713},"geometry":{"type":"Point","coordinates":[78.32357,30.00205]}},{"type":"Feature","properties":{"name":"Keshubari","kind":"hamlet","population":null,"osmId":7889219714},"geometry":{"type":"Point","coordinates":[78.33291,30.02907]}},{"type":"Feature","properties":{"name":"Masniya Bani","kind":"village","population":null,"osmId":7944723363},"geometry":{"type":"Point","coordinates":[78.60088,30.14576]}},{"type":"Feature","properties":{"name":"Magtha Ragala","kind":"hamlet","population":null,"osmId":8002966575},"geometry":{"type":"Point","coordinates":[78.48365,29.98832]}},{"type":"Feature","properties":{"name":"Bhapur","kind":"hamlet","population":null,"osmId":8002966576},"geometry":{"type":"Point","coordinates":[78.46499,29.99477]}},{"type":"Feature","properties":{"name":"Dhunga Talla","kind":"hamlet","population":null,"osmId":8002966578},"geometry":{"type":"Point","coordinates":[78.46131,29.9559]}},{"type":"Feature","properties":{"name":"Dhunga Bhichhla","kind":"hamlet","population":null,"osmId":8002966579},"geometry":{"type":"Point","coordinates":[78.46505,29.95794]}},{"type":"Feature","properties":{"name":"Dhunga Malla","kind":"hamlet","population":null,"osmId":8002966580},"geometry":{"type":"Point","coordinates":[78.45826,29.96438]}},{"type":"Feature","properties":{"name":"Sarwat Raur","kind":"hamlet","population":null,"osmId":8002966581},"geometry":{"type":"Point","coordinates":[78.46721,29.96998]}},{"type":"Feature","properties":{"name":"Raur palla","kind":"hamlet","population":null,"osmId":8002966582},"geometry":{"type":"Point","coordinates":[78.47182,29.97264]}},{"type":"Feature","properties":{"name":"Raurgaon","kind":"hamlet","population":null,"osmId":8002966583},"geometry":{"type":"Point","coordinates":[78.48895,29.96536]}},{"type":"Feature","properties":{"name":"Naugaon","kind":"hamlet","population":null,"osmId":8002966584},"geometry":{"type":"Point","coordinates":[78.49486,29.97062]}},{"type":"Feature","properties":{"name":"Bagurgaon","kind":"hamlet","population":null,"osmId":8002983085},"geometry":{"type":"Point","coordinates":[78.49002,29.97328]}},{"type":"Feature","properties":{"name":"Chopra","kind":"village","population":null,"osmId":8002983086},"geometry":{"type":"Point","coordinates":[78.49743,29.97886]}},{"type":"Feature","properties":{"name":"Thatelgaon","kind":"hamlet","population":null,"osmId":8002983087},"geometry":{"type":"Point","coordinates":[78.48824,29.98253]}},{"type":"Feature","properties":{"name":"Gouiyon","kind":"hamlet","population":null,"osmId":8002983088},"geometry":{"type":"Point","coordinates":[78.48773,29.99224]}},{"type":"Feature","properties":{"name":"Bishtudanda","kind":"village","population":null,"osmId":8002994219},"geometry":{"type":"Point","coordinates":[78.47722,29.92205]}},{"type":"Feature","properties":{"name":"Burgaon","kind":"village","population":null,"osmId":8002994220},"geometry":{"type":"Point","coordinates":[78.46684,29.92438]}},{"type":"Feature","properties":{"name":"Bagelgaon","kind":"hamlet","population":null,"osmId":8002994221},"geometry":{"type":"Point","coordinates":[78.4633,29.91687]}},{"type":"Feature","properties":{"name":"Khandiyalgaon","kind":"hamlet","population":null,"osmId":8002994222},"geometry":{"type":"Point","coordinates":[78.49811,29.9167]}},{"type":"Feature","properties":{"name":"Rankota","kind":"village","population":null,"osmId":8002994223},"geometry":{"type":"Point","coordinates":[78.49783,29.92093]}},{"type":"Feature","properties":{"name":"Pathola","kind":"village","population":null,"osmId":8002994224},"geometry":{"type":"Point","coordinates":[78.49459,29.93961]}},{"type":"Feature","properties":{"name":"Rikhera","kind":"village","population":null,"osmId":8002994225},"geometry":{"type":"Point","coordinates":[78.48895,29.94807]}},{"type":"Feature","properties":{"name":"Devi Ka Danda","kind":"hamlet","population":null,"osmId":8002994226},"geometry":{"type":"Point","coordinates":[78.48169,29.95579]}},{"type":"Feature","properties":{"name":"Banchuri","kind":"village","population":null,"osmId":8002994227},"geometry":{"type":"Point","coordinates":[78.48633,29.95614]}},{"type":"Feature","properties":{"name":"Chopra","kind":"village","population":null,"osmId":8002994228},"geometry":{"type":"Point","coordinates":[78.47373,29.93098]}},{"type":"Feature","properties":{"name":"Bisi","kind":"village","population":null,"osmId":8002994229},"geometry":{"type":"Point","coordinates":[78.47997,29.93162]}},{"type":"Feature","properties":{"name":"Khohra","kind":"village","population":null,"osmId":8002994230},"geometry":{"type":"Point","coordinates":[78.47502,29.93828]}},{"type":"Feature","properties":{"name":"Tida","kind":"village","population":null,"osmId":8003035198},"geometry":{"type":"Point","coordinates":[78.48365,29.9035]}},{"type":"Feature","properties":{"name":"Bhatgaon","kind":"hamlet","population":null,"osmId":8003035199},"geometry":{"type":"Point","coordinates":[78.49596,29.9011]}},{"type":"Feature","properties":{"name":"Jaygaon","kind":"hamlet","population":null,"osmId":8003035200},"geometry":{"type":"Point","coordinates":[78.4939,29.90502]}},{"type":"Feature","properties":{"name":"Lakhwar","kind":"village","population":null,"osmId":8003035202},"geometry":{"type":"Point","coordinates":[78.48088,29.91425]}},{"type":"Feature","properties":{"name":"Kunkunta","kind":"village","population":null,"osmId":8003035203},"geometry":{"type":"Point","coordinates":[78.47483,29.91501]}},{"type":"Feature","properties":{"name":"Badiyon","kind":"village","population":null,"osmId":8003035204},"geometry":{"type":"Point","coordinates":[78.47618,29.91241]}},{"type":"Feature","properties":{"name":"Badoli","kind":"village","population":null,"osmId":8003035205},"geometry":{"type":"Point","coordinates":[78.47337,29.90372]}},{"type":"Feature","properties":{"name":"Dhargal","kind":"hamlet","population":null,"osmId":8003035206},"geometry":{"type":"Point","coordinates":[78.46786,29.90939]}},{"type":"Feature","properties":{"name":"Dandabink","kind":"hamlet","population":null,"osmId":8003035207},"geometry":{"type":"Point","coordinates":[78.45697,29.91421]}},{"type":"Feature","properties":{"name":"Bithayani","kind":"village","population":null,"osmId":8003063417},"geometry":{"type":"Point","coordinates":[78.44369,29.96211]}},{"type":"Feature","properties":{"name":"Majhera","kind":"village","population":null,"osmId":8003063418},"geometry":{"type":"Point","coordinates":[78.41511,29.9649]}},{"type":"Feature","properties":{"name":"Piproli","kind":"hamlet","population":null,"osmId":8003063419},"geometry":{"type":"Point","coordinates":[78.42286,29.96042]}},{"type":"Feature","properties":{"name":"Munjra","kind":"village","population":null,"osmId":8003063420},"geometry":{"type":"Point","coordinates":[78.43485,29.96006]}},{"type":"Feature","properties":{"name":"Choi Damrara","kind":"village","population":null,"osmId":8003063421},"geometry":{"type":"Point","coordinates":[78.4331,29.9651]}},{"type":"Feature","properties":{"name":"Jiya Damrara","kind":"village","population":null,"osmId":8003063422},"geometry":{"type":"Point","coordinates":[78.43566,29.97141]}},{"type":"Feature","properties":{"name":"Dandamra","kind":"hamlet","population":null,"osmId":8003063423},"geometry":{"type":"Point","coordinates":[78.44225,29.97657]}},{"type":"Feature","properties":{"name":"Amola","kind":"hamlet","population":null,"osmId":8003063424},"geometry":{"type":"Point","coordinates":[78.42603,29.98027]}},{"type":"Feature","properties":{"name":"Unirauli","kind":"village","population":null,"osmId":8003063425},"geometry":{"type":"Point","coordinates":[78.41669,29.9876]}},{"type":"Feature","properties":{"name":"Jamligaon","kind":"hamlet","population":null,"osmId":8003063426},"geometry":{"type":"Point","coordinates":[78.43078,29.9941]}},{"type":"Feature","properties":{"name":"Gahegaon","kind":"hamlet","population":null,"osmId":8003063427},"geometry":{"type":"Point","coordinates":[78.42127,29.99874]}},{"type":"Feature","properties":{"name":"Pokhri","kind":"village","population":null,"osmId":8003063428},"geometry":{"type":"Point","coordinates":[78.42062,29.99644]}},{"type":"Feature","properties":{"name":"Pata","kind":"village","population":null,"osmId":8003063429},"geometry":{"type":"Point","coordinates":[78.43522,29.9894]}},{"type":"Feature","properties":{"name":"Pilkheri","kind":"village","population":null,"osmId":8003063430},"geometry":{"type":"Point","coordinates":[78.4526,29.97669]}},{"type":"Feature","properties":{"name":"Timli Dalli","kind":"village","population":null,"osmId":8003063431},"geometry":{"type":"Point","coordinates":[78.44899,29.98505]}},{"type":"Feature","properties":{"name":"Timli Walli","kind":"village","population":null,"osmId":8003063432},"geometry":{"type":"Point","coordinates":[78.44625,29.98756]}},{"type":"Feature","properties":{"name":"Chubyari","kind":"hamlet","population":null,"osmId":8003063433},"geometry":{"type":"Point","coordinates":[78.44504,29.99652]}},{"type":"Feature","properties":{"name":"Gumalgaon","kind":"hamlet","population":null,"osmId":8003063434},"geometry":{"type":"Point","coordinates":[78.44308,29.99878]}},{"type":"Feature","properties":{"name":"Ranjwala","kind":"hamlet","population":null,"osmId":8003086369},"geometry":{"type":"Point","coordinates":[78.36623,29.94331]}},{"type":"Feature","properties":{"name":"Kimsari","kind":"hamlet","population":null,"osmId":8003086370},"geometry":{"type":"Point","coordinates":[78.37046,29.9496]}},{"type":"Feature","properties":{"name":"Begra","kind":"hamlet","population":null,"osmId":8003086371},"geometry":{"type":"Point","coordinates":[78.36614,29.95224]}},{"type":"Feature","properties":{"name":"Digoli","kind":"hamlet","population":null,"osmId":8003086372},"geometry":{"type":"Point","coordinates":[78.37359,29.95665]}},{"type":"Feature","properties":{"name":"Sakle Ki Bari","kind":"hamlet","population":null,"osmId":8003086373},"geometry":{"type":"Point","coordinates":[78.38348,29.96081]}},{"type":"Feature","properties":{"name":"Dandi","kind":"hamlet","population":null,"osmId":8003086374},"geometry":{"type":"Point","coordinates":[78.37297,29.96094]}},{"type":"Feature","properties":{"name":"Kota","kind":"hamlet","population":null,"osmId":8003086375},"geometry":{"type":"Point","coordinates":[78.36797,29.9741]}},{"type":"Feature","properties":{"name":"Silori","kind":"village","population":null,"osmId":8003086376},"geometry":{"type":"Point","coordinates":[78.36741,29.98912]}},{"type":"Feature","properties":{"name":"Uddha","kind":"village","population":null,"osmId":8003086377},"geometry":{"type":"Point","coordinates":[78.36807,29.99696]}},{"type":"Feature","properties":{"name":"Jogiyana","kind":"village","population":null,"osmId":8003097759},"geometry":{"type":"Point","coordinates":[78.37874,29.99614]}},{"type":"Feature","properties":{"name":"Toli","kind":"hamlet","population":null,"osmId":8003097760},"geometry":{"type":"Point","coordinates":[78.37421,29.99878]}},{"type":"Feature","properties":{"name":"Hanali","kind":"hamlet","population":null,"osmId":8003097761},"geometry":{"type":"Point","coordinates":[78.39721,29.99713]}},{"type":"Feature","properties":{"name":"Kujeth","kind":"hamlet","population":null,"osmId":8003097762},"geometry":{"type":"Point","coordinates":[78.39673,29.99517]}},{"type":"Feature","properties":{"name":"Bajeth","kind":"hamlet","population":null,"osmId":8003097763},"geometry":{"type":"Point","coordinates":[78.39773,29.9925]}},{"type":"Feature","properties":{"name":"Jamal","kind":"hamlet","population":null,"osmId":8003097764},"geometry":{"type":"Point","coordinates":[78.40399,29.99098]}},{"type":"Feature","properties":{"name":"Kanda","kind":"hamlet","population":null,"osmId":8003097765},"geometry":{"type":"Point","coordinates":[78.39837,29.98151]}},{"type":"Feature","properties":{"name":"Kota Talla","kind":"hamlet","population":null,"osmId":8003097766},"geometry":{"type":"Point","coordinates":[78.39176,29.98118]}},{"type":"Feature","properties":{"name":"Chiloli","kind":"hamlet","population":null,"osmId":8003097767},"geometry":{"type":"Point","coordinates":[78.37651,29.97858]}},{"type":"Feature","properties":{"name":"Ranchula","kind":"hamlet","population":null,"osmId":8003097768},"geometry":{"type":"Point","coordinates":[78.39157,29.97351]}},{"type":"Feature","properties":{"name":"Baunseli","kind":"hamlet","population":null,"osmId":8003097769},"geometry":{"type":"Point","coordinates":[78.39183,29.95951]}},{"type":"Feature","properties":{"name":"Thunda","kind":"village","population":null,"osmId":8003097770},"geometry":{"type":"Point","coordinates":[78.40601,29.96315]}},{"type":"Feature","properties":{"name":"Badoli Malli","kind":"hamlet","population":null,"osmId":8003097771},"geometry":{"type":"Point","coordinates":[78.40758,29.97263]}},{"type":"Feature","properties":{"name":"Badoli Palli","kind":"hamlet","population":null,"osmId":8003097772},"geometry":{"type":"Point","coordinates":[78.40601,29.97455]}},{"type":"Feature","properties":{"name":"Jamkeshwar","kind":"hamlet","population":null,"osmId":8003097773},"geometry":{"type":"Point","coordinates":[78.40702,29.97611]}},{"type":"Feature","properties":{"name":"Seldi","kind":"hamlet","population":null,"osmId":8003097774},"geometry":{"type":"Point","coordinates":[78.41011,29.97999]}},{"type":"Feature","properties":{"name":"Bareth","kind":"hamlet","population":null,"osmId":8003097775},"geometry":{"type":"Point","coordinates":[78.41067,29.99471]}},{"type":"Feature","properties":{"name":"Garakot","kind":"hamlet","population":null,"osmId":8003129515},"geometry":{"type":"Point","coordinates":[78.37272,29.90559]}},{"type":"Feature","properties":{"name":"Nahkhet","kind":"hamlet","population":null,"osmId":8003129516},"geometry":{"type":"Point","coordinates":[78.37,29.91124]}},{"type":"Feature","properties":{"name":"Avvi","kind":"hamlet","population":null,"osmId":8003807417},"geometry":{"type":"Point","coordinates":[78.41346,29.95891]}},{"type":"Feature","properties":{"name":"Phedua","kind":"hamlet","population":null,"osmId":8003807418},"geometry":{"type":"Point","coordinates":[78.44028,29.93378]}},{"type":"Feature","properties":{"name":"Sila","kind":"hamlet","population":null,"osmId":8003807419},"geometry":{"type":"Point","coordinates":[78.43337,29.93361]}},{"type":"Feature","properties":{"name":"Dalkatal","kind":"hamlet","population":null,"osmId":8003807420},"geometry":{"type":"Point","coordinates":[78.42824,29.92804]}},{"type":"Feature","properties":{"name":"Kandara","kind":"hamlet","population":null,"osmId":8003807421},"geometry":{"type":"Point","coordinates":[78.42474,29.9255]}},{"type":"Feature","properties":{"name":"Timalkyani","kind":"hamlet","population":null,"osmId":8003807422},"geometry":{"type":"Point","coordinates":[78.41964,29.92167]}},{"type":"Feature","properties":{"name":"Harsoli","kind":"hamlet","population":null,"osmId":8003807423},"geometry":{"type":"Point","coordinates":[78.42689,29.93448]}},{"type":"Feature","properties":{"name":"Silakatal","kind":"hamlet","population":null,"osmId":8003807424},"geometry":{"type":"Point","coordinates":[78.41992,29.94065]}},{"type":"Feature","properties":{"name":"Jiyakatal","kind":"hamlet","population":null,"osmId":8003807425},"geometry":{"type":"Point","coordinates":[78.423,29.94161]}},{"type":"Feature","properties":{"name":"Giyakhaja","kind":"hamlet","population":null,"osmId":8003807426},"geometry":{"type":"Point","coordinates":[78.4247,29.94519]}},{"type":"Feature","properties":{"name":"Ransara","kind":"hamlet","population":null,"osmId":8003807427},"geometry":{"type":"Point","coordinates":[78.42893,29.95218]}},{"type":"Feature","properties":{"name":"Malekh","kind":"hamlet","population":null,"osmId":8003807428},"geometry":{"type":"Point","coordinates":[78.43818,29.95521]}},{"type":"Feature","properties":{"name":"Thingabani","kind":"hamlet","population":null,"osmId":8003807429},"geometry":{"type":"Point","coordinates":[78.43644,29.94114]}},{"type":"Feature","properties":{"name":"Ranchur","kind":"hamlet","population":null,"osmId":8003807430},"geometry":{"type":"Point","coordinates":[78.44296,29.94893]}},{"type":"Feature","properties":{"name":"Thangar","kind":"village","population":null,"osmId":8003807431},"geometry":{"type":"Point","coordinates":[78.44852,29.94991]}},{"type":"Feature","properties":{"name":"Amgaon","kind":"hamlet","population":null,"osmId":8003807432},"geometry":{"type":"Point","coordinates":[78.4574,29.95031]}},{"type":"Feature","properties":{"name":"Kolsi","kind":"village","population":null,"osmId":8003807433},"geometry":{"type":"Point","coordinates":[78.45753,29.94151]}},{"type":"Feature","properties":{"name":"Dinda","kind":"hamlet","population":null,"osmId":8003807435},"geometry":{"type":"Point","coordinates":[78.45187,29.93431]}},{"type":"Feature","properties":{"name":"Gawari","kind":"hamlet","population":null,"osmId":8003807436},"geometry":{"type":"Point","coordinates":[78.45433,29.93135]}},{"type":"Feature","properties":{"name":"Kukarpani Sot","kind":"hamlet","population":null,"osmId":8003807437},"geometry":{"type":"Point","coordinates":[78.44316,29.92849]}},{"type":"Feature","properties":{"name":"Pudiyana","kind":"hamlet","population":null,"osmId":8003807438},"geometry":{"type":"Point","coordinates":[78.44039,29.92398]}},{"type":"Feature","properties":{"name":"Badyun","kind":"village","population":null,"osmId":8003807439},"geometry":{"type":"Point","coordinates":[78.45584,29.92693]}},{"type":"Feature","properties":{"name":"Lamkhet","kind":"hamlet","population":null,"osmId":8003807440},"geometry":{"type":"Point","coordinates":[78.45097,29.92222]}},{"type":"Feature","properties":{"name":"Tuna","kind":"hamlet","population":null,"osmId":8003807441},"geometry":{"type":"Point","coordinates":[78.44261,29.92038]}},{"type":"Feature","properties":{"name":"Airoli","kind":"hamlet","population":null,"osmId":8003807442},"geometry":{"type":"Point","coordinates":[78.44399,29.91767]}},{"type":"Feature","properties":{"name":"Nisni","kind":"hamlet","population":null,"osmId":8003807443},"geometry":{"type":"Point","coordinates":[78.43938,29.91521]}},{"type":"Feature","properties":{"name":"Mungaon","kind":"hamlet","population":null,"osmId":8003807444},"geometry":{"type":"Point","coordinates":[78.43364,29.90513]}},{"type":"Feature","properties":{"name":"Harsu","kind":"hamlet","population":null,"osmId":8003807445},"geometry":{"type":"Point","coordinates":[78.45635,29.90074]}},{"type":"Feature","properties":{"name":"Tacchla","kind":"hamlet","population":null,"osmId":8003807459},"geometry":{"type":"Point","coordinates":[78.40912,29.90132]}},{"type":"Feature","properties":{"name":"Uliyal","kind":"hamlet","population":null,"osmId":8003830845},"geometry":{"type":"Point","coordinates":[78.34473,29.94491]}},{"type":"Feature","properties":{"name":"Jogiyana","kind":"village","population":null,"osmId":8003830846},"geometry":{"type":"Point","coordinates":[78.35509,29.9509]}},{"type":"Feature","properties":{"name":"Bhumiyasari","kind":"hamlet","population":null,"osmId":8003830847},"geometry":{"type":"Point","coordinates":[78.34061,29.95663]}},{"type":"Feature","properties":{"name":"Sanspun","kind":"hamlet","population":null,"osmId":8003830848},"geometry":{"type":"Point","coordinates":[78.33366,29.99414]}},{"type":"Feature","properties":{"name":"Sairaki","kind":"hamlet","population":null,"osmId":8003830849},"geometry":{"type":"Point","coordinates":[78.33821,29.99949]}},{"type":"Feature","properties":{"name":"Dawaidi","kind":"hamlet","population":null,"osmId":8003830850},"geometry":{"type":"Point","coordinates":[78.34875,29.99078]}},{"type":"Feature","properties":{"name":"Churgadi","kind":"hamlet","population":null,"osmId":8003830851},"geometry":{"type":"Point","coordinates":[78.3516,29.98295]}},{"type":"Feature","properties":{"name":"Simalkhet","kind":"hamlet","population":null,"osmId":8003830852},"geometry":{"type":"Point","coordinates":[78.33688,29.96765]}},{"type":"Feature","properties":{"name":"Kasani","kind":"hamlet","population":null,"osmId":8003830853},"geometry":{"type":"Point","coordinates":[78.3346,29.95981]}},{"type":"Feature","properties":{"name":"Banda Malla","kind":"hamlet","population":null,"osmId":8003830854},"geometry":{"type":"Point","coordinates":[78.34797,29.95964]}},{"type":"Feature","properties":{"name":"Aulankatal","kind":"hamlet","population":null,"osmId":8003830855},"geometry":{"type":"Point","coordinates":[78.35492,29.9672]}},{"type":"Feature","properties":{"name":"Mauja Saijad","kind":"hamlet","population":null,"osmId":8003830856},"geometry":{"type":"Point","coordinates":[78.35518,29.97196]}},{"type":"Feature","properties":{"name":"Khaijana Tok","kind":"village","population":null,"osmId":8003830857},"geometry":{"type":"Point","coordinates":[78.35318,29.97533]}},{"type":"Feature","properties":{"name":"Talai","kind":"village","population":null,"osmId":8003830858},"geometry":{"type":"Point","coordinates":[78.34962,29.97745]}},{"type":"Feature","properties":{"name":"Amkarat","kind":"village","population":null,"osmId":8003830859},"geometry":{"type":"Point","coordinates":[78.33529,29.98581]}},{"type":"Feature","properties":{"name":"Baunseli Talli","kind":"hamlet","population":null,"osmId":8003870261},"geometry":{"type":"Point","coordinates":[78.3819,29.95823]}},{"type":"Feature","properties":{"name":"Kanur","kind":"hamlet","population":null,"osmId":8003870262},"geometry":{"type":"Point","coordinates":[78.37949,29.95282]}},{"type":"Feature","properties":{"name":"Hathitham","kind":"hamlet","population":null,"osmId":8003870263},"geometry":{"type":"Point","coordinates":[78.3987,29.95339]}},{"type":"Feature","properties":{"name":"Amdhar","kind":"hamlet","population":null,"osmId":8003870264},"geometry":{"type":"Point","coordinates":[78.37893,29.93898]}},{"type":"Feature","properties":{"name":"Halgao","kind":"hamlet","population":null,"osmId":8003870265},"geometry":{"type":"Point","coordinates":[78.3997,29.94376]}},{"type":"Feature","properties":{"name":"Amdhar","kind":"hamlet","population":null,"osmId":8003870266},"geometry":{"type":"Point","coordinates":[78.3938,29.93664]}},{"type":"Feature","properties":{"name":"Debiyana","kind":"hamlet","population":null,"osmId":8003870267},"geometry":{"type":"Point","coordinates":[78.40054,29.9327]}},{"type":"Feature","properties":{"name":"Dharkot","kind":"hamlet","population":null,"osmId":8003870268},"geometry":{"type":"Point","coordinates":[78.38035,29.92362]}},{"type":"Feature","properties":{"name":"Kanchunda","kind":"hamlet","population":null,"osmId":8003870269},"geometry":{"type":"Point","coordinates":[78.39854,29.92217]}},{"type":"Feature","properties":{"name":"Kandei","kind":"hamlet","population":null,"osmId":8003870270},"geometry":{"type":"Point","coordinates":[78.41442,29.92079]}},{"type":"Feature","properties":{"name":"Garhikotal","kind":"hamlet","population":null,"osmId":8003870271},"geometry":{"type":"Point","coordinates":[78.41337,29.94614]}},{"type":"Feature","properties":{"name":"Mala","kind":"village","population":null,"osmId":8003870272},"geometry":{"type":"Point","coordinates":[78.41475,29.95138]}},{"type":"Feature","properties":{"name":"Gundi Talli","kind":"hamlet","population":null,"osmId":8003870273},"geometry":{"type":"Point","coordinates":[78.40554,29.95228]}},{"type":"Feature","properties":{"name":"Gundi Malli","kind":"hamlet","population":null,"osmId":8003870274},"geometry":{"type":"Point","coordinates":[78.40575,29.95486]}},{"type":"Feature","properties":{"name":"Bhaun","kind":"hamlet","population":null,"osmId":8273026814},"geometry":{"type":"Point","coordinates":[78.33923,30.10872]}},{"type":"Feature","properties":{"name":"Khairgal","kind":"hamlet","population":null,"osmId":10809898962},"geometry":{"type":"Point","coordinates":[78.34162,30.10569]}},{"type":"Feature","properties":{"name":"Malli","kind":"hamlet","population":null,"osmId":10813290303},"geometry":{"type":"Point","coordinates":[78.33909,30.13655]}},{"type":"Feature","properties":{"name":"Bhagwatipuram Colony","kind":"hamlet","population":null,"osmId":11476306713},"geometry":{"type":"Point","coordinates":[78.1234,29.91643]}},{"type":"Feature","properties":{"name":"Chak Jogiwala","kind":"village","population":null,"osmId":13728016471},"geometry":{"type":"Point","coordinates":[78.19131,30.08058]}}]}